test_id,wafer_id,die_id,equipment_id,test_station,process_corner,supply_voltage,output_voltage,current,leakage_current,resistance,capacitance,threshold_voltage,frequency,propagation_delay,setup_time,hold_time,timing_margin,temperature,thermal_delta,dynamic_power,static_power,total_power,ambient_temperature,test_duration,test_cycle,result,defect_type
TST-000001,WFR-02,DIE-0814,EQP-105,STN-02,FF,1.2316,1.2141,46.201,1.8651,12.272,3.9507,0.4417,2.8179,11.1536,0.8116,0.4415,1.3426,27.07,2.07,52.4101,0.0023,52.4124,25,149.85,3,PASS,NORMAL
TST-000002,WFR-03,DIE-1527,EQP-103,STN-03,SF,1.2068,1.1849,45.788,1.4671,12.7574,4.163,0.4416,2.5284,12.6569,0.8885,0.4363,1.2861,27.85,2.85,55.9336,0.00177,55.93537,25,146.71,5,PASS,NORMAL
TST-000003,WFR-04,DIE-2240,EQP-103,STN-01,SS,1.2223,1.2083,47.0034,1.6411,13.2099,4.1203,0.4715,2.331,14.0609,0.8629,0.4077,1.1637,26.3,1.3,55.6248,0.00201,55.62681,25,148.73,4,PASS,NORMAL
TST-000004,WFR-05,DIE-2903,EQP-104,STN-02,FF,1.2012,1.1781,45.5395,1.8802,12.3078,4.3019,0.4582,2.6651,11.6256,0.8291,0.4173,1.6161,26.95,1.95,58.6775,0.00226,58.67976,25,149.07,5,PASS,NORMAL
TST-000005,WFR-06,DIE-3616,EQP-101,STN-03,SF,1.1768,1.162,44.6371,1.4676,12.4872,4.1323,0.4624,2.4835,12.6994,0.8519,0.4201,1.5484,26.89,1.89,53.797,0.00173,53.79873,25,150.89,2,PASS,NORMAL
TST-000006,WFR-07,DIE-4329,EQP-105,STN-04,FS,1.2033,1.1875,43.1769,1.5101,12.7548,4.27,0.4384,2.5532,12.1703,0.8575,0.3985,1.6597,27.24,2.24,57.8846,0.00182,57.88642,25,156.29,2,PASS,NORMAL
TST-000007,WFR-08,DIE-5042,EQP-105,STN-02,FS,1.2067,1.186,44.1206,1.4543,12.8199,4.3938,0.4423,2.5554,12.1929,0.9256,0.4219,1.5563,27.61,2.61,51.9632,0.00175,51.96495,25,148.17,3,PASS,NORMAL
TST-000008,WFR-09,DIE-0705,EQP-103,STN-04,FF,1.1893,1.1683,42.8554,1.586,11.856,4.2142,0.4657,2.6473,11.7507,0.9005,0.4184,1.5142,26.75,1.75,55.714,0.00189,55.71589,25,145.82,4,PASS,NORMAL
TST-000009,WFR-10,DIE-1418,EQP-105,STN-04,FS,1.2042,1.1812,44.9359,1.5408,12.8919,4.3502,0.4369,2.592,12.8745,0.8569,0.4295,0.7362,27.67,2.67,53.9066,0.00186,53.90846,25,150.98,5,PASS,NORMAL
TST-000010,WFR-11,DIE-2131,EQP-105,STN-02,SF,0.9117,0.9037,43.6657,1.527,12.7884,4.2155,0.4545,1.9561,12.809,0.866,0.4113,-0.3844,28.7,3.7,51.0225,0.00139,51.02389,25,152.62,5,FAIL,LOW_VOLTAGE
TST-000011,WFR-12,DIE-2844,EQP-103,STN-03,SF,1.1861,1.1618,45.1125,1.2729,12.6579,4.1832,0.4784,2.4171,12.1408,0.8638,0.4194,2.5099,26.53,1.53,54.6317,0.00151,54.63321,25,150.65,4,PASS,NORMAL
TST-000012,WFR-13,DIE-3507,EQP-102,STN-03,FF,1.2102,1.1934,46.0179,1.9311,12.4889,4.2166,0.4505,2.6376,11.5277,0.8203,0.4214,1.8695,26.38,1.38,57.0678,0.00234,57.07014,25,158.59,4,PASS,NORMAL
TST-000013,WFR-14,DIE-4220,EQP-103,STN-01,FS,1.1924,1.1721,45.1582,1.5911,12.6014,4.189,0.4468,2.4651,12.8747,0.8652,0.4183,1.4725,28.06,3.06,59.2122,0.0019,59.2141,25,152.31,2,PASS,NORMAL
TST-000014,WFR-15,DIE-4933,EQP-102,STN-03,FF,1.201,1.1839,44.3004,1.6539,13.1438,4.3823,0.4355,2.735,11.4883,0.8847,0.4188,1.3382,27.34,2.34,53.8837,0.00199,53.88569,25,147.22,1,PASS,NORMAL
TST-000015,WFR-16,DIE-0646,EQP-101,STN-02,FS,1.2212,1.2012,46.0139,1.2376,12.6161,4.4749,0.4553,2.4177,12.2325,0.8309,0.4105,2.4472,27.58,2.58,53.624,0.00151,53.62551,25,145.42,5,PASS,NORMAL
TST-000016,WFR-17,DIE-1309,EQP-104,STN-02,SS,1.1663,1.149,44.3685,1.3417,12.3937,4.1365,0.4962,2.4029,13.6774,0.8816,0.4049,1.0471,25.72,0.72,56.1648,0.00156,56.16636,25,147.52,3,PASS,NORMAL
TST-000017,WFR-18,DIE-2022,EQP-105,STN-02,FS,1.2074,1.1828,45.7479,1.5367,12.0274,4.3773,0.4432,2.1191,18.8649,1.3891,0.4293,-2.9961,27.45,2.45,52.0332,0.00186,52.03506,25,151.21,3,FAIL,TIMING_FAILURE
TST-000018,WFR-19,DIE-2735,EQP-104,STN-03,SF,1.1967,1.174,45.0556,1.4646,12.1824,4.2798,0.4575,2.5916,11.7756,0.9051,0.4172,1.7891,28.69,3.69,51.6009,0.00175,51.60265,25,154.95,4,PASS,NORMAL
TST-000019,WFR-20,DIE-3448,EQP-101,STN-01,SF,1.178,1.1541,55.6937,8.511,12.4341,3.9823,0.4547,2.5168,12.947,0.8488,0.4388,1.1041,46.26,21.26,52.6655,0.01003,52.67553,25,150.79,5,FAIL,HIGH_LEAKAGE
TST-000020,WFR-01,DIE-4111,EQP-101,STN-04,SF,1.1918,1.1644,43.2827,1.3285,12.8506,4.4107,0.4549,2.4728,12.7537,0.8842,0.4173,1.5271,26.79,1.79,53.0234,0.00158,53.02498,25,151.1,4,PASS,NORMAL
TST-000021,WFR-02,DIE-4824,EQP-105,STN-02,SF,1.1991,1.1714,46.2593,1.4854,12.3026,4.5403,0.4603,2.5625,12.1609,0.8802,0.4074,1.593,26.65,1.65,55.1181,0.00178,55.11988,25,146.63,4,PASS,NORMAL
TST-000022,WFR-03,DIE-0537,EQP-103,STN-01,FF,1.1636,1.152,42.4857,1.586,16.2423,4.9448,0.6205,2.2148,15.635,0.802,0.4097,0.4946,26.39,1.39,53.6644,0.00185,53.66625,25,154.05,2,FAIL,PROCESS_VARIATION
TST-000023,WFR-04,DIE-1250,EQP-101,STN-04,FF,1.2006,1.1919,63.9627,7.6328,12.4596,4.2958,0.4359,2.6844,11.8884,0.8749,0.4254,1.2063,56.6,31.6,57.0386,0.00916,57.04776,25,149.66,3,FAIL,HIGH_LEAKAGE
TST-000024,WFR-05,DIE-1913,EQP-105,STN-02,TT,1.2291,1.2219,43.9715,1.6282,12.4731,4.1478,0.4718,2.5729,12.7301,0.8602,0.4136,0.9847,27.67,2.67,52.1723,0.002,52.1743,25,147.5,3,PASS,NORMAL
TST-000025,WFR-06,DIE-2626,EQP-105,STN-01,TT,1.2028,1.1824,43.9844,1.5332,12.5702,4.3282,0.4482,2.5559,12.5231,0.8553,0.4118,1.2935,27.04,2.04,56.8757,0.00184,56.87754,25,149.36,5,PASS,NORMAL
TST-000026,WFR-07,DIE-3339,EQP-101,STN-01,TT,1.1774,1.1588,52.4982,3.1125,11.9984,4.3717,0.4269,2.4284,12.1807,0.8311,0.4201,2.4305,98.94,73.94,53.527,0.00366,53.53066,25,149.53,1,FAIL,THERMAL_ANOMALY
TST-000027,WFR-08,DIE-4002,EQP-104,STN-03,SF,1.1804,1.1573,44.2148,1.5251,12.726,4.11,0.456,2.4372,13.1264,0.845,0.4011,1.4151,27.58,2.58,54.1531,0.0018,54.1549,25,151.35,4,PASS,NORMAL
TST-000028,WFR-09,DIE-4715,EQP-101,STN-02,SF,1.2076,1.1776,44.6362,1.6225,12.2437,4.3041,0.4576,2.5097,12.5826,0.8176,0.3925,1.5418,27.37,2.37,53.8763,0.00196,53.87826,25,155.19,2,PASS,NORMAL
TST-000029,WFR-10,DIE-0428,EQP-101,STN-02,FF,1.1843,1.1665,45.4645,1.7923,12.7728,4.3348,0.4441,2.612,11.3803,0.8976,0.3973,2.0789,25.92,0.92,55.261,0.00212,55.26312,25,145.69,4,PASS,NORMAL
TST-000030,WFR-11,DIE-1141,EQP-102,STN-02,FF,1.2019,1.1769,47.4986,1.4859,12.4213,4.2751,0.4478,2.6735,11.3469,0.8659,0.4107,1.8138,26.72,1.72,54.4676,0.00179,54.46939,25,147.08,3,PASS,NORMAL
TST-000031,WFR-12,DIE-1804,EQP-103,STN-04,FS,1.1938,1.1701,45.4577,1.3766,12.6915,4.1854,0.4339,2.5151,12.7712,0.891,0.4222,1.2477,27.03,2.03,52.4654,0.00164,52.46704,25,147.6,4,PASS,NORMAL
TST-000032,WFR-13,DIE-2517,EQP-103,STN-02,FS,1.2205,1.2004,64.7774,8.4698,12.1772,4.4044,0.4426,2.3967,12.5663,0.8263,0.3901,2.2539,50.43,25.43,49.5887,0.01034,49.59904,25,147.51,5,FAIL,HIGH_LEAKAGE
TST-000033,WFR-14,DIE-3230,EQP-103,STN-03,SS,1.2037,1.1818,45.8888,1.6983,12.9059,4.1498,0.4677,2.3037,13.1973,0.8972,0.3854,2.1837,27.48,2.48,58.5984,0.00204,58.60044,25,155.58,4,PASS,NORMAL
TST-000034,WFR-15,DIE-3943,EQP-101,STN-01,SS,0.9161,0.8986,44.7346,1.4698,11.9147,4.1895,0.4742,1.8813,13.9798,0.8424,0.3974,-0.5385,26.16,1.16,50.503,0.00135,50.50435,25,143.33,4,FAIL,LOW_VOLTAGE
TST-000035,WFR-16,DIE-4606,EQP-104,STN-01,FF,1.2224,1.2011,44.15,1.8773,11.3394,4.3379,0.4518,2.7501,11.5446,0.8469,0.4627,1.2444,28.26,3.26,52.0196,0.00229,52.02189,25,154.68,2,PASS,NORMAL
TST-000036,WFR-17,DIE-0319,EQP-105,STN-04,TT,1.1817,1.1545,43.9717,1.4356,12.623,4.181,0.4522,2.4689,12.5733,0.8927,0.437,1.723,26.7,1.7,53.4516,0.0017,53.4533,25,150.57,4,PASS,NORMAL
TST-000037,WFR-18,DIE-1032,EQP-101,STN-01,FF,1.2012,1.1829,44.3707,2.1029,12.2996,4.3356,0.4586,2.7434,11.5458,0.8714,0.4226,1.252,27.86,2.86,54.8854,0.00253,54.88793,25,146.73,1,PASS,NORMAL
TST-000038,WFR-19,DIE-1745,EQP-103,STN-02,SF,1.1687,1.1458,44.7055,1.2929,12.1334,4.1449,0.4511,2.625,11.7015,0.8323,0.4403,1.7519,30.01,5.01,48.7365,0.00151,48.73801,25,153.95,5,PASS,NORMAL
TST-000039,WFR-20,DIE-2408,EQP-105,STN-04,TT,1.1883,1.1735,45.9795,1.5242,12.3885,4.2359,0.4555,2.4628,12.4821,0.8392,0.4283,1.9053,26.68,1.68,58.9587,0.00181,58.96051,25,141.37,3,PASS,NORMAL
TST-000040,WFR-01,DIE-3121,EQP-102,STN-02,FF,1.2084,1.1841,41.847,1.9096,12.4069,4.3931,0.4499,2.6252,11.7374,0.871,0.4052,1.6762,27.26,2.26,53.2018,0.00231,53.20411,25,149.42,3,PASS,NORMAL
TST-000041,WFR-02,DIE-3834,EQP-101,STN-04,FS,1.1804,1.1608,44.3665,1.5262,12.6528,4.2952,0.4499,2.5819,11.7488,0.8763,0.4355,1.8991,25.79,0.79,52.6404,0.0018,52.6422,25,149.78,1,PASS,NORMAL
TST-000042,WFR-03,DIE-4547,EQP-101,STN-04,SS,1.1742,1.151,45.6396,1.6753,11.9844,4.3076,0.4685,2.2791,13.2185,0.8826,0.3964,2.3528,27.6,2.6,53.7326,0.00197,53.73457,25,150.42,1,PASS,NORMAL
TST-000043,WFR-04,DIE-0210,EQP-105,STN-02,TT,1.2149,1.1923,43.4996,1.3465,12.3068,4.254,0.4499,2.4578,12.5719,0.8455,0.434,1.8401,27.74,2.74,55.5155,0.00164,55.51714,25,151.52,4,PASS,NORMAL
TST-000044,WFR-05,DIE-0923,EQP-105,STN-03,FF,0.8381,0.8207,45.8928,1.669,12.5367,4.0128,0.4338,2.3277,11.4226,0.8379,0.4107,-0.5387,27.37,2.37,54.0598,0.0014,54.0612,25,154.05,3,FAIL,LOW_VOLTAGE
TST-000045,WFR-06,DIE-1636,EQP-105,STN-01,FF,1.2142,1.1901,47.4057,1.6698,12.7588,4.1791,0.4593,2.7293,11.2239,0.8727,0.4039,1.6432,26.89,1.89,52.1909,0.00203,52.19293,25,154.56,3,PASS,NORMAL
TST-000046,WFR-07,DIE-2349,EQP-101,STN-04,SF,1.2062,1.18,45.636,1.5882,12.4116,4.1766,0.4671,2.5434,12.6917,0.8841,0.4183,1.1682,28.94,3.94,52.6203,0.00192,52.62222,25,148.82,3,PASS,NORMAL
TST-000047,WFR-08,DIE-3012,EQP-101,STN-01,TT,1.1909,1.1648,44.5013,1.3914,12.5133,4.2898,0.4656,2.5126,12.6868,0.9126,0.4134,1.3254,27.02,2.02,52.8134,0.00166,52.81506,25,150.74,2,PASS,NORMAL
TST-000048,WFR-09,DIE-3725,EQP-105,STN-01,SF,1.1712,1.1542,44.2585,1.5111,12.2817,4.2154,0.4565,2.6251,12.2664,0.8816,0.4293,1.1372,26.41,1.41,56.0934,0.00177,56.09517,25,154.3,5,PASS,NORMAL
TST-000049,WFR-10,DIE-4438,EQP-104,STN-04,TT,1.2094,1.1818,45.5005,1.5749,12.425,4.0871,0.4349,2.5519,12.1798,0.818,0.4289,1.6971,26.92,1.92,53.8247,0.0019,53.8266,25,155.02,2,PASS,NORMAL
TST-000050,WFR-11,DIE-0101,EQP-102,STN-01,SF,1.1793,1.1574,46.4274,1.7402,13.1879,4.3334,0.432,2.5455,12.0796,0.8033,0.4182,1.849,27.6,2.6,53.9765,0.00205,53.97855,25,147.44,4,PASS,NORMAL
TST-000051,WFR-12,DIE-0814,EQP-105,STN-03,FF,1.2023,1.1854,41.4545,1.9112,13.0348,4.2207,0.4426,2.7384,11.8841,0.8077,0.4126,1.0023,26.48,1.48,54.1119,0.0023,54.1142,25,157.36,5,PASS,NORMAL
TST-000052,WFR-13,DIE-1527,EQP-105,STN-04,SF,1.186,1.171,43.1055,1.4977,12.3118,4.288,0.449,2.4936,12.508,0.8984,0.4225,1.6321,26.88,1.88,56.9165,0.00178,56.91828,25,146.94,1,PASS,NORMAL
TST-000053,WFR-14,DIE-2240,EQP-104,STN-04,FF,1.2025,1.1805,44.6857,1.7988,12.3104,4.1662,0.4464,2.62,11.2827,0.8862,0.4209,2.1441,28.26,3.26,53.204,0.00216,53.20616,25,151.67,5,PASS,NORMAL
TST-000054,WFR-15,DIE-2903,EQP-105,STN-02,FS,0.9179,0.8973,42.9979,1.5448,12.0117,4.2052,0.4372,1.8465,12.3352,0.8054,0.4198,-0.145,29.46,4.46,54.6485,0.00142,54.64992,25,154.7,2,FAIL,LOW_VOLTAGE
TST-000055,WFR-16,DIE-3616,EQP-104,STN-01,SS,1.2098,1.1899,44.407,1.4026,12.9412,4.2183,0.4767,2.1892,13.1348,0.8424,0.419,3.1523,27.58,2.58,54.4096,0.0017,54.4113,25,153.58,5,PASS,NORMAL
TST-000056,WFR-17,DIE-4329,EQP-103,STN-04,SS,1.2198,1.2041,49.3616,1.4378,12.7724,4.2123,0.4727,2.26,13.3288,0.8091,0.416,2.455,26.08,1.08,57.7839,0.00175,57.78565,25,150.3,5,PASS,NORMAL
TST-000057,WFR-18,DIE-5042,EQP-101,STN-01,FS,1.2078,1.1884,45.6291,1.5107,12.994,4.0793,0.457,2.4443,12.7931,0.8873,0.3963,1.6614,28.83,3.83,58.9546,0.00182,58.95642,25,145.51,5,PASS,NORMAL
TST-000058,WFR-19,DIE-0705,EQP-101,STN-03,SS,1.2111,1.1906,45.5039,1.5284,12.0983,4.265,0.4866,2.3681,13.336,0.8642,0.4185,1.6353,27.39,2.39,52.6829,0.00185,52.68475,25,144.35,5,PASS,NORMAL
TST-000059,WFR-20,DIE-1418,EQP-105,STN-02,SF,1.2021,1.1886,45.2382,1.2157,11.9667,4.1973,0.4534,2.5926,12.9673,0.8799,0.4154,0.617,27.39,2.39,57.6857,0.00146,57.68716,25,156.41,1,PASS,NORMAL
TST-000060,WFR-01,DIE-2131,EQP-101,STN-04,SF,1.2071,1.1878,45.6473,1.5063,12.6564,4.2689,0.455,2.5589,12.851,0.8696,0.4322,0.9341,26.78,1.78,54.5042,0.00182,54.50602,25,151.98,3,PASS,NORMAL
TST-000061,WFR-02,DIE-2844,EQP-102,STN-03,FF,1.1981,1.1724,47.6654,1.6982,12.5862,4.3436,0.4502,2.765,11.1496,0.9082,0.3902,1.5046,28,3,50.4478,0.00203,50.44983,25,147.88,5,PASS,NORMAL
TST-000062,WFR-03,DIE-3507,EQP-105,STN-02,SF,1.2136,1.1999,45.3284,1.5388,12.6498,4.2184,0.4392,2.556,12.8734,0.8062,0.4376,0.9918,26.69,1.69,54.2297,0.00187,54.23157,25,150.9,5,PASS,NORMAL
TST-000063,WFR-04,DIE-4220,EQP-105,STN-02,FF,1.1931,1.1806,66.8965,1.6153,11.9377,4.0828,0.4469,2.6727,11.5849,0.8541,0.3895,1.5918,39.91,14.91,109.0136,0.00193,109.01553,25,154.41,4,FAIL,POWER_ANOMALY
TST-000064,WFR-05,DIE-4933,EQP-105,STN-04,TT,1.1923,1.1758,45.8396,1.6762,12.6752,4.175,0.4315,2.4997,12.4782,0.7745,0.4377,1.7491,28.18,3.18,55.9638,0.002,55.9658,25,154.01,2,PASS,NORMAL
TST-000065,WFR-06,DIE-0646,EQP-101,STN-02,SS,1.2082,1.1871,44.4995,1.3647,12.0984,4.2964,0.4615,2.2914,13.0961,0.86,0.4385,2.4094,27.22,2.22,55.3077,0.00165,55.30935,25,154.7,2,PASS,NORMAL
TST-000066,WFR-07,DIE-1309,EQP-101,STN-03,SS,1.21,1.1804,44.7092,1.4499,12.7082,4.2747,0.4791,2.2219,13.0713,0.8302,0.4184,2.9759,28.91,3.91,59.0721,0.00175,59.07385,25,153.63,5,PASS,NORMAL
TST-000067,WFR-08,DIE-2022,EQP-102,STN-04,FS,1.2059,1.1878,45.5233,1.5428,12.0343,4.3012,0.4311,2.4731,12.325,0.8124,0.4306,2.0258,26.68,1.68,54.1433,0.00186,54.14516,25,147.5,5,PASS,NORMAL
TST-000068,WFR-09,DIE-2735,EQP-104,STN-01,SS,1.217,1.1993,44.386,1.6266,12.3967,4.1212,0.4708,2.2894,13.3973,0.8483,0.4285,2.1342,27.84,2.84,56.6885,0.00198,56.69048,25,151.61,5,PASS,NORMAL
TST-000069,WFR-10,DIE-3448,EQP-105,STN-03,FS,1.2076,1.1892,45.4193,1.6047,11.951,4.0545,0.4598,2.4651,12.3315,0.8628,0.4271,2.0181,28.16,3.16,51.6944,0.00194,51.69634,25,148.69,5,PASS,NORMAL
TST-000070,WFR-11,DIE-4111,EQP-102,STN-04,FF,1.2033,1.1884,46.8769,1.7089,11.92,4.2541,0.4146,2.7215,11.9162,0.847,0.3892,1.016,28.39,3.39,54.8505,0.00206,54.85256,25,148.05,5,PASS,NORMAL
TST-000071,WFR-12,DIE-4824,EQP-102,STN-02,TT,1.1761,1.1676,46.9194,1.3541,14.161,4.546,0.4649,2.5634,12.6379,0.878,0.4455,1.1131,28,3,57.6526,0.00159,57.65419,25,151,3,PASS,NORMAL
TST-000072,WFR-13,DIE-0537,EQP-105,STN-02,SS,1.2078,1.191,49.3304,1.372,11.8133,4.2538,0.4799,2.2716,13.2457,0.8533,0.4105,2.4092,28.07,3.07,55.4589,0.00166,55.46056,25,149.61,2,PASS,NORMAL
TST-000073,WFR-14,DIE-1250,EQP-103,STN-03,SF,1.2089,1.1795,47.7809,1.5102,12.0864,4.0864,0.4551,2.4706,12.5692,0.8672,0.4237,1.7421,27.17,2.17,51.1314,0.00183,51.13323,25,141.83,3,PASS,NORMAL
TST-000074,WFR-15,DIE-1913,EQP-101,STN-02,FF,1.211,1.1884,45.0776,1.5999,12.5259,4.1226,0.4441,2.7506,11.7023,0.8309,0.4348,1.1002,28.69,3.69,55.6866,0.00194,55.68854,25,150.81,3,PASS,NORMAL
TST-000075,WFR-16,DIE-2626,EQP-104,STN-02,FS,1.1653,1.1421,65.9664,6.9589,12.589,4.2601,0.4558,2.6261,12.6101,0.9077,0.4229,0.7619,52.04,27.04,53.3366,0.00811,53.34471,25,145.57,5,FAIL,HIGH_LEAKAGE
TST-000076,WFR-17,DIE-3339,EQP-101,STN-04,FS,1.1858,1.1533,46.0328,1.5152,12.082,4.4442,0.4409,2.5013,12.4356,0.8211,0.4294,1.7355,28.38,3.38,57.2855,0.0018,57.2873,25,154.19,5,PASS,NORMAL
TST-000077,WFR-18,DIE-4002,EQP-101,STN-03,SS,1.176,1.156,45.5782,1.7587,12.1196,4.3297,0.4597,2.3066,13.9352,0.8858,0.4152,1.4367,27.23,2.23,53.5604,0.00207,53.56247,25,159.18,3,PASS,NORMAL
TST-000078,WFR-19,DIE-4715,EQP-101,STN-01,TT,1.2013,1.1793,44.578,1.7101,12.4739,4.3482,0.4491,2.5497,12.0318,0.8771,0.4399,1.7987,27.25,2.25,52.8989,0.00205,52.90095,25,142.71,3,PASS,NORMAL
TST-000079,WFR-20,DIE-0428,EQP-103,STN-04,TT,1.2119,1.1906,44.6038,1.5699,12.3562,4.2649,0.4429,2.523,12.1996,0.827,0.4311,1.8367,27.69,2.69,51.6752,0.0019,51.6771,25,154.26,2,PASS,NORMAL
TST-000080,WFR-01,DIE-1141,EQP-101,STN-01,TT,1.2062,1.1914,43.4802,1.6927,12.8139,4.1511,0.4766,2.4846,12.7348,0.8609,0.4309,1.4973,28.16,3.16,53.7655,0.00204,53.76754,25,154.44,2,PASS,NORMAL
TST-000081,WFR-02,DIE-1804,EQP-104,STN-04,SS,1.1755,1.157,44.4384,1.7733,12.3814,4.3196,0.4694,2.2842,13.1964,0.8436,0.4068,2.3771,27.05,2.05,55.416,0.00208,55.41808,25,147.27,1,PASS,NORMAL
TST-000082,WFR-03,DIE-2517,EQP-103,STN-02,SF,1.2001,1.1846,46.1551,1.5543,12.9572,4.2456,0.4444,2.1771,21.8538,1.1808,0.4493,-1.9415,28.44,3.44,53.1775,0.00187,53.17937,25,148.83,2,FAIL,TIMING_FAILURE
TST-000083,WFR-04,DIE-3230,EQP-101,STN-01,FF,1.2078,1.1878,44.822,1.802,12.2663,4.0734,0.4483,2.6204,11.3328,0.8246,0.4309,2.1534,27.6,2.6,51.8986,0.00218,51.90078,25,146.04,5,PASS,NORMAL
TST-000084,WFR-05,DIE-3943,EQP-101,STN-03,FS,1.198,1.181,45.6488,1.3768,13.3282,4.1972,0.4498,2.5376,12.0383,0.8413,0.4239,1.8981,25.79,0.79,53.9455,0.00165,53.94715,25,153.37,4,PASS,NORMAL
TST-000085,WFR-06,DIE-4606,EQP-101,STN-03,TT,1.1714,1.1558,46.0575,1.63,12.0008,4.3169,0.444,2.4672,12.6948,0.8694,0.4161,1.6352,27.24,2.24,50.3316,0.00191,50.33351,25,148.34,5,PASS,NORMAL
TST-000086,WFR-07,DIE-0319,EQP-102,STN-02,SF,1.2043,1.1822,46.71,1.5745,13.0041,4.2981,0.4396,2.5469,11.8319,0.8703,0.4152,2.0216,28.32,3.32,53.8891,0.0019,53.891,25,145.38,5,PASS,NORMAL
TST-000087,WFR-08,DIE-1032,EQP-105,STN-02,SS,1.2058,1.1861,44.8147,1.7689,12.1922,4.1226,0.4705,2.3171,12.5899,0.8812,0.4139,2.7129,26.93,1.93,59.0088,0.00213,59.01093,25,155.31,3,PASS,NORMAL
TST-000088,WFR-09,DIE-1745,EQP-101,STN-03,TT,1.2074,1.1924,46.7643,1.4718,12.6712,4.1282,0.4445,2.371,12.6154,0.8027,0.4122,2.398,28.35,3.35,54.7247,0.00178,54.72648,25,143.77,4,PASS,NORMAL
TST-000089,WFR-10,DIE-2408,EQP-105,STN-01,SS,1.2188,1.2032,46.7479,1.4305,12.4356,4.2284,0.4736,2.291,13.2076,0.8902,0.4325,2.2706,27.41,2.41,55.5054,0.00174,55.50714,25,150.68,2,PASS,NORMAL
TST-000090,WFR-11,DIE-3121,EQP-102,STN-01,SF,1.1945,1.1734,45.1067,1.6165,12.9089,3.9305,0.4611,2.509,12.1436,0.8235,0.4202,1.9791,27.85,2.85,51.6613,0.00193,51.66323,25,147.62,5,PASS,NORMAL
TST-000091,WFR-12,DIE-3834,EQP-101,STN-02,TT,1.2073,1.1929,45.8012,1.428,12.4551,4.2148,0.4503,2.5891,13.1794,0.8334,0.4042,0.471,28.65,3.65,53.6647,0.00172,53.66642,25,147.48,3,PASS,NORMAL
TST-000092,WFR-13,DIE-4547,EQP-103,STN-03,FS,1.2225,1.1984,46.5427,1.5174,12.3573,4.2992,0.4708,2.4366,12.6152,0.812,0.4158,1.9631,26.92,1.92,55.15,0.00186,55.15186,25,157.29,4,PASS,NORMAL
TST-000093,WFR-14,DIE-0210,EQP-105,STN-01,FS,1.2038,1.1818,46.9775,1.4799,12.031,4.3665,0.4578,2.4299,12.4739,0.8169,0.4346,2.1419,27.64,2.64,53.9226,0.00178,53.92438,25,153.86,3,PASS,NORMAL
TST-000094,WFR-15,DIE-0923,EQP-104,STN-02,TT,1.2105,1.1914,45.9499,1.5054,12.4448,4.1863,0.4382,2.474,12.3425,0.7937,0.4277,2.0214,26.95,1.95,55.6511,0.00182,55.65292,25,151.7,5,PASS,NORMAL
TST-000095,WFR-16,DIE-1636,EQP-103,STN-02,FF,1.1909,1.1709,45.3471,1.8654,15.6619,4.7253,0.58,2.2605,14.4219,0.8304,0.4123,1.337,28.22,3.22,54.7993,0.00222,54.80152,25,152.6,2,FAIL,PROCESS_VARIATION
TST-000096,WFR-17,DIE-2349,EQP-101,STN-03,SS,1.1699,1.1501,45.74,1.4557,16.87,5.1423,0.6023,1.6856,17.3073,0.8308,0.4178,4.1092,27.15,2.15,53.6394,0.0017,53.6411,25,158.42,4,FAIL,PROCESS_VARIATION
TST-000097,WFR-18,DIE-3012,EQP-101,STN-04,FF,1.1855,1.1721,45.8463,1.5629,12.8944,4.0968,0.4545,2.7466,12.0433,0.842,0.4034,0.7679,28.19,3.19,56.9633,0.00185,56.96515,25,151.93,1,PASS,NORMAL
TST-000098,WFR-19,DIE-3725,EQP-102,STN-01,FS,1.1975,1.1816,46.1103,1.6034,12.5379,4.2145,0.44,2.4736,12.5296,0.8234,0.4254,1.8071,26.79,1.79,56.1466,0.00192,56.14852,25,150.02,4,PASS,NORMAL
TST-000099,WFR-20,DIE-4438,EQP-105,STN-04,SF,1.1861,1.0178,53.3068,1.6528,17.8423,4.1948,0.4478,2.4258,12.5678,0.8556,0.4334,2.0354,27.2,2.2,51.8272,0.00196,51.82916,25,143.09,2,FAIL,EQUIPMENT_DRIFT
TST-000100,WFR-01,DIE-0101,EQP-104,STN-03,FS,1.181,1.1518,45.8473,1.6723,12.7916,4.3382,0.442,2.4793,12.6258,0.8706,0.4182,1.6288,28.31,3.31,57.8386,0.00197,57.84057,25,155.74,4,PASS,NORMAL
TST-000101,WFR-02,DIE-0814,EQP-105,STN-03,FF,1.2258,1.2046,44.8455,1.8455,12.8806,3.9789,0.4592,2.7509,10.8346,0.8757,0.3957,1.9216,28.28,3.28,55.719,0.00226,55.72126,25,149.96,5,PASS,NORMAL
TST-000102,WFR-03,DIE-1527,EQP-105,STN-02,FS,1.1757,1.1586,42.1431,1.7429,12.2643,4.289,0.4407,2.4688,13.1942,0.8205,0.4162,1.1749,26.65,1.65,53.9799,0.00205,53.98195,25,149.16,2,PASS,NORMAL
TST-000103,WFR-04,DIE-2240,EQP-101,STN-02,SS,1.2134,1.1922,42.5167,1.4301,12.4434,4.22,0.4869,2.2032,13.2025,0.921,0.42,2.8972,26.99,1.99,56.3865,0.00174,56.38824,25,149.57,4,PASS,NORMAL
TST-000104,WFR-05,DIE-2903,EQP-101,STN-02,SS,1.2138,1.188,44.9642,1.4419,12.5259,4.1739,0.4713,2.2747,13.767,0.8734,0.4402,1.8453,27.82,2.82,57.1308,0.00175,57.13255,25,148.14,2,PASS,NORMAL
TST-000105,WFR-06,DIE-3616,EQP-102,STN-01,FS,1.1954,1.175,44.7136,1.3068,12.8539,4.0359,0.4243,2.5032,12.3271,0.8793,0.4128,1.7744,27.35,2.35,55.8797,0.00156,55.88126,25,147.42,4,PASS,NORMAL
TST-000106,WFR-07,DIE-4329,EQP-101,STN-03,SF,1.1948,1.1757,45.6636,1.3908,12.1668,4.1149,0.4487,2.5165,12.7367,0.8475,0.435,1.3174,28.25,3.25,55.8005,0.00166,55.80216,25,147.42,1,PASS,NORMAL
TST-000107,WFR-08,DIE-5042,EQP-101,STN-02,FF,1.1826,1.1688,46.9304,1.7092,12.3057,4.1181,0.4491,2.619,11.4353,0.8559,0.4047,2.0272,27.67,2.67,55.7984,0.00202,55.80042,25,147.78,4,PASS,NORMAL
TST-000108,WFR-09,DIE-0705,EQP-103,STN-04,FS,1.2015,1.1822,46.1709,1.6081,11.7201,4.101,0.424,2.5505,12.7977,0.871,0.4481,1.0343,26.97,1.97,58.1088,0.00193,58.11073,25,147.97,3,PASS,NORMAL
TST-000109,WFR-10,DIE-1418,EQP-104,STN-03,SS,1.1937,1.174,46.8622,1.3912,12.6957,4.0366,0.4916,2.2521,13.5671,0.8092,0.4195,2.2748,27.83,2.83,53.4468,0.00166,53.44846,25,151.9,1,PASS,NORMAL
TST-000110,WFR-11,DIE-2131,EQP-105,STN-01,TT,1.2074,1.1852,43.569,1.4508,12.7022,4.146,0.4452,2.4673,13.2112,0.9094,0.4265,1.0782,27.8,2.8,51.7277,0.00175,51.72945,25,142.87,3,PASS,NORMAL
TST-000111,WFR-12,DIE-2844,EQP-101,STN-01,FS,1.1887,1.1765,47.7699,1.3344,12.3248,4.1333,0.4558,2.4689,12.9791,0.822,0.4371,1.3879,28.06,3.06,53.2383,0.00159,53.23989,25,148.43,4,PASS,NORMAL
TST-000112,WFR-13,DIE-3507,EQP-103,STN-04,SS,1.1948,1.1811,39.7363,1.5523,12.8908,4.2198,0.4953,2.3785,13.3349,0.8778,0.4294,1.5535,27.67,2.67,55.2391,0.00185,55.24095,25,153.64,3,PASS,NORMAL
TST-000113,WFR-14,DIE-4220,EQP-102,STN-04,SS,1.1755,1.1567,59.4602,9.1615,12.2529,4.1568,0.4675,2.333,13.5404,0.8753,0.4241,1.658,46.21,21.21,59.1922,0.01077,59.20297,25,149.23,3,FAIL,HIGH_LEAKAGE
TST-000114,WFR-15,DIE-4933,EQP-105,STN-02,FF,1.2095,1.19,44.4229,1.8284,11.9171,4.3976,0.4577,2.7476,11.3144,0.8747,0.3957,1.4592,26.94,1.94,54.8399,0.00221,54.84211,25,144.82,3,PASS,NORMAL
TST-000115,WFR-16,DIE-0646,EQP-104,STN-02,SS,1.2033,1.1813,44.0593,1.6545,12.6161,4.2686,0.4713,1.8365,21.0693,1.2154,0.4507,-1.9536,27.45,2.45,56.1025,0.00199,56.10449,25,152.83,4,FAIL,TIMING_FAILURE
TST-000116,WFR-17,DIE-1309,EQP-105,STN-01,SF,1.2001,1.1714,45.1699,1.5207,12.1877,4.2406,0.4478,2.4996,12.0741,0.8341,0.4305,2.0942,26.11,1.11,50.0951,0.00182,50.09692,25,147.72,4,PASS,NORMAL
TST-000117,WFR-18,DIE-2022,EQP-105,STN-01,SF,1.1934,1.1745,43.9223,1.3909,12.9974,4.1002,0.4521,2.4302,12.4911,0.8677,0.406,2.072,26.56,1.56,53.201,0.00166,53.20266,25,153.12,4,PASS,NORMAL
TST-000118,WFR-19,DIE-2735,EQP-103,STN-02,FF,1.1936,1.1742,44.8655,1.8086,13.3176,4.2401,0.4307,2.6581,11.5663,0.8602,0.4151,1.6813,26.63,1.63,49.4355,0.00216,49.43766,25,146.2,1,PASS,NORMAL
TST-000119,WFR-20,DIE-3448,EQP-101,STN-04,TT,1.2018,1.1767,45.212,1.4702,11.8261,4.0557,0.4412,2.5195,12.3615,0.8561,0.4454,1.6663,26.88,1.88,51.1114,0.00177,51.11317,25,147.61,1,PASS,NORMAL
TST-000120,WFR-01,DIE-4111,EQP-101,STN-02,FS,1.2225,1.2061,45.759,1.5303,12.6517,4.1275,0.4568,2.37,13.2827,0.8184,0.4202,1.7217,25.52,0.52,53.9585,0.00187,53.96037,25,156.64,1,PASS,NORMAL
TST-000121,WFR-02,DIE-4824,EQP-105,STN-01,TT,1.1886,1.1691,44.6129,1.4117,12.7572,4.1498,0.4443,2.4881,12.5288,0.8622,0.4181,1.6807,27.4,2.4,54.4924,0.00168,54.49408,25,150.12,1,PASS,NORMAL
TST-000122,WFR-03,DIE-0537,EQP-102,STN-04,SF,1.2363,1.2162,46.5386,1.4167,12.8185,4.2557,0.4519,2.4893,12.8834,0.8394,0.437,1.3417,27.02,2.02,54.6921,0.00175,54.69385,25,150.28,2,PASS,NORMAL
TST-000123,WFR-04,DIE-1250,EQP-104,STN-04,FF,1.1863,1.1622,45.1075,1.9388,15.8696,5.2637,0.5965,2.0244,14.7291,0.8551,0.4416,2.9398,28.11,3.11,55.742,0.0023,55.7443,25,149.79,4,FAIL,PROCESS_VARIATION
TST-000124,WFR-05,DIE-1913,EQP-101,STN-02,TT,1.2147,1.1868,43.8789,1.4386,13.3844,4.2117,0.4622,2.4407,12.2043,0.8398,0.4346,2.3203,28.02,3.02,54.4558,0.00175,54.45755,25,147.06,4,PASS,NORMAL
TST-000125,WFR-06,DIE-2626,EQP-104,STN-02,SF,1.2109,1.1956,44.7237,1.657,12.951,4.3381,0.4624,2.5146,12.7385,0.8473,0.4333,1.3271,26.5,1.5,53.8175,0.00201,53.81951,25,143.74,1,PASS,NORMAL
TST-000126,WFR-07,DIE-3339,EQP-102,STN-03,SF,1.2031,1.182,45.7811,1.7497,12.1914,4.0514,0.4403,2.5282,12.3774,0.8501,0.4462,1.6052,28.13,3.13,53.2762,0.00211,53.27831,25,151.56,5,PASS,NORMAL
TST-000127,WFR-08,DIE-4002,EQP-102,STN-02,SF,1.2018,1.1808,46.0396,1.5951,12.627,4.2352,0.4499,2.436,12.7989,0.833,0.4077,1.7622,26.68,1.68,52.0819,0.00192,52.08382,25,162.42,1,PASS,NORMAL
TST-000128,WFR-09,DIE-4715,EQP-102,STN-03,SS,1.2308,1.2058,43.4817,1.5851,12.3375,4.1883,0.4847,2.2255,13.1149,0.833,0.402,2.9022,26.83,1.83,51.3338,0.00195,51.33575,25,140.13,5,PASS,NORMAL
TST-000129,WFR-10,DIE-0428,EQP-101,STN-02,SS,1.1921,1.1643,45.9287,1.6046,16.2858,4.8339,0.6591,1.8013,17.0842,0.8012,0.4285,2.9329,27.03,2.03,57.1186,0.00191,57.12051,25,151.44,2,FAIL,PROCESS_VARIATION
TST-000130,WFR-11,DIE-1141,EQP-104,STN-04,SS,1.1987,1.1743,44.2665,1.6733,12.2727,4.3123,0.4556,2.3272,14.0567,0.8792,0.4492,1.1779,28.45,3.45,49.9611,0.00201,49.96311,25,147.76,5,PASS,NORMAL
TST-000131,WFR-12,DIE-1804,EQP-103,STN-01,SF,1.2055,1.184,44.5156,1.4941,12.5311,4.1959,0.4592,2.4974,12.6393,0.8145,0.4223,1.5618,28.44,3.44,56.2849,0.0018,56.2867,25,151.69,1,PASS,NORMAL
TST-000132,WFR-13,DIE-2517,EQP-101,STN-03,FF,1.1962,1.1792,43.2791,1.8772,12.3612,4.0046,0.4361,2.6891,11.482,0.871,0.4189,1.5922,27.66,2.66,53.7564,0.00225,53.75865,25,158.33,1,PASS,NORMAL
TST-000133,WFR-14,DIE-3230,EQP-105,STN-04,FF,1.1785,1.1571,45.0347,1.8269,11.7108,4.2631,0.4368,2.6814,11.5201,0.8578,0.4586,1.6073,28.49,3.49,54.1216,0.00215,54.12375,25,149.28,1,PASS,NORMAL
TST-000134,WFR-15,DIE-3943,EQP-102,STN-02,SS,1.2013,1.1781,43.7488,1.6212,12.14,4.1764,0.4802,2.2592,13.7783,0.8497,0.3818,1.9708,26.72,1.72,56.5557,0.00195,56.55765,25,157.58,4,PASS,NORMAL
TST-000135,WFR-16,DIE-4606,EQP-104,STN-01,SF,1.2143,1.199,53.7271,2.9921,12.0134,4.3417,0.4294,2.4464,13.1084,0.8583,0.433,1.3619,94.52,69.52,51.6613,0.00363,51.66493,25,145.64,2,FAIL,THERMAL_ANOMALY
TST-000136,WFR-17,DIE-0319,EQP-105,STN-04,SF,1.182,1.1601,43.7406,1.5186,12.7199,4.1298,0.4531,2.5023,12.3737,0.8256,0.4387,1.7869,27.91,2.91,55.7455,0.00179,55.74729,25,148.76,3,PASS,NORMAL
TST-000137,WFR-18,DIE-1032,EQP-104,STN-01,FF,1.2148,1.2031,43.5772,1.8732,12.4246,4.158,0.4525,2.7506,11.0436,0.8651,0.4416,1.7247,28.37,3.37,53.6865,0.00228,53.68878,25,143.32,3,PASS,NORMAL
TST-000138,WFR-19,DIE-1745,EQP-102,STN-03,SF,1.1953,1.1744,44.5487,1.7609,13.1187,4.191,0.4483,2.4495,12.2449,0.8937,0.4165,2.1706,27.7,2.7,56.1399,0.0021,56.142,25,150.71,1,PASS,NORMAL
TST-000139,WFR-20,DIE-2408,EQP-103,STN-04,FS,1.2047,1.1855,45.9881,1.4417,12.5226,4.0326,0.4483,2.507,13.053,0.8706,0.4241,1.0345,27.51,2.51,52.3728,0.00174,52.37454,25,147.46,3,PASS,NORMAL
TST-000140,WFR-01,DIE-3121,EQP-103,STN-03,TT,1.1798,1.1516,45.3896,1.6026,12.6164,4.1401,0.47,2.4978,12.3183,0.8912,0.4039,1.8037,27.14,2.14,54.1434,0.00189,54.14529,25,152.13,4,PASS,NORMAL
TST-000141,WFR-02,DIE-3834,EQP-101,STN-04,SS,1.1834,1.161,43.0154,1.496,12.8101,4.4502,0.4567,2.2776,13.8256,0.8592,0.4529,1.7799,28.25,3.25,53.5003,0.00177,53.50207,25,147.86,5,PASS,NORMAL
TST-000142,WFR-03,DIE-4547,EQP-102,STN-04,FF,1.22,1.2062,41.0844,1.6439,11.8822,4.1446,0.4544,2.5806,11.8013,0.8553,0.4156,1.8749,28.12,3.12,53.1711,0.00201,53.17311,25,148.36,4,PASS,NORMAL
TST-000143,WFR-04,DIE-0210,EQP-105,STN-03,SF,1.1782,1.1647,44.5852,1.5711,11.8303,4.2128,0.4436,2.5311,13.2829,0.8426,0.4165,0.6902,27.85,2.85,50.9554,0.00185,50.95725,25,150.5,4,PASS,NORMAL
TST-000144,WFR-05,DIE-0923,EQP-101,STN-02,TT,1.2027,1.185,42.788,1.6354,12.552,4.1836,0.4441,2.5751,12.9439,0.8946,0.4247,0.724,27.19,2.19,54.2762,0.00197,54.27817,25,151.69,5,PASS,NORMAL
TST-000145,WFR-06,DIE-1636,EQP-105,STN-04,SS,1.2095,1.1832,45.4579,1.5628,11.7118,4.3198,0.4621,2.2246,13.317,0.7975,0.4155,2.7425,27.93,2.93,54.6681,0.00189,54.66999,25,149.48,2,PASS,NORMAL
TST-000146,WFR-07,DIE-2349,EQP-104,STN-01,TT,1.1867,1.1633,45.4573,1.3832,12.1145,4.2452,0.457,2.4778,12.9362,0.7781,0.4382,1.4201,26.63,1.63,55.4171,0.00164,55.41874,25,142.95,5,PASS,NORMAL
TST-000147,WFR-08,DIE-3012,EQP-103,STN-04,FS,1.2104,1.182,45.1977,1.4542,11.994,4.4655,0.4484,2.4586,12.1179,0.7739,0.4261,2.3608,28.21,3.21,59.6101,0.00176,59.61186,25,146.78,1,PASS,NORMAL
TST-000148,WFR-09,DIE-3725,EQP-102,STN-02,FF,1.2133,1.1935,42.5499,1.4677,12.5695,4.2251,0.4478,2.663,10.9079,0.8171,0.4051,2.3569,26.67,1.67,53.9211,0.00178,53.92288,25,151.07,1,PASS,NORMAL
TST-000149,WFR-10,DIE-4438,EQP-105,STN-01,TT,1.1875,1.1656,43.3734,1.5533,12.5489,4.1697,0.447,2.3456,12.6394,0.7912,0.4198,2.5568,27.67,2.67,53.7466,0.00184,53.74844,25,154.74,1,PASS,NORMAL
TST-000150,WFR-11,DIE-0101,EQP-102,STN-02,FS,1.1864,1.1668,44.7403,1.5656,12.0969,3.9541,0.4584,2.4708,12.3583,0.8531,0.441,1.9659,29.02,4.02,51.8909,0.00186,51.89276,25,145.87,3,PASS,NORMAL
TST-000151,WFR-12,DIE-0814,EQP-105,STN-01,SS,1.1901,1.1797,44.1324,1.4005,12.4668,4.2788,0.4682,2.2993,13.7926,0.8326,0.423,1.6841,27.09,2.09,51.4156,0.00167,51.41727,25,149.93,1,PASS,NORMAL
TST-000152,WFR-13,DIE-1527,EQP-105,STN-04,FF,1.1821,1.1683,43.7428,1.7979,12.8403,4.1189,0.4607,2.6299,10.7537,0.8212,0.4198,2.6842,27.46,2.46,54.7629,0.00213,54.76503,25,154.48,1,PASS,NORMAL
TST-000153,WFR-14,DIE-2240,EQP-101,STN-02,FF,1.2034,1.1855,44.9474,1.7971,12.964,4.2821,0.4431,2.7171,11.6854,0.859,0.4475,1.2571,27.73,2.73,56.9574,0.00216,56.95956,25,149.24,3,PASS,NORMAL
TST-000154,WFR-15,DIE-2903,EQP-101,STN-03,FS,1.1864,1.1665,46.3639,1.4401,13.5607,4.4302,0.4469,2.6907,12.2531,0.8881,0.4237,0.7957,27.99,2.99,53.0883,0.00171,53.09001,25,150.27,2,PASS,NORMAL
TST-000155,WFR-16,DIE-3616,EQP-101,STN-02,SS,1.1937,1.1731,49.0296,1.3344,11.7632,4.0704,0.4689,2.357,13.7084,0.7943,0.4075,1.4074,27.25,2.25,51.0705,0.00159,51.07209,25,145.62,4,PASS,NORMAL
TST-000156,WFR-17,DIE-4329,EQP-102,STN-02,FF,1.2043,1.1882,45.9938,1.7329,12.3349,4.2963,0.4601,2.6742,11.839,0.8284,0.4178,1.3555,26.96,1.96,55.4037,0.00209,55.40579,25,151.73,1,PASS,NORMAL
TST-000157,WFR-18,DIE-5042,EQP-104,STN-02,SS,1.1899,1.171,43.8355,1.5314,11.7151,4.1238,0.489,2.277,13.9496,0.7984,0.4335,1.721,28.22,3.22,54.1128,0.00182,54.11462,25,151.74,1,PASS,NORMAL
TST-000158,WFR-19,DIE-0705,EQP-101,STN-03,SF,1.2229,1.2083,42.5681,1.5966,12.0983,4.1018,0.446,2.4518,12.2981,0.8487,0.4279,2.1481,28.05,3.05,60.0937,0.00195,60.09565,25,151.79,3,PASS,NORMAL
TST-000159,WFR-20,DIE-1418,EQP-103,STN-02,SS,1.1874,1.1576,45.0193,1.7443,12.7163,4.249,0.4871,2.2381,13.1648,0.8269,0.4197,2.7636,26.9,1.9,50.3939,0.00207,50.39597,25,144.91,1,PASS,NORMAL
TST-000160,WFR-01,DIE-2131,EQP-101,STN-04,FS,1.2021,1.1911,43.401,1.4685,12.3385,4.2309,0.4492,2.4704,12.4275,0.8283,0.4379,1.9239,27.67,2.67,56.9607,0.00177,56.96247,25,157.81,3,PASS,NORMAL
TST-000161,WFR-02,DIE-2844,EQP-103,STN-04,FS,1.2046,1.1853,44.8843,1.4507,12.5123,4.2151,0.4611,2.538,13.4224,0.9001,0.4246,0.4529,25.92,0.92,55.3108,0.00175,55.31255,25,146.92,2,PASS,NORMAL
TST-000162,WFR-03,DIE-3507,EQP-102,STN-01,SS,1.2203,1.1951,47.279,1.5249,12.6181,3.8397,0.4654,2.4037,14.0742,0.8087,0.4154,0.718,28.42,3.42,51.2188,0.00186,51.22066,25,147.28,2,PASS,NORMAL
TST-000163,WFR-04,DIE-4220,EQP-104,STN-03,TT,1.1978,1.1828,44.5105,1.5537,12.4424,4.1129,0.4567,2.4867,12.5705,0.8525,0.4096,1.6572,26.58,1.58,54.3538,0.00186,54.35566,25,150.8,5,PASS,NORMAL
TST-000164,WFR-05,DIE-4933,EQP-103,STN-04,FF,1.1857,1.165,44.9233,1.7388,13.1865,4.2349,0.4508,2.8103,10.9647,0.8153,0.4489,1.5638,27.82,2.82,51.8194,0.00206,51.82146,25,148.6,4,PASS,NORMAL
TST-000165,WFR-06,DIE-0646,EQP-104,STN-04,SF,1.1874,1.1783,44.0793,1.3504,12.739,4.1973,0.4664,2.5381,12.5513,0.8581,0.4036,1.3654,27.6,2.6,51.9226,0.0016,51.9242,25,151.55,3,PASS,NORMAL
TST-000166,WFR-07,DIE-1309,EQP-102,STN-01,SF,1.2006,1.1746,63.0463,8.7425,12.2179,4.2647,0.4406,2.6178,12.7572,0.8805,0.4128,0.6873,50.31,25.31,55.6371,0.0105,55.6476,25,149.11,3,FAIL,HIGH_LEAKAGE
TST-000167,WFR-08,DIE-2022,EQP-103,STN-02,FS,1.1771,1.1595,47.1681,1.2465,12.0331,4.0504,0.4593,2.4532,12.4068,0.8728,0.415,2.0066,28.75,3.75,54.2398,0.00147,54.24127,25,147.58,5,PASS,NORMAL
TST-000168,WFR-09,DIE-2735,EQP-105,STN-02,SS,1.1737,1.1447,40.5794,1.3349,12.507,4.1724,0.4681,2.2329,13.9275,0.8492,0.4325,2.0176,27.34,2.34,58.8246,0.00157,58.82617,25,153.56,4,PASS,NORMAL
TST-000169,WFR-10,DIE-3448,EQP-104,STN-02,FF,0.8612,0.8437,43.8969,1.7988,12.2739,3.9384,0.4491,2.1561,11.0637,0.8655,0.408,-0.0773,27.76,2.76,53.8708,0.00155,53.87235,25,149.27,2,FAIL,LOW_VOLTAGE
TST-000170,WFR-11,DIE-4111,EQP-104,STN-02,FS,1.2087,1.1886,65.8232,5.4336,12.9036,4.2662,0.4512,2.5436,12.2924,0.8581,0.4345,1.5924,53.24,28.24,53.2765,0.00657,53.28307,25,148.89,3,FAIL,HIGH_LEAKAGE
TST-000171,WFR-12,DIE-4824,EQP-105,STN-04,SS,1.2062,0.9918,57.3008,1.3356,17.5998,3.9778,0.4621,2.2874,13.2074,0.8956,0.4249,2.2912,27.7,2.7,52.5172,0.00161,52.51881,25,146.41,1,FAIL,EQUIPMENT_DRIFT
TST-000172,WFR-13,DIE-0537,EQP-101,STN-04,FF,1.2058,1.1893,41.3779,1.8221,12.5602,4.3349,0.4556,2.7606,11.4113,0.8424,0.4027,1.3303,29.11,4.11,50.9227,0.0022,50.9249,25,147,1,PASS,NORMAL
TST-000173,WFR-14,DIE-1250,EQP-105,STN-04,TT,1.1993,1.0552,56.3724,1.5933,16.5435,4.2995,0.4432,2.4028,12.7064,0.8853,0.4374,2.0151,28.53,3.53,51.4014,0.00191,51.40331,25,149.83,3,FAIL,EQUIPMENT_DRIFT
TST-000174,WFR-15,DIE-1913,EQP-102,STN-04,FS,1.2114,1.1945,46.7877,1.3699,12.3862,4.0134,0.4523,2.3947,13.3599,0.8358,0.4261,1.4639,25.49,0.49,52.8861,0.00166,52.88776,25,147.81,2,PASS,NORMAL
TST-000175,WFR-16,DIE-2626,EQP-101,STN-03,FS,1.1735,1.1464,47.098,1.2552,12.3861,4.2187,0.4477,2.5183,12.1853,0.8688,0.4056,1.8369,27.64,2.64,55.0054,0.00147,55.00687,25,147.5,1,PASS,NORMAL
TST-000176,WFR-17,DIE-3339,EQP-101,STN-02,FS,1.2026,1.1903,46.7202,1.4,11.9919,4.3163,0.4567,2.435,12.6845,0.8107,0.4119,1.9052,27.8,2.8,58.0521,0.00168,58.05378,25,158.14,5,PASS,NORMAL
TST-000177,WFR-18,DIE-4002,EQP-101,STN-01,SS,1.1836,1.1737,42.7006,1.4944,12.8102,4.2854,0.4611,2.3468,13.6095,0.928,0.4372,1.4417,27.04,2.04,55.584,0.00177,55.58577,25,145.73,2,PASS,NORMAL
TST-000178,WFR-19,DIE-4715,EQP-105,STN-03,SF,1.2087,1.1971,46.3674,1.3994,12.6221,4.3194,0.4427,2.5056,12.881,0.8762,0.4261,1.2093,27.65,2.65,57.5273,0.00169,57.52899,25,145.26,2,PASS,NORMAL
TST-000179,WFR-20,DIE-0428,EQP-105,STN-01,FF,1.1844,1.1572,44.8582,1.8082,12.0291,4.2517,0.4701,2.705,11.6085,0.8684,0.4118,1.3863,26.21,1.21,53.7266,0.00214,53.72874,25,145.51,4,PASS,NORMAL
TST-000180,WFR-01,DIE-1141,EQP-105,STN-01,FF,1.2161,1.2008,45.3346,1.6946,12.9782,4.2528,0.4627,2.6614,11.3017,0.8278,0.4009,1.9608,28.56,3.56,54.194,0.00206,54.19606,25,151.14,4,PASS,NORMAL
TST-000181,WFR-02,DIE-1804,EQP-104,STN-03,TT,1.1742,1.1518,45.1238,1.5696,12.2703,4.2412,0.4538,2.5094,12.7951,0.849,0.3909,1.2997,25.83,0.83,49.7558,0.00184,49.75764,25,155.15,3,PASS,NORMAL
TST-000182,WFR-03,DIE-2517,EQP-104,STN-03,SF,1.1931,1.1737,44.533,1.6175,12.7909,4.1864,0.4576,2.4426,12.4941,0.8639,0.4101,1.9945,27.14,2.14,55.8095,0.00193,55.81143,25,155.04,3,PASS,NORMAL
TST-000183,WFR-04,DIE-3230,EQP-105,STN-01,FF,1.2043,1.1868,45.9063,1.6196,16.0661,5.0863,0.6464,2.386,15.6325,0.8321,0.4267,-0.7479,26.94,1.94,52.6422,0.00195,52.64415,25,151.28,4,FAIL,PROCESS_VARIATION
TST-000184,WFR-05,DIE-3943,EQP-105,STN-03,SS,1.2166,1.1878,46.2921,1.3887,12.9228,4.1766,0.4689,2.332,13.4441,0.8603,0.4035,1.7762,25.96,0.96,55.7513,0.00169,55.75299,25,150.15,3,PASS,NORMAL
TST-000185,WFR-06,DIE-4606,EQP-103,STN-01,FS,0.8363,0.8232,44.668,1.4633,12.5888,4.2409,0.4435,1.9445,12.3631,0.892,0.4203,-0.528,27.2,2.2,54.2784,0.00122,54.27962,25,151.24,3,FAIL,LOW_VOLTAGE
TST-000186,WFR-07,DIE-0319,EQP-103,STN-01,TT,1.2106,1.1859,46.2371,1.5123,13.0213,4.2068,0.4502,2.5237,12.3268,0.831,0.4179,1.7013,29.08,4.08,56.7303,0.00183,56.73213,25,149.65,3,PASS,NORMAL
TST-000187,WFR-08,DIE-1032,EQP-104,STN-04,SF,1.2034,1.1906,46.2335,1.5329,12.2588,4.3292,0.4469,2.6001,12.2138,0.8385,0.4185,1.3702,26.47,1.47,57.9351,0.00184,57.93694,25,152.16,2,PASS,NORMAL
TST-000188,WFR-09,DIE-1745,EQP-101,STN-03,SF,1.176,1.1551,43.1372,1.4997,11.9197,4.1332,0.4423,2.4551,11.9413,0.875,0.4134,2.458,28.27,3.27,53.2633,0.00176,53.26506,25,147.49,2,PASS,NORMAL
TST-000189,WFR-10,DIE-2408,EQP-101,STN-04,FF,1.2094,1.1929,41.7754,1.788,12.4802,4.0978,0.4445,2.6589,11.3948,0.8286,0.4122,1.8802,28.09,3.09,48.3849,0.00216,48.38706,25,145.34,5,PASS,NORMAL
TST-000190,WFR-11,DIE-3121,EQP-101,STN-01,SF,1.2182,1.19,44.9068,1.4442,12.1035,4.2802,0.4506,2.3918,12.7411,0.9015,0.4141,2.036,26.92,1.92,53.2076,0.00176,53.20936,25,151.38,1,PASS,NORMAL
TST-000191,WFR-12,DIE-3834,EQP-103,STN-02,FS,1.19,1.1646,45.6891,1.3933,12.0257,4.2323,0.4476,2.5443,12.1851,0.876,0.4155,1.6777,27.98,2.98,56.5014,0.00166,56.50306,25,151.83,4,PASS,NORMAL
TST-000192,WFR-13,DIE-4547,EQP-101,STN-03,SF,1.1728,1.1574,45.354,1.5405,12.8505,4.034,0.4495,2.5314,12.258,0.8718,0.4257,1.6841,26.76,1.76,53.0347,0.00181,53.03651,25,143.64,4,PASS,NORMAL
TST-000193,WFR-14,DIE-0210,EQP-105,STN-01,SF,1.2131,1.2046,46.5385,1.5839,12.1126,4.4017,0.4303,2.4489,12.6326,0.9052,0.4196,1.7752,27.41,2.41,55.4735,0.00192,55.47542,25,146.24,1,PASS,NORMAL
TST-000194,WFR-15,DIE-0923,EQP-105,STN-02,TT,1.1784,1.1586,44.8849,1.6316,11.7701,4.1831,0.4307,2.5208,12.3988,0.8292,0.4058,1.6482,27.71,2.71,50.8727,0.00192,50.87462,25,147.48,5,PASS,NORMAL
TST-000195,WFR-16,DIE-1636,EQP-105,STN-01,FS,1.2062,1.1889,46.174,1.545,12.2006,4.1754,0.4655,2.6703,12.7434,0.8723,0.4103,0.4277,27.65,2.65,52.5727,0.00186,52.57456,25,156.56,2,PASS,NORMAL
TST-000196,WFR-17,DIE-2349,EQP-102,STN-04,SS,1.1791,1.1607,46.7658,1.3276,12.6226,4.2374,0.477,2.2843,13.362,0.8493,0.4235,2.2051,26.85,1.85,57.2891,0.00157,57.29067,25,144.85,1,PASS,NORMAL
TST-000197,WFR-18,DIE-3012,EQP-103,STN-03,TT,1.1962,1.1764,47.2441,1.4848,12.5584,4.4595,0.4566,2.5053,12.2675,0.8043,0.4247,1.8965,27.93,2.93,55.5744,0.00178,55.57618,25,147.87,5,PASS,NORMAL
TST-000198,WFR-19,DIE-3725,EQP-104,STN-01,FS,1.2238,1.2021,48.0619,1.618,12.7834,3.9555,0.4472,2.5372,12.7901,0.7961,0.3978,1.1939,26.48,1.48,55.9791,0.00198,55.98108,25,145.27,1,PASS,NORMAL
TST-000199,WFR-20,DIE-4438,EQP-105,STN-01,FS,1.2127,1.1915,44.2201,1.512,13.0045,4.4772,0.4348,2.5739,12.1312,0.8202,0.4045,1.6179,25.77,0.77,54.2195,0.00183,54.22133,25,147.66,5,PASS,NORMAL
TST-000200,WFR-01,DIE-0101,EQP-103,STN-03,FS,1.2141,1.1976,42.4881,1.3601,12.0433,4.2879,0.4539,2.4844,12.2954,0.8166,0.3917,1.9822,27.22,2.22,57.4821,0.00165,57.48375,25,153.33,4,PASS,NORMAL
TST-000201,WFR-02,DIE-0814,EQP-104,STN-03,SF,1.2022,1.1755,51.3344,2.9718,12.3164,4.2429,0.4513,2.5182,12.9578,0.8945,0.45,1.0393,94.32,69.32,59.4854,0.00357,59.48897,25,150.7,4,FAIL,THERMAL_ANOMALY
TST-000202,WFR-03,DIE-1527,EQP-102,STN-03,SS,1.1929,1.1738,43.2138,1.394,12.8932,4.4052,0.4693,2.345,13.2539,0.8576,0.3946,1.88,27.96,2.96,58.1522,0.00166,58.15386,25,147.29,5,PASS,NORMAL
TST-000203,WFR-04,DIE-2240,EQP-104,STN-03,FF,1.1965,1.1841,43.8448,1.8808,13.1705,4.2251,0.4543,2.5973,11.216,0.8687,0.4153,2.3534,27.95,2.95,56.0646,0.00225,56.06685,25,152.25,1,PASS,NORMAL
TST-000204,WFR-05,DIE-2903,EQP-102,STN-01,FF,1.183,1.167,44.6817,1.6075,11.9597,4.0743,0.4461,2.5986,11.6886,0.8554,0.4339,1.8868,28.99,3.99,57.3844,0.0019,57.3863,25,147.24,5,PASS,NORMAL
TST-000205,WFR-06,DIE-3616,EQP-103,STN-04,SF,1.2121,1.1845,44.8056,1.4486,12.2525,4.2692,0.4517,2.5076,12.1476,0.8805,0.3896,1.9264,27.91,2.91,54.8043,0.00176,54.80606,25,148.64,2,PASS,NORMAL
TST-000206,WFR-07,DIE-4329,EQP-103,STN-04,TT,1.1999,1.1823,45.0056,1.5366,12.2093,4.1187,0.4539,2.5034,12.6012,0.8156,0.4073,1.5628,28.22,3.22,54.8948,0.00184,54.89664,25,154.11,1,PASS,NORMAL
TST-000207,WFR-08,DIE-5042,EQP-101,STN-01,TT,1.186,1.1598,45.7796,1.3559,11.9251,4.2194,0.456,2.5875,11.9496,0.8294,0.4049,1.7138,27,2,52.152,0.00161,52.15361,25,147.46,1,PASS,NORMAL
TST-000208,WFR-09,DIE-0705,EQP-103,STN-02,FS,1.1763,1.1608,44.2998,1.5618,12.142,4.2214,0.4537,2.4089,12.1317,0.839,0.4305,2.5966,27.1,2.1,54.4843,0.00184,54.48614,25,151.44,2,PASS,NORMAL
TST-000209,WFR-10,DIE-1418,EQP-101,STN-03,TT,1.1948,1.168,45.2079,1.5995,12.8289,4.2099,0.4638,2.4853,12.0908,0.8321,0.4373,2.1658,28,3,56.9636,0.00191,56.96551,25,149.19,5,PASS,NORMAL
TST-000210,WFR-11,DIE-2131,EQP-105,STN-03,FF,1.1917,1.1632,44.9253,2.0656,12.5885,4.1681,0.4464,2.7428,11.7428,0.8359,0.4121,1.0935,27.6,2.6,58.6104,0.00246,58.61286,25,146.31,1,PASS,NORMAL
TST-000211,WFR-12,DIE-2844,EQP-101,STN-01,SS,1.2033,1.1785,43.7801,1.3238,12.4565,4.2954,0.482,2.2711,13.359,0.8482,0.3882,2.3046,27.09,2.09,53.3546,0.00159,53.35619,25,154.42,1,PASS,NORMAL
TST-000212,WFR-13,DIE-3507,EQP-105,STN-02,FF,1.1954,1.1769,60.9873,1.8469,12.4911,4.151,0.445,2.7532,11.5786,0.883,0.4183,1.1589,50.56,25.56,92.2154,0.00221,92.21761,25,147.09,5,FAIL,POWER_ANOMALY
TST-000213,WFR-14,DIE-4220,EQP-105,STN-01,TT,1.1975,1.1878,44.3179,1.23,12.6242,4.2135,0.4411,2.466,12.5604,0.7975,0.4514,1.8489,28.25,3.25,52.9049,0.00147,52.90637,25,148.59,2,PASS,NORMAL
TST-000214,WFR-15,DIE-4933,EQP-102,STN-01,SS,1.2278,1.2083,46.4707,1.4767,12.4748,4.2095,0.4877,2.2345,13.83,0.8536,0.4148,2.0987,28.5,3.5,57.1228,0.00181,57.12461,25,152.52,1,PASS,NORMAL
TST-000215,WFR-16,DIE-0646,EQP-103,STN-03,SS,1.1955,1.1807,44.7964,1.4329,12.4354,4.1217,0.491,2.1565,12.7392,0.8491,0.4297,3.801,27.33,2.33,57.133,0.00171,57.13471,25,156.73,1,PASS,NORMAL
TST-000216,WFR-17,DIE-1309,EQP-102,STN-03,TT,1.2064,1.1848,43.8426,1.4582,12.5796,4.2447,0.463,2.4573,12.8285,0.8653,0.3903,1.5669,26.52,1.52,58.5436,0.00176,58.54536,25,145.53,3,PASS,NORMAL
TST-000217,WFR-18,DIE-2022,EQP-102,STN-04,SF,1.1843,1.1591,44.5936,1.4371,12.8863,4.107,0.4435,2.3846,12.7577,0.8531,0.4394,2.1151,28.85,3.85,59.1229,0.0017,59.1246,25,153.35,4,PASS,NORMAL
TST-000218,WFR-19,DIE-2735,EQP-104,STN-04,TT,1.1898,1.1679,55.1584,3.9959,12.4573,4.117,0.4563,2.488,12.2006,0.8444,0.4142,2.0273,84,59,52.9851,0.00475,52.98985,25,153.31,3,FAIL,THERMAL_ANOMALY
TST-000219,WFR-20,DIE-3448,EQP-105,STN-02,TT,1.1813,1.1611,47.949,1.6472,12.3691,3.9888,0.4358,2.496,12.7006,0.8449,0.4044,1.4785,26.66,1.66,53.0118,0.00195,53.01375,25,148.85,1,PASS,NORMAL
TST-000220,WFR-01,DIE-4111,EQP-101,STN-02,SS,1.173,1.158,45.5353,1.4184,13.0863,4.2306,0.4843,2.253,12.8916,0.8382,0.4497,2.9147,27.8,2.8,60.3185,0.00166,60.32016,25,147.42,5,PASS,NORMAL
TST-000221,WFR-02,DIE-4824,EQP-102,STN-02,FS,1.1762,1.155,46.2789,1.3554,12.516,4.498,0.4525,2.4392,12.2203,0.7962,0.4543,2.3574,27.86,2.86,56.8119,0.00159,56.81349,25,157.76,3,PASS,NORMAL
TST-000222,WFR-03,DIE-0537,EQP-101,STN-03,SF,1.18,1.1657,42.0326,1.4921,12.5704,4.3182,0.4389,2.507,12.4717,0.82,0.4188,1.6664,27.76,2.76,57.7108,0.00176,57.71256,25,146.52,3,PASS,NORMAL
TST-000223,WFR-04,DIE-1250,EQP-101,STN-03,SF,1.2007,1.1734,45.6788,1.8372,12.6161,4.0716,0.4323,2.4817,12.8709,0.8579,0.3985,1.3818,27.76,2.76,52.4165,0.00221,52.41871,25,150.09,5,PASS,NORMAL
TST-000224,WFR-05,DIE-1913,EQP-105,STN-04,TT,1.2002,1.1801,46.9903,1.2819,12.3676,3.9631,0.4393,2.5007,12.6462,0.8038,0.4213,1.5458,28.87,3.87,52.2147,0.00154,52.21624,25,154.41,3,PASS,NORMAL
TST-000225,WFR-06,DIE-2626,EQP-104,STN-01,SF,1.2333,1.2148,47.3221,1.3729,12.1108,3.9782,0.4826,2.5473,12.7346,0.8497,0.4387,1.1372,27.24,2.24,55.1917,0.00169,55.19339,25,143.3,4,PASS,NORMAL
TST-000226,WFR-07,DIE-3339,EQP-103,STN-03,FS,1.233,1.2176,45.3525,1.6439,12.2127,4.2946,0.4511,2.4759,12.2736,0.8087,0.4194,2.0637,26.57,1.57,55.0393,0.00203,55.04133,25,152.02,5,PASS,NORMAL
TST-000227,WFR-08,DIE-4002,EQP-105,STN-03,SF,1.1689,1.1563,43.5107,1.5434,12.9834,4.1914,0.4393,2.4559,12.6132,0.8082,0.4048,1.848,27.53,2.53,53.9158,0.0018,53.9176,25,148.5,4,PASS,NORMAL
TST-000228,WFR-09,DIE-4715,EQP-101,STN-02,SF,1.178,1.1595,43.3889,1.3378,12.6618,4.1655,0.4507,2.4812,12.7939,0.9054,0.4302,1.4144,27.1,2.1,52.9078,0.00158,52.90938,25,153.85,3,PASS,NORMAL
TST-000229,WFR-10,DIE-0428,EQP-103,STN-01,FS,1.1601,1.1425,44.0199,1.5161,12.8449,4.057,0.4384,2.4441,12.3901,0.9007,0.4396,2.0523,27.32,2.32,54.952,0.00176,54.95376,25,153.86,4,PASS,NORMAL
TST-000230,WFR-11,DIE-1141,EQP-104,STN-04,TT,1.2002,1.1796,46.9636,1.7956,13.0997,4.1846,0.4573,2.5433,12.9056,0.8543,0.4077,0.9847,27.24,2.24,50.0261,0.00216,50.02826,25,146.55,4,PASS,NORMAL
TST-000231,WFR-12,DIE-1804,EQP-105,STN-01,FS,1.2049,1.1822,45.4747,1.3566,12.2742,4.0786,0.4603,2.424,12.5957,0.869,0.4157,2.0056,26.74,1.74,55.3633,0.00163,55.36493,25,150.55,1,PASS,NORMAL
TST-000232,WFR-13,DIE-2517,EQP-102,STN-01,TT,1.2059,1.1916,47.3323,1.3924,12.0935,4.1984,0.4504,2.5923,12.3014,0.8759,0.4312,1.2886,26.66,1.66,53.8451,0.00168,53.84678,25,153.32,4,PASS,NORMAL
TST-000233,WFR-14,DIE-3230,EQP-103,STN-04,FS,1.1862,1.1747,42.5898,1.5601,12.6276,4.5828,0.4396,2.5281,13.0413,0.8431,0.4135,0.9489,28.81,3.81,55.0581,0.00185,55.05995,25,160.08,3,PASS,NORMAL
TST-000234,WFR-15,DIE-3943,EQP-102,STN-02,FS,1.1727,1.152,46.3308,1.3437,12.3645,4.1227,0.4614,2.4527,12.5999,0.8423,0.4294,1.8471,27.76,2.76,56.476,0.00158,56.47758,25,150.01,2,PASS,NORMAL
TST-000235,WFR-16,DIE-4606,EQP-105,STN-02,FF,1.2238,1.2027,44.6208,1.881,12.2876,4.1576,0.4593,2.7452,11.6733,0.8565,0.4128,1.1304,27.28,2.28,56.8484,0.0023,56.8507,25,151.08,1,PASS,NORMAL
TST-000236,WFR-17,DIE-0319,EQP-105,STN-01,SF,1.1929,1.1706,69.1284,1.4876,12.2362,4.1812,0.4476,2.5167,12.4782,0.7908,0.4303,1.6315,44.35,19.35,114.8553,0.00177,114.85707,25,152.13,5,FAIL,POWER_ANOMALY
TST-000237,WFR-18,DIE-1032,EQP-102,STN-01,TT,1.197,1.1774,46.9548,1.5495,12.0453,4.318,0.449,2.5097,12.81,0.8215,0.398,1.3105,28.2,3.2,54.1874,0.00185,54.18925,25,147.44,1,PASS,NORMAL
TST-000238,WFR-19,DIE-1745,EQP-104,STN-01,TT,1.1971,1.179,43.4104,1.5663,12.7765,4.0319,0.4447,2.4417,12.3735,0.8401,0.4064,2.1446,27.68,2.68,48.044,0.00188,48.04588,25,150.5,1,PASS,NORMAL
TST-000239,WFR-20,DIE-2408,EQP-104,STN-03,FF,1.2044,1.1905,43.0259,1.7359,12.0397,4.154,0.4664,2.7839,11.6463,0.8021,0.4326,1.0219,26.51,1.51,52.0032,0.00209,52.00529,25,150.77,1,PASS,NORMAL
TST-000240,WFR-01,DIE-3121,EQP-102,STN-04,FS,1.1772,1.157,46.2151,1.5953,12.0941,4.1548,0.4172,2.5647,12.591,0.8757,0.4261,1.1549,27.1,2.1,55.7071,0.00188,55.70898,25,148.46,5,PASS,NORMAL
TST-000241,WFR-02,DIE-3834,EQP-102,STN-02,FF,1.2267,1.2013,45.2211,1.9735,12.7874,4.4217,0.4544,2.6984,11.3859,0.8943,0.4324,1.6169,28.36,3.36,51.14,0.00242,51.14242,25,147.59,1,PASS,NORMAL
TST-000242,WFR-03,DIE-4547,EQP-101,STN-01,FS,1.2184,1.1965,47.9743,1.5436,12.2139,4.1711,0.4333,2.0247,22.2855,1.1793,0.4141,-0.8176,27.12,2.12,55.8665,0.00188,55.86838,25,144.35,5,FAIL,TIMING_FAILURE
TST-000243,WFR-04,DIE-0210,EQP-104,STN-02,SS,1.2076,1.1826,43.4389,1.7135,11.7273,4.3513,0.4637,2.268,14.2583,0.843,0.3961,1.4331,28.52,3.52,53.944,0.00207,53.94607,25,149.7,3,PASS,NORMAL
TST-000244,WFR-05,DIE-0923,EQP-101,STN-04,FS,1.178,1.1681,43.0926,1.639,12.8167,4.2792,0.4743,2.4886,12.6148,0.8429,0.4393,1.611,28.14,3.14,55.573,0.00193,55.57493,25,153.23,3,PASS,NORMAL
TST-000245,WFR-06,DIE-1636,EQP-103,STN-01,TT,1.2136,1.1994,43.535,1.3504,13.0191,4.3144,0.4502,2.6145,12.5871,0.8716,0.4242,0.8844,27.61,2.61,53.7699,0.00164,53.77154,25,148.09,3,PASS,NORMAL
TST-000246,WFR-07,DIE-2349,EQP-101,STN-03,SS,1.2315,1.2107,44.6884,1.3748,12.579,4.2483,0.4671,2.2609,13.768,0.8429,0.4269,1.9754,26.87,1.87,60.1849,0.00169,60.18659,25,152.85,4,PASS,NORMAL
TST-000247,WFR-08,DIE-3012,EQP-103,STN-02,TT,1.2129,1.2034,45.2893,1.6863,11.9558,3.9609,0.4538,2.442,12.7092,0.8964,0.401,1.7507,26.87,1.87,56.0528,0.00205,56.05485,25,148.87,5,PASS,NORMAL
TST-000248,WFR-09,DIE-3725,EQP-102,STN-01,SF,1.214,1.1918,46.5692,1.5192,12.9576,4.3148,0.4614,2.3769,11.9725,0.8159,0.4037,2.9885,27.57,2.57,55.9137,0.00184,55.91554,25,155.72,3,PASS,NORMAL
TST-000249,WFR-10,DIE-4438,EQP-101,STN-04,FS,1.2024,1.1807,43.9086,1.6025,13.1911,4.2522,0.4602,2.4318,12.7348,0.9107,0.4176,1.7752,28.71,3.71,54.5308,0.00193,54.53273,25,158.16,4,PASS,NORMAL
TST-000250,WFR-11,DIE-0101,EQP-103,STN-03,SS,1.2025,1.1817,45.5981,1.4794,12.2313,4.0671,0.4698,2.3863,13.4946,0.806,0.4335,1.4141,26.83,1.83,54.7674,0.00178,54.76918,25,153.38,5,PASS,NORMAL
TST-000251,WFR-12,DIE-0814,EQP-101,STN-01,SS,1.1878,1.1634,45.1919,1.7902,12.4371,4.0941,0.48,2.3899,13.0347,0.8577,0.4268,1.7986,27.01,2.01,51.4124,0.00213,51.41453,25,148.32,5,PASS,NORMAL
TST-000252,WFR-13,DIE-1527,EQP-103,STN-02,FS,1.2136,1.1841,43.8856,1.5745,12.6133,4.1085,0.4488,2.4345,12.1563,0.8408,0.4387,2.4065,26.53,1.53,53.959,0.00191,53.96091,25,150.82,5,PASS,NORMAL
TST-000253,WFR-14,DIE-2240,EQP-103,STN-01,TT,1.1896,1.1709,44.7493,1.3718,12.901,4.2322,0.4571,2.4948,12.7734,0.8462,0.41,1.4117,27.95,2.95,57.7729,0.00163,57.77453,25,151.76,5,PASS,NORMAL
TST-000254,WFR-15,DIE-2903,EQP-103,STN-04,FF,1.1898,1.1746,43.5941,1.5931,12.0077,4.2635,0.4527,2.7884,11.6681,0.8641,0.451,0.9164,26.31,1.31,55.5402,0.0019,55.5421,25,142.21,5,PASS,NORMAL
TST-000255,WFR-16,DIE-3616,EQP-103,STN-04,SF,1.2317,1.221,45.63,1.4442,11.9643,4.1214,0.441,2.4825,12.6211,0.8573,0.4022,1.6273,28.2,3.2,50.7396,0.00178,50.74138,25,151.12,5,PASS,NORMAL
TST-000256,WFR-17,DIE-4329,EQP-102,STN-01,FS,1.1863,1.1711,45.9452,1.4013,11.6848,4.2945,0.4329,2.5028,12.9658,0.8965,0.413,1.1209,28.07,3.07,56.0198,0.00166,56.02146,25,149.93,3,PASS,NORMAL
TST-000257,WFR-18,DIE-5042,EQP-104,STN-04,FS,1.2101,1.183,42.4587,1.4548,11.4535,4.1703,0.4733,2.5578,12.2986,0.8241,0.4252,1.5383,28.25,3.25,55.8047,0.00176,55.80646,25,148.71,1,PASS,NORMAL
TST-000258,WFR-19,DIE-0705,EQP-104,STN-02,FF,1.1932,1.174,47.7907,1.9175,13.0649,4.3784,0.439,2.7697,11.1091,0.8859,0.4137,1.5444,28.24,3.24,56.385,0.00229,56.38729,25,145.46,2,PASS,NORMAL
TST-000259,WFR-20,DIE-1418,EQP-102,STN-03,SF,1.2045,1.1794,46.2562,1.4339,12.392,3.8953,0.4479,2.4923,13.1312,0.8126,0.4331,1.1025,27.63,2.63,50.0685,0.00173,50.07023,25,147.7,2,PASS,NORMAL
TST-000260,WFR-01,DIE-2131,EQP-105,STN-01,FF,1.2111,1.1925,49.8679,1.8215,12.5996,3.966,0.4522,2.6997,10.7188,0.8702,0.4225,2.3014,26.09,1.09,51.5236,0.00221,51.52581,25,151.19,3,PASS,NORMAL
TST-000261,WFR-02,DIE-2844,EQP-101,STN-04,TT,1.1805,1.1574,46.2661,1.4871,12.4976,4.3542,0.4362,2.4732,12.259,0.8249,0.4388,2.0786,26.73,1.73,54.5501,0.00176,54.55186,25,149.83,3,PASS,NORMAL
TST-000262,WFR-03,DIE-3507,EQP-104,STN-03,SF,1.2216,1.2051,44.1279,1.4637,13.2921,4.2831,0.4735,2.5376,11.7051,0.872,0.412,2.2006,27.24,2.24,53.6306,0.00179,53.63239,25,149.65,3,PASS,NORMAL
TST-000263,WFR-04,DIE-4220,EQP-102,STN-02,TT,1.2048,1.1845,44.9398,1.6104,12.5823,4.16,0.4305,2.5079,12.6822,0.8504,0.4248,1.4201,26.45,1.45,55.2001,0.00194,55.20204,25,153.86,1,PASS,NORMAL
TST-000264,WFR-05,DIE-4933,EQP-104,STN-04,FF,1.2103,1.1906,46.8511,1.6154,12.4592,3.8983,0.4492,2.6661,11.6395,0.8749,0.4399,1.5511,28.68,3.68,54.28,0.00196,54.28196,25,156.64,5,PASS,NORMAL
TST-000265,WFR-06,DIE-0646,EQP-105,STN-04,FF,1.2022,1.1798,47.1237,1.6009,11.9325,4.032,0.4424,2.8401,11.6079,0.8785,0.4255,0.7174,28.14,3.14,53.7052,0.00192,53.70712,25,150.72,5,PASS,NORMAL
TST-000266,WFR-07,DIE-1309,EQP-104,STN-03,FF,1.21,1.1911,45.5965,1.6365,12.9206,4.3478,0.4489,2.6148,11.4049,0.8263,0.421,2.1102,27.77,2.77,53.4005,0.00198,53.40248,25,146.36,2,PASS,NORMAL
TST-000267,WFR-08,DIE-2022,EQP-101,STN-01,SS,1.1901,1.1706,45.1566,1.4024,12.6105,4.2207,0.4734,2.2503,13.1306,0.8479,0.4058,2.6859,27.15,2.15,53.6437,0.00167,53.64537,25,150.96,4,PASS,NORMAL
TST-000268,WFR-09,DIE-2735,EQP-102,STN-03,FS,1.195,1.1781,46.611,1.4755,12.5118,4.1969,0.4617,2.5302,12.3877,0.8377,0.4041,1.5956,26.71,1.71,50.651,0.00176,50.65276,25,147.46,2,PASS,NORMAL
TST-000269,WFR-10,DIE-3448,EQP-105,STN-03,SF,1.181,1.1562,44.9357,1.229,12.5759,4.3563,0.4226,2.4698,12.705,0.8311,0.3927,1.6473,26.74,1.74,50.3337,0.00145,50.33515,25,148.84,1,PASS,NORMAL
TST-000270,WFR-11,DIE-4111,EQP-101,STN-02,SS,1.2062,1.1785,43.8583,1.4351,12.3462,4.2776,0.4631,2.2345,13.5022,0.7806,0.4244,2.4995,27.67,2.67,55.4748,0.00173,55.47653,25,156.1,4,PASS,NORMAL
TST-000271,WFR-12,DIE-4824,EQP-104,STN-03,FF,1.2079,1.2017,45.4006,1.892,12.458,4.2181,0.4529,2.6384,11.5863,0.8564,0.4326,1.7705,29.19,4.19,51.3789,0.00229,51.38119,25,150.39,5,PASS,NORMAL
TST-000272,WFR-13,DIE-0537,EQP-101,STN-04,TT,1.1938,1.171,47.4268,1.5997,12.6011,4.2218,0.4384,2.5883,12.8855,0.8003,0.4151,0.8025,26.85,1.85,53.9427,0.00191,53.94461,25,146.23,5,PASS,NORMAL
TST-000273,WFR-14,DIE-1250,EQP-102,STN-02,FF,1.1976,1.1714,46.5918,1.8388,12.8421,4.088,0.4436,2.8104,11.6777,0.8572,0.409,0.8084,27.57,2.57,52.9278,0.0022,52.93,25,149.68,4,PASS,NORMAL
TST-000274,WFR-15,DIE-1913,EQP-105,STN-04,FF,1.2026,1.1751,44.2991,1.5617,12.7679,4.2029,0.4367,2.6893,12.078,0.8535,0.3956,1.0126,28.42,3.42,55.2785,0.00188,55.28038,25,148.72,4,PASS,NORMAL
TST-000275,WFR-16,DIE-2626,EQP-101,STN-04,SF,1.1852,1.1608,46.0681,1.5098,12.6016,4.2856,0.4493,2.4427,12.0567,0.8343,0.3965,2.4609,27.05,2.05,58.5943,0.00179,58.59609,25,145.92,3,PASS,NORMAL
TST-000276,WFR-17,DIE-3339,EQP-104,STN-01,FF,1.2036,1.179,44.6399,1.9495,12.6455,4.2572,0.4566,2.7928,11.9658,0.8349,0.3933,0.6267,28.08,3.08,53.8576,0.00235,53.85995,25,142.83,3,PASS,NORMAL
TST-000277,WFR-18,DIE-4002,EQP-103,STN-04,SS,1.202,1.1752,41.5014,1.604,12.8598,4.1604,0.4697,2.318,13.7575,0.8359,0.4359,1.5843,26.53,1.53,54.0081,0.00193,54.01003,25,151.33,1,PASS,NORMAL
TST-000278,WFR-19,DIE-4715,EQP-105,STN-04,TT,0.8569,0.8404,44.5724,1.5486,12.5618,4.1002,0.4504,1.8865,12.4012,0.8374,0.4172,-0.4663,26.58,1.58,55.254,0.00133,55.25533,25,151.39,4,FAIL,LOW_VOLTAGE
TST-000279,WFR-20,DIE-0428,EQP-103,STN-01,FF,1.1939,1.1846,46.6947,1.8157,12.4942,4.1242,0.4504,2.6982,11.8634,0.8641,0.432,1.1707,27.28,2.28,52.7362,0.00217,52.73837,25,152.15,4,PASS,NORMAL
TST-000280,WFR-01,DIE-1141,EQP-105,STN-01,TT,1.2252,1.2055,44.1677,1.5213,13.1816,4.2226,0.4715,2.4715,13.3657,0.8627,0.3935,0.9446,28.31,3.31,53.8971,0.00186,53.89896,25,149.03,4,PASS,NORMAL
TST-000281,WFR-02,DIE-1804,EQP-104,STN-02,FS,1.2049,1.1835,43.1336,1.5063,12.2066,4.4957,0.43,2.4801,12.4056,0.8612,0.4458,1.8536,28.02,3.02,49.1092,0.00181,49.11101,25,156.92,5,PASS,NORMAL
TST-000282,WFR-03,DIE-2517,EQP-101,STN-02,SF,1.2202,1.1983,47.6275,1.5479,12.946,4.2424,0.445,2.5704,12.6073,0.8341,0.4062,1.1478,28.12,3.12,53.4674,0.00189,53.46929,25,154.21,5,PASS,NORMAL
TST-000283,WFR-04,DIE-3230,EQP-105,STN-02,TT,1.1797,1.1541,44.7379,1.6192,11.888,4.2843,0.4431,2.5264,12.296,0.7956,0.4456,1.7517,27.95,2.95,55.9428,0.00191,55.94471,25,150.15,5,PASS,NORMAL
TST-000284,WFR-05,DIE-3943,EQP-104,STN-04,SF,1.2186,1.1922,44.7555,1.5998,13.2866,4.1631,0.4364,2.2564,20.0497,1.2121,0.4181,-1.0958,27.83,2.83,51.8252,0.00195,51.82715,25,152.76,2,FAIL,TIMING_FAILURE
TST-000285,WFR-06,DIE-4606,EQP-105,STN-04,TT,1.189,1.1701,44.5633,1.656,12.2995,4.177,0.4512,2.6012,12.3209,0.7973,0.4406,1.2982,26.99,1.99,54.4221,0.00197,54.42407,25,154.32,1,PASS,NORMAL
TST-000286,WFR-07,DIE-0319,EQP-102,STN-02,FF,1.2121,1.189,47.4776,1.8843,11.884,4.1319,0.4448,2.6994,11.3301,0.8467,0.4207,1.7152,27.19,2.19,52.3123,0.00228,52.31458,25,148.7,2,PASS,NORMAL
TST-000287,WFR-08,DIE-1032,EQP-104,STN-04,SS,1.2172,1.192,44.9266,1.5596,12.5187,4.1494,0.4788,2.228,12.3506,0.8698,0.4327,3.6108,27.31,2.31,53.6431,0.0019,53.645,25,150.12,2,PASS,NORMAL
TST-000288,WFR-09,DIE-1745,EQP-105,STN-04,TT,1.1973,1.1723,45.6882,1.6646,12.5437,4.045,0.4635,2.4847,12.4995,0.8284,0.3934,1.7645,27.76,2.76,58.6768,0.00199,58.67879,25,149.43,1,PASS,NORMAL
TST-000289,WFR-10,DIE-2408,EQP-104,STN-04,SF,1.1719,1.143,46.9666,1.4583,12.719,4.2507,0.479,2.4401,13.5358,0.8683,0.4229,0.9641,27.26,2.26,51.2429,0.00171,51.24461,25,146.01,4,PASS,NORMAL
TST-000290,WFR-11,DIE-3121,EQP-101,STN-04,SF,1.2064,1.1821,46.5206,1.5069,11.8936,4.1641,0.4575,2.4781,12.4437,0.839,0.4355,1.8499,26.6,1.6,58.3434,0.00182,58.34522,25,149.18,3,PASS,NORMAL
TST-000291,WFR-12,DIE-3834,EQP-101,STN-04,SS,1.1918,1.1773,43.8565,1.4774,13.1812,4.1682,0.4636,2.2938,13.2997,0.843,0.419,2.2057,26.4,1.4,51.4826,0.00176,51.48436,25,143.83,4,PASS,NORMAL
TST-000292,WFR-13,DIE-4547,EQP-104,STN-01,FS,1.1941,1.1739,63.4089,8.8091,12.5119,3.9171,0.4295,2.4807,12.1797,0.847,0.3946,2.09,50.54,25.54,51.2556,0.01052,51.26612,25,143.73,1,FAIL,HIGH_LEAKAGE
TST-000293,WFR-14,DIE-0210,EQP-101,STN-03,TT,1.1975,1.1763,44.4064,1.556,11.9286,4.2256,0.4482,2.4791,12.3418,0.8835,0.4703,1.9012,27.48,2.48,54.4433,0.00186,54.44516,25,145.8,4,PASS,NORMAL
TST-000294,WFR-15,DIE-0923,EQP-105,STN-04,TT,1.1969,1.1754,42.6397,1.3788,11.9336,4.1257,0.4369,2.4352,12.4882,0.8759,0.45,2.035,27.8,2.8,56.8666,0.00165,56.86825,25,152.14,4,PASS,NORMAL
TST-000295,WFR-16,DIE-1636,EQP-102,STN-04,SF,1.1599,1.1441,47.912,1.783,12.662,4.1984,0.4364,2.4867,12.895,0.8323,0.4114,1.3529,27.66,2.66,52.5427,0.00207,52.54477,25,149.87,3,PASS,NORMAL
TST-000296,WFR-17,DIE-2349,EQP-103,STN-01,FS,1.2056,1.1815,44.0881,1.6003,12.9755,4.0703,0.4389,2.4919,12.4131,0.8524,0.4182,1.7833,26.78,1.78,50.5927,0.00193,50.59463,25,150.25,1,PASS,NORMAL
TST-000297,WFR-18,DIE-3012,EQP-105,STN-02,FF,1.2124,1.1959,55.814,8.1245,12.5634,4.2608,0.4493,2.8156,11.5875,0.8958,0.3979,0.8354,49.75,24.75,54.2474,0.00985,54.25725,25,156.51,5,FAIL,HIGH_LEAKAGE
TST-000298,WFR-19,DIE-3725,EQP-105,STN-04,SS,1.1925,1.0311,55.3091,1.2279,18.0664,4.3397,0.495,2.336,14.2351,0.7811,0.4055,1.0369,28.47,3.47,53.235,0.00146,53.23646,25,151.91,5,FAIL,EQUIPMENT_DRIFT
TST-000299,WFR-20,DIE-4438,EQP-105,STN-01,FS,1.1962,1.175,45.325,1.4677,12.3909,4.2457,0.4295,2.4673,12.0243,0.8272,0.4321,2.3473,26.6,1.6,55.0253,0.00176,55.02706,25,152.1,1,PASS,NORMAL
TST-000300,WFR-01,DIE-0101,EQP-105,STN-04,FS,1.2209,1.1998,46.9609,1.4735,12.5106,4.2109,0.4515,2.5579,12.7166,0.8543,0.4241,1.0896,26.91,1.91,49.68,0.0018,49.6818,25,150.64,1,PASS,NORMAL
TST-000301,WFR-02,DIE-0814,EQP-103,STN-02,SF,1.2064,1.1935,44.682,1.4879,12.1968,4.3267,0.4383,2.5664,13.1733,0.8679,0.4184,0.5707,26.5,1.5,53.6578,0.0018,53.6596,25,145.27,3,PASS,NORMAL
TST-000302,WFR-03,DIE-1527,EQP-103,STN-02,TT,1.1835,1.1704,45.1811,1.3711,12.398,3.9659,0.4403,2.4282,12.9942,0.8223,0.4456,1.627,27.62,2.62,55.4229,0.00162,55.42452,25,141.1,2,PASS,NORMAL
TST-000303,WFR-04,DIE-2240,EQP-103,STN-01,TT,1.2134,1.1861,43.8459,1.4949,11.7615,4.2398,0.4387,2.4334,12.6135,0.829,0.3898,1.968,27.24,2.24,52.3759,0.00181,52.37771,25,152.91,5,PASS,NORMAL
TST-000304,WFR-05,DIE-2903,EQP-101,STN-03,TT,1.187,1.1599,44.8281,1.6634,12.9113,4.0598,0.4346,2.5243,12.5628,0.8398,0.3994,1.453,27.3,2.3,54.5104,0.00197,54.51237,25,147.3,1,PASS,NORMAL
TST-000305,WFR-06,DIE-3616,EQP-105,STN-04,TT,1.2026,1.1856,47.3432,1.5405,13.0339,4.0256,0.4487,2.5164,12.5963,0.877,0.4459,1.4289,26.75,1.75,46.3906,0.00185,46.39245,25,147.62,3,PASS,NORMAL
TST-000306,WFR-07,DIE-4329,EQP-105,STN-01,FF,1.19,1.1763,45.2814,1.5232,12.547,4.1258,0.4429,2.6634,11.5106,0.8324,0.4213,1.7367,27.52,2.52,54.664,0.00181,54.66581,25,148.36,2,PASS,NORMAL
TST-000307,WFR-08,DIE-5042,EQP-104,STN-02,TT,1.2045,1.1804,46.6996,1.3346,12.209,4.0834,0.4507,2.5653,12.1692,0.7774,0.4231,1.6716,27.74,2.74,53.2774,0.00161,53.27901,25,146.27,5,PASS,NORMAL
TST-000308,WFR-09,DIE-0705,EQP-104,STN-04,SF,1.2039,1.1775,44.5333,1.5178,12.6596,3.9471,0.4464,2.5018,12.6368,0.7984,0.4432,1.554,27.23,2.23,57.7957,0.00183,57.79753,25,151.4,4,PASS,NORMAL
TST-000309,WFR-10,DIE-1418,EQP-102,STN-04,SS,1.2127,1.1962,45.3564,1.4979,13.0544,4.1803,0.4756,2.0541,22.3399,1.2403,0.4008,-1.3099,25.87,0.87,53.2432,0.00182,53.24502,25,153.53,1,FAIL,TIMING_FAILURE
TST-000310,WFR-11,DIE-2131,EQP-104,STN-02,FF,1.1923,1.1671,46.3463,1.3384,12.5559,4.4646,0.4566,2.586,11.1628,0.8338,0.4226,2.5046,28.66,3.66,49.7374,0.0016,49.739,25,148.76,5,PASS,NORMAL
TST-000311,WFR-12,DIE-2844,EQP-101,STN-02,SF,1.2168,1.201,42.7478,1.5824,12.0391,4.13,0.4447,2.4488,12.2834,0.7942,0.4674,2.236,28.7,3.7,54.4933,0.00193,54.49523,25,146.58,3,PASS,NORMAL
TST-000312,WFR-13,DIE-3507,EQP-104,STN-02,FS,1.1926,1.1754,44.8212,1.5916,11.8676,4.4091,0.437,2.4936,11.9459,0.9223,0.4003,2.1703,28.5,3.5,56.4769,0.0019,56.4788,25,147.67,3,PASS,NORMAL
TST-000313,WFR-14,DIE-4220,EQP-105,STN-01,SS,1.1848,1.1711,44.1709,1.5747,13.3501,4.1904,0.4637,2.2391,13.3859,0.812,0.43,2.5499,27.68,2.68,53.9983,0.00187,54.00017,25,144.59,4,PASS,NORMAL
TST-000314,WFR-15,DIE-4933,EQP-101,STN-01,FF,1.1895,1.1784,46.2709,1.4715,12.0071,3.9525,0.4389,2.6396,10.9636,0.8147,0.4182,2.4284,27.24,2.24,53.8809,0.00175,53.88265,25,151.23,1,PASS,NORMAL
TST-000315,WFR-16,DIE-0646,EQP-104,STN-01,TT,1.1928,1.1641,43.1326,1.4801,12.7395,4.092,0.4682,2.5063,13.9325,0.8131,0.4193,0.2167,27.46,2.46,54.3267,0.00177,54.32847,25,152.09,3,PASS,NORMAL
TST-000316,WFR-17,DIE-1309,EQP-102,STN-03,FS,1.1583,1.134,48.4749,1.4736,13.0718,4.33,0.4128,2.5535,12.3661,0.8427,0.4059,1.4769,28.02,3.02,50.0286,0.00171,50.03031,25,152.05,2,PASS,NORMAL
TST-000317,WFR-18,DIE-2022,EQP-105,STN-02,SF,1.2126,1.1895,43.6343,1.5399,11.9838,4.3457,0.4314,2.4943,12.7653,0.8005,0.4171,1.4685,27.95,2.95,54.6616,0.00187,54.66347,25,151.98,3,PASS,NORMAL
TST-000318,WFR-19,DIE-2735,EQP-102,STN-03,SF,1.1727,1.1592,43.8311,1.3851,12.219,4.4529,0.4518,2.5331,12.1057,0.8289,0.4434,1.8694,28.77,3.77,49.2594,0.00162,49.26102,25,150.21,2,PASS,NORMAL
TST-000319,WFR-20,DIE-3448,EQP-104,STN-04,FF,1.2223,1.201,48.9813,1.5658,12.4809,4.3986,0.4415,2.7258,11.3616,0.8775,0.4337,1.5183,27.15,2.15,49.8003,0.00191,49.80221,25,145.99,3,PASS,NORMAL
TST-000320,WFR-01,DIE-4111,EQP-104,STN-02,SS,1.1828,1.1584,44.4783,1.6296,12.5191,4.2679,0.4665,2.294,13.9692,0.928,0.4142,1.4498,28.71,3.71,52.7217,0.00193,52.72363,25,147.88,1,PASS,NORMAL
TST-000321,WFR-02,DIE-4824,EQP-102,STN-02,SS,1.194,1.1688,44.7696,1.6242,12.4631,4.1382,0.5011,1.9782,20.2189,1.2967,0.4332,-3.3583,27.97,2.97,59.5916,0.00194,59.59354,25,148.15,2,FAIL,TIMING_FAILURE
TST-000322,WFR-03,DIE-0537,EQP-102,STN-03,FS,1.1838,1.167,44.2614,1.6001,12.7467,4.155,0.4407,2.5014,12.1809,0.8638,0.4276,1.9469,27.91,2.91,51.7779,0.00189,51.77979,25,150.46,2,PASS,NORMAL
TST-000323,WFR-04,DIE-1250,EQP-102,STN-01,FF,1.2061,1.1856,45.1294,1.9731,12.3358,4.1352,0.4382,2.7105,11.5587,0.8959,0.408,1.3805,27.5,2.5,55.9633,0.00238,55.96568,25,149.11,4,PASS,NORMAL
TST-000324,WFR-05,DIE-1913,EQP-103,STN-02,SF,1.1974,1.1736,44.2739,1.7134,12.6044,3.9152,0.4544,2.4122,11.5272,0.8258,0.4206,3.193,28.49,3.49,56.0036,0.00205,56.00565,25,153.25,3,PASS,NORMAL
TST-000325,WFR-06,DIE-2626,EQP-104,STN-04,FS,1.2013,1.1725,44.9655,1.4188,12.0175,4.3521,0.4471,2.4142,12.4474,0.868,0.4205,2.2177,27.45,2.45,50.8999,0.0017,50.9016,25,148.75,1,PASS,NORMAL
TST-000326,WFR-07,DIE-3339,EQP-105,STN-01,SF,1.188,1.1714,44.093,1.4919,12.5986,4.3198,0.4694,2.5054,12.7609,0.8346,0.4128,1.3722,27.62,2.62,50.6176,0.00177,50.61937,25,149.27,3,PASS,NORMAL
TST-000327,WFR-08,DIE-4002,EQP-103,STN-03,TT,1.2185,1.1949,43.6168,1.3529,12.2188,4.1683,0.4436,2.5353,12.5374,0.8203,0.4407,1.4334,28.82,3.82,55.2418,0.00165,55.24345,25,148.11,2,PASS,NORMAL
TST-000328,WFR-09,DIE-4715,EQP-104,STN-02,SS,1.2078,1.1901,44.3714,1.4845,13.0572,4.3117,0.4724,2.2485,14.0099,0.8384,0.4252,1.8295,26.65,1.65,54.9898,0.00179,54.99159,25,146.32,5,PASS,NORMAL
TST-000329,WFR-10,DIE-0428,EQP-104,STN-01,SF,1.1967,1.1797,44.6809,1.7207,12.7434,4.2052,0.4469,2.5913,12.3215,0.8078,0.4642,1.3422,28.53,3.53,57.1641,0.00206,57.16616,25,150.46,3,PASS,NORMAL
TST-000330,WFR-11,DIE-1141,EQP-103,STN-03,FS,1.2071,1.1869,42.3398,1.6744,12.9626,4.0771,0.4755,2.4329,12.1556,0.8304,0.4258,2.4277,28.02,3.02,52.748,0.00202,52.75002,25,148.24,3,PASS,NORMAL
TST-000331,WFR-12,DIE-1804,EQP-104,STN-02,FF,1.2142,1.2004,44.106,1.7394,12.5772,4.1867,0.4653,2.725,11.5682,0.8346,0.4367,1.3587,27.76,2.76,53.7254,0.00211,53.72751,25,153.34,5,PASS,NORMAL
TST-000332,WFR-13,DIE-2517,EQP-103,STN-01,FF,1.2163,1.2009,41.557,1.6438,12.4748,4.0328,0.4474,2.6538,11.6489,0.8302,0.44,1.6516,27.13,2.13,55.5286,0.002,55.5306,25,152.94,5,PASS,NORMAL
TST-000333,WFR-14,DIE-3230,EQP-101,STN-02,SF,1.1923,1.1791,45.3176,1.6415,12.3948,4.2445,0.4534,2.4921,13.0478,0.8692,0.4196,1.1306,26.82,1.82,51.7018,0.00196,51.70376,25,144.33,3,PASS,NORMAL
TST-000334,WFR-15,DIE-3943,EQP-105,STN-01,SF,1.2157,1.1942,44.4685,1.5949,12.2469,4.1213,0.4363,2.5098,11.9678,0.8573,0.4279,2.1163,27.95,2.95,51.5384,0.00194,51.54034,25,150.29,3,PASS,NORMAL
TST-000335,WFR-16,DIE-4606,EQP-104,STN-02,SS,1.1966,1.1764,46.8911,1.7347,11.7928,4.2207,0.4814,2.3217,13.3816,0.85,0.4373,1.9204,28.93,3.93,55.5341,0.00208,55.53618,25,143.5,3,PASS,NORMAL
TST-000336,WFR-17,DIE-0319,EQP-102,STN-01,FS,1.2181,1.1935,46.6857,1.7146,12.8633,4.3482,0.4421,2.4998,13.035,0.8386,0.4503,1.1276,27.21,2.21,56.4911,0.00209,56.49319,25,147.2,3,PASS,NORMAL
TST-000337,WFR-18,DIE-1032,EQP-101,STN-03,TT,1.1785,1.1619,43.3867,1.6221,13.3498,4.0725,0.4414,2.4477,12.5897,0.8814,0.4256,1.8494,27.6,2.6,51.3953,0.00191,51.39721,25,146.08,2,PASS,NORMAL
TST-000338,WFR-19,DIE-1745,EQP-103,STN-01,FF,1.2082,1.1904,42.6138,1.6551,17.3013,5.3836,0.5855,2.1628,15.739,0.856,0.4148,0.7436,27.45,2.45,49.5781,0.002,49.5801,25,152.45,5,FAIL,PROCESS_VARIATION
TST-000339,WFR-20,DIE-2408,EQP-103,STN-02,FF,1.2125,1.1932,46.52,1.7988,13.1227,4.1153,0.4401,2.6825,11.1651,0.8573,0.409,1.9571,26.71,1.71,52.1002,0.00218,52.10238,25,150.63,4,PASS,NORMAL
TST-000340,WFR-01,DIE-3121,EQP-102,STN-01,SS,1.2247,1.2019,45.5435,1.3641,12.5018,4.1995,0.4695,2.2988,13.0834,0.8456,0.4324,2.3839,27.09,2.09,55.4013,0.00167,55.40297,25,146.29,2,PASS,NORMAL
TST-000341,WFR-02,DIE-3834,EQP-104,STN-02,SF,1.1852,1.1639,45.0977,1.3976,12.6444,4.2088,0.4595,2.4536,12.2434,0.8872,0.4362,2.1531,27.82,2.82,56.6061,0.00166,56.60776,25,151.93,5,PASS,NORMAL
TST-000342,WFR-03,DIE-4547,EQP-105,STN-03,SF,1.1865,1.1698,59.5121,4.1247,13.1474,4.2762,0.4709,2.4738,12.3216,0.8235,0.4322,2.0138,98.22,73.22,51.0601,0.00489,51.06499,25,148.26,1,FAIL,THERMAL_ANOMALY
TST-000343,WFR-04,DIE-0210,EQP-104,STN-03,FF,1.2075,1.1834,47.2425,1.7079,12.5198,4.2098,0.436,2.6619,11.4188,0.8216,0.4276,1.8473,28.18,3.18,59.5269,0.00206,59.52896,25,156.52,1,PASS,NORMAL
TST-000344,WFR-05,DIE-0923,EQP-103,STN-03,FF,1.1958,1.1719,43.3233,2.0199,12.595,4.2703,0.4446,2.7312,11.0538,0.8643,0.4112,1.8121,27.29,2.29,56.0513,0.00242,56.05372,25,143.09,4,PASS,NORMAL
TST-000345,WFR-06,DIE-1636,EQP-103,STN-02,SS,1.2004,1.1793,43.8341,1.4855,12.7962,4.2318,0.4624,2.2472,12.9224,0.812,0.422,2.953,27.16,2.16,51.2161,0.00178,51.21788,25,156.07,2,PASS,NORMAL
TST-000346,WFR-07,DIE-2349,EQP-103,STN-03,SF,1.1952,1.1728,43.8896,1.4986,12.2166,4.0661,0.4676,2.4278,13.0021,0.8108,0.4219,1.6332,27.48,2.48,54.8334,0.00179,54.83519,25,149.85,1,PASS,NORMAL
TST-000347,WFR-08,DIE-3012,EQP-102,STN-01,FS,1.1866,1.1643,43.5452,1.568,11.9475,4.2453,0.4569,2.6093,12.531,0.8703,0.4259,0.9704,27.77,2.77,55.1886,0.00186,55.19046,25,153.83,3,PASS,NORMAL
TST-000348,WFR-09,DIE-3725,EQP-103,STN-02,FF,1.1864,1.1631,42.2808,1.8,12.315,4.2582,0.4491,2.6305,11.2225,0.8675,0.4108,2.1658,27.6,2.6,52.2818,0.00214,52.28394,25,151.79,1,PASS,NORMAL
TST-000349,WFR-10,DIE-4438,EQP-103,STN-01,SS,1.2075,1.1851,46.5243,1.3009,12.6264,4.2721,0.4831,2.2886,13.3863,0.8653,0.4074,2.134,29.33,4.33,57.6692,0.00157,57.67077,25,146.98,5,PASS,NORMAL
TST-000350,WFR-11,DIE-0101,EQP-103,STN-02,SS,1.2113,1.1892,43.7684,1.4704,12.7168,4.3395,0.4463,2.2813,13.773,0.8566,0.4275,1.8084,27.39,2.39,51.9773,0.00178,51.97908,25,152.17,3,PASS,NORMAL
TST-000351,WFR-12,DIE-0814,EQP-105,STN-04,SS,1.1851,1.0089,54.5759,1.3853,17.6988,4.1983,0.488,2.1781,13.843,0.8722,0.4099,2.5016,26.5,1.5,51.3553,0.00164,51.35694,25,156.94,1,FAIL,EQUIPMENT_DRIFT
TST-000352,WFR-13,DIE-1527,EQP-102,STN-01,FS,1.2077,1.1882,45.7698,1.4284,11.2556,4.0922,0.4674,2.5996,13.1223,0.8862,0.4238,0.4168,26.91,1.91,57.2678,0.00173,57.26953,25,151.7,4,PASS,NORMAL
TST-000353,WFR-14,DIE-2240,EQP-102,STN-01,TT,0.8677,0.8603,46.8145,1.416,12.7954,4.4223,0.4615,1.9475,12.9987,0.8244,0.4133,-0.1948,27.06,2.06,53.4437,0.00123,53.44493,25,144.7,5,FAIL,LOW_VOLTAGE
TST-000354,WFR-15,DIE-2903,EQP-102,STN-03,SF,1.2023,1.1746,46.23,1.4311,11.9776,4.1225,0.4469,2.486,12.7774,0.885,0.3985,1.4221,26.68,1.68,53.7058,0.00172,53.70752,25,154.07,4,PASS,NORMAL
TST-000355,WFR-16,DIE-3616,EQP-101,STN-02,SF,1.1919,1.1798,44.035,1.3757,12.1884,4.1348,0.4426,2.5813,12.7572,0.8417,0.4215,0.9287,26.84,1.84,55.9141,0.00164,55.91574,25,147.16,3,PASS,NORMAL
TST-000356,WFR-17,DIE-4329,EQP-102,STN-02,FF,1.165,1.1425,44.939,1.7679,12.6017,4.2812,0.4549,2.6664,11.1266,0.8688,0.4298,2.0685,27.84,2.84,56.9572,0.00206,56.95926,25,153.57,2,PASS,NORMAL
TST-000357,WFR-18,DIE-5042,EQP-101,STN-01,FF,1.1996,1.177,43.1496,1.4243,12.5527,4.1764,0.4534,2.6331,11.6492,0.8355,0.4425,1.7571,27.73,2.73,52.753,0.00171,52.75471,25,150.85,3,PASS,NORMAL
TST-000358,WFR-19,DIE-0705,EQP-104,STN-02,FS,1.2116,1.1929,43.1656,1.4855,12.807,4.0666,0.468,2.4745,12.38,0.8149,0.4465,1.9597,27.54,2.54,51.5349,0.0018,51.5367,25,154.56,1,PASS,NORMAL
TST-000359,WFR-20,DIE-1418,EQP-103,STN-04,TT,1.1953,1.1763,46.2212,1.6541,13.1905,4.0917,0.4524,2.4203,12.4246,0.7932,0.4373,2.2761,28.97,3.97,55.9713,0.00198,55.97328,25,141.73,2,PASS,NORMAL
TST-000360,WFR-01,DIE-2131,EQP-105,STN-04,SF,1.2112,1.1886,46.9579,1.6267,12.5948,4.378,0.4623,2.5397,12.6306,0.8129,0.4139,1.322,29.34,4.34,52.4201,0.00197,52.42207,25,154.56,3,PASS,NORMAL
TST-000361,WFR-02,DIE-2844,EQP-105,STN-04,FF,1.1984,1.168,46.3825,1.6498,12.8948,4.381,0.452,2.604,11.5668,0.8658,0.4301,1.9683,27.61,2.61,52.5551,0.00198,52.55708,25,145.72,4,PASS,NORMAL
TST-000362,WFR-03,DIE-3507,EQP-105,STN-04,SF,1.1885,1.1692,43.9715,1.8347,12.5755,4.3851,0.429,2.3733,12.0855,0.829,0.4374,2.8863,27.73,2.73,53.7044,0.00218,53.70658,25,148.26,1,PASS,NORMAL
TST-000363,WFR-04,DIE-4220,EQP-105,STN-04,TT,1.2032,1.19,47.0444,1.2144,12.9589,4.078,0.4614,2.4964,13.3765,0.8318,0.3935,0.8133,26.63,1.63,51.8676,0.00146,51.86906,25,147.06,3,PASS,NORMAL
TST-000364,WFR-05,DIE-4933,EQP-105,STN-03,FS,1.2192,1.206,43.8008,1.4138,12.3232,4.1773,0.458,2.522,12.658,0.7824,0.4363,1.4288,27.74,2.74,53.3031,0.00172,53.30482,25,149.51,2,PASS,NORMAL
TST-000365,WFR-06,DIE-0646,EQP-103,STN-02,TT,1.2002,1.1735,40.6983,1.1779,11.8394,4.0584,0.428,2.5035,12.442,0.811,0.4472,1.726,27.07,2.07,58.2662,0.00141,58.26761,25,146.35,2,PASS,NORMAL
TST-000366,WFR-07,DIE-1309,EQP-103,STN-03,FF,1.2216,1.1946,41.7957,1.8579,12.882,4.1158,0.4452,2.6844,11.0605,0.9255,0.4195,1.9836,27.33,2.33,60.4184,0.00227,60.42067,25,149.25,5,PASS,NORMAL
TST-000367,WFR-08,DIE-2022,EQP-101,STN-01,SS,1.2362,1.217,46.5339,1.6376,12.6543,4.3136,0.4635,2.3382,13.6914,0.8846,0.4206,1.462,27.38,2.38,54.2745,0.00202,54.27652,25,141.69,5,PASS,NORMAL
TST-000368,WFR-09,DIE-2735,EQP-103,STN-01,SF,1.2252,1.2001,44.7401,1.5629,12.2484,4.1906,0.4785,2.4145,12.397,0.8373,0.4431,2.2969,26.39,1.39,51.2366,0.00191,51.23851,25,141.68,2,PASS,NORMAL
TST-000369,WFR-10,DIE-3448,EQP-105,STN-02,FS,1.1812,1.1505,43.7951,1.4714,11.9358,4.3427,0.4741,2.4422,12.432,0.8405,0.3958,2.0825,28.52,3.52,53.0326,0.00174,53.03434,25,147.44,1,PASS,NORMAL
TST-000370,WFR-11,DIE-4111,EQP-105,STN-01,TT,1.2037,1.1805,45.5008,1.6069,12.174,4.275,0.4425,2.5326,12.9557,0.8424,0.3883,1.0088,28.4,3.4,57.1419,0.00193,57.14383,25,151.69,5,PASS,NORMAL
TST-000371,WFR-12,DIE-4824,EQP-101,STN-03,SF,1.2012,1.1823,43.2731,1.416,12.1822,4.0584,0.4441,2.4668,13.0079,0.8587,0.4112,1.3353,27.61,2.61,55.8535,0.0017,55.8552,25,146.68,2,PASS,NORMAL
TST-000372,WFR-13,DIE-0537,EQP-105,STN-02,SS,1.2063,1.1911,49.1773,1.5639,12.2793,4.093,0.4667,2.2872,13.9285,0.818,0.4209,1.6491,26.36,1.36,59.5049,0.00189,59.50679,25,153.34,3,PASS,NORMAL
TST-000373,WFR-14,DIE-1250,EQP-104,STN-03,TT,1.2073,1.1854,46.5799,1.7708,12.4877,4.1876,0.4469,2.5149,12.738,0.8117,0.4193,1.3614,27.1,2.1,53.9538,0.00214,53.95594,25,152.35,4,PASS,NORMAL
TST-000374,WFR-15,DIE-1913,EQP-102,STN-03,SS,1.2077,1.1931,42.4203,1.3061,12.5366,4.1481,0.4716,1.9178,20.5394,1.2262,0.4569,-3.495,27.99,2.99,54.9203,0.00158,54.92188,25,145.64,4,FAIL,TIMING_FAILURE
TST-000375,WFR-16,DIE-2626,EQP-103,STN-03,TT,1.164,1.1529,44.4251,1.5584,13.0051,4.2929,0.4614,2.5479,12.5406,0.8246,0.427,1.3528,27.36,2.36,55.0789,0.00181,55.08071,25,149.35,3,PASS,NORMAL
TST-000376,WFR-17,DIE-3339,EQP-105,STN-01,FF,1.1991,1.1789,46.1383,1.5195,13.0596,4.3072,0.4519,2.8398,11.8122,0.8175,0.4269,0.5755,27.91,2.91,55.1958,0.00182,55.19762,25,142.77,4,PASS,NORMAL
TST-000377,WFR-18,DIE-4002,EQP-104,STN-04,SF,1.1943,1.1716,44.7785,1.5043,12.5322,4.1725,0.4588,2.5329,12.7392,0.8538,0.4343,1.2122,28.14,3.14,53.7297,0.0018,53.7315,25,148.57,2,PASS,NORMAL
TST-000378,WFR-19,DIE-4715,EQP-101,STN-02,FS,1.1923,1.1671,56.3048,4.4085,12.2401,3.9671,0.4653,2.4798,11.9298,0.8592,0.416,2.3332,101.85,76.85,52.9666,0.00526,52.97186,25,145.29,5,FAIL,THERMAL_ANOMALY
TST-000379,WFR-20,DIE-0428,EQP-104,STN-03,FF,1.1856,1.1585,44.0129,1.8651,12.4137,4.2513,0.4331,2.8367,11.445,0.7565,0.4119,1.0181,27.02,2.02,54.3717,0.00221,54.37391,25,153.39,2,PASS,NORMAL
TST-000380,WFR-01,DIE-1141,EQP-103,STN-02,TT,1.1929,1.1747,45.2689,1.5572,12.8177,4.2832,0.4303,2.5067,12.4729,0.8688,0.4038,1.6182,26.92,1.92,57.5781,0.00186,57.57996,25,147.37,2,PASS,NORMAL
TST-000381,WFR-02,DIE-1804,EQP-103,STN-03,SF,1.2189,1.1925,44.7227,1.4307,12.2686,4.153,0.4551,2.494,12.2196,0.8389,0.4417,1.9776,27.74,2.74,54.066,0.00174,54.06774,25,150.73,1,PASS,NORMAL
TST-000382,WFR-03,DIE-2517,EQP-103,STN-02,SS,1.2115,1.1893,43.3225,1.4269,12.5081,4.0887,0.4711,2.3137,13.3537,0.7952,0.4243,2.0589,27.62,2.62,55.5765,0.00173,55.57823,25,144.8,2,PASS,NORMAL
TST-000383,WFR-04,DIE-3230,EQP-102,STN-02,FF,1.2114,1.1903,44.8105,1.6722,12.4461,4.2302,0.4556,2.6685,11.6545,0.8546,0.4218,1.5437,28.02,3.02,57.6206,0.00203,57.62263,25,157.48,3,PASS,NORMAL
TST-000384,WFR-05,DIE-3943,EQP-101,STN-03,SF,1.22,1.195,42.7584,1.4867,12.875,4.2266,0.454,2.5251,12.7752,0.8825,0.3957,1.1932,27.92,2.92,48.7595,0.00181,48.76131,25,149.32,2,PASS,NORMAL
TST-000385,WFR-06,DIE-4606,EQP-105,STN-03,FF,1.2017,1.1914,43.3675,1.5011,12.8936,4.3358,0.4642,2.6625,11.4958,0.8811,0.4249,1.7076,27.86,2.86,54.0862,0.0018,54.088,25,152.8,1,PASS,NORMAL
TST-000386,WFR-07,DIE-0319,EQP-102,STN-01,FS,1.2176,1.1981,48.2688,1.619,12.7447,4.3153,0.443,2.5583,12.0906,0.8106,0.4376,1.757,27.3,2.3,58.507,0.00197,58.50897,25,151.48,3,PASS,NORMAL
TST-000387,WFR-08,DIE-1032,EQP-104,STN-03,FS,1.2233,1.214,45.1746,1.5299,12.6628,4.417,0.4415,2.6156,12.9057,0.8488,0.4293,0.5826,27.32,2.32,55.3845,0.00187,55.38637,25,142.4,1,PASS,NORMAL
TST-000388,WFR-09,DIE-1745,EQP-105,STN-01,FF,1.1809,1.164,46.2197,1.866,12.2386,4.1369,0.4296,2.7748,11.5948,0.8842,0.4268,1.0355,27.34,2.34,50.4964,0.0022,50.4986,25,148.59,3,PASS,NORMAL
TST-000389,WFR-10,DIE-2408,EQP-104,STN-03,SS,1.1835,1.1609,42.543,1.5937,13.0074,4.1518,0.4638,2.2965,13.3712,0.8785,0.4497,2.0795,27.63,2.63,52.3642,0.00189,52.36609,25,147.79,5,PASS,NORMAL
TST-000390,WFR-11,DIE-3121,EQP-105,STN-02,FS,1.2034,1.1858,46.4717,1.4747,12.6337,4.1508,0.4537,2.4735,12.769,0.816,0.4144,1.5757,26.37,1.37,53.3918,0.00177,53.39357,25,151.84,4,PASS,NORMAL
TST-000391,WFR-12,DIE-3834,EQP-103,STN-02,SF,1.1794,1.1568,45.2472,1.5647,12.6546,4.1658,0.4656,2.4696,12.1604,0.8593,0.4227,2.1649,27.32,2.32,53.4038,0.00185,53.40565,25,140.83,5,PASS,NORMAL
TST-000392,WFR-13,DIE-4547,EQP-103,STN-03,FS,1.2211,1.1998,44.3083,1.5597,12.4203,4.1207,0.4546,2.5123,12.3055,0.8262,0.4173,1.7949,28.37,3.37,49.3697,0.0019,49.3716,25,148.21,2,PASS,NORMAL
TST-000393,WFR-14,DIE-0210,EQP-102,STN-01,FS,1.1755,1.1504,48.0932,1.522,12.7009,4.238,0.4776,2.4809,12.5512,0.8526,0.4477,1.7117,27.9,2.9,55.5173,0.00179,55.51909,25,149.6,3,PASS,NORMAL
TST-000394,WFR-15,DIE-0923,EQP-105,STN-03,FF,1.1785,1.1599,42.2966,1.5663,12.511,4.1657,0.4494,2.7293,11.328,0.7818,0.4377,1.63,28.29,3.29,56.2551,0.00185,56.25695,25,151.32,2,PASS,NORMAL
TST-000395,WFR-16,DIE-1636,EQP-105,STN-04,FF,1.1882,1.1614,44.0706,1.7021,12.5813,4.0127,0.4545,2.6437,12.0816,0.8516,0.4216,1.2515,27.43,2.43,50.6556,0.00202,50.65762,25,150.92,5,PASS,NORMAL
TST-000396,WFR-17,DIE-2349,EQP-103,STN-04,FF,1.1799,1.1605,44.9196,1.6333,12.6521,4.2069,0.4536,2.6764,11.5971,0.8819,0.4352,1.5324,27.66,2.66,52.9638,0.00193,52.96573,25,147.64,2,PASS,NORMAL
TST-000397,WFR-18,DIE-3012,EQP-101,STN-03,FS,1.1991,1.1776,45.3243,1.493,11.6902,4.3061,0.4672,2.4829,12.915,0.8472,0.4277,1.3411,27.71,2.71,54.4873,0.00179,54.48909,25,151.33,5,PASS,NORMAL
TST-000398,WFR-19,DIE-3725,EQP-103,STN-04,FS,1.1892,1.177,45.7746,1.4674,13.0307,4.2433,0.4485,2.5787,12.1222,0.8919,0.4005,1.5281,27.51,2.51,52.444,0.00175,52.44575,25,151.61,4,PASS,NORMAL
TST-000399,WFR-20,DIE-4438,EQP-103,STN-02,TT,1.219,1.1997,44.1967,1.576,13.1469,4.1997,0.4425,2.439,11.9469,0.8224,0.4037,2.6059,26.86,1.86,55.6899,0.00192,55.69182,25,145.52,1,PASS,NORMAL
TST-000400,WFR-01,DIE-0101,EQP-105,STN-02,SF,1.1954,1.1798,46.8114,1.6411,13.2934,4.2041,0.4366,2.3977,12.5959,0.7693,0.4437,2.2748,28.04,3.04,49.9444,0.00196,49.94636,25,152.84,1,PASS,NORMAL
TST-000401,WFR-02,DIE-0814,EQP-102,STN-04,FF,1.1694,1.1501,45.4334,1.7022,12.322,4.214,0.4639,2.7198,11.3495,0.8363,0.4051,1.602,27.28,2.28,53.7927,0.00199,53.79469,25,150.05,3,PASS,NORMAL
TST-000402,WFR-03,DIE-1527,EQP-105,STN-03,SS,1.1915,1.1723,44.3167,1.5587,12.5435,4.0824,0.4704,2.2959,12.6193,0.8523,0.4393,2.8619,26.89,1.89,54.8976,0.00186,54.89946,25,150.7,2,PASS,NORMAL
TST-000403,WFR-04,DIE-2240,EQP-102,STN-03,TT,1.2257,1.2002,46.2253,1.4862,12.1952,4.3919,0.4595,2.4035,12.8419,0.8396,0.4177,1.9207,27.57,2.57,54.07,0.00182,54.07182,25,149.44,4,PASS,NORMAL
TST-000404,WFR-05,DIE-2903,EQP-105,STN-02,SS,1.185,1.1579,43.8144,1.4692,12.392,3.9164,0.4731,2.306,13.0792,0.8922,0.4061,2.2905,29.29,4.29,54.5949,0.00174,54.59664,25,148.75,1,PASS,NORMAL
TST-000405,WFR-06,DIE-3616,EQP-102,STN-03,FF,1.193,1.1706,45.8915,1.6961,12.643,4.3197,0.4639,2.6609,11.6206,0.8363,0.4233,1.6361,27.7,2.7,53.4711,0.00202,53.47312,25,148.46,2,PASS,NORMAL
TST-000406,WFR-07,DIE-4329,EQP-101,STN-04,FF,1.1978,1.1896,44.1133,1.7154,12.3093,4.3823,0.4495,2.6641,11.2619,0.8431,0.3945,1.971,27.56,2.56,55.7668,0.00205,55.76885,25,152.86,5,PASS,NORMAL
TST-000407,WFR-08,DIE-5042,EQP-104,STN-02,SF,1.1976,1.1754,46.622,1.514,12.3236,4.3567,0.4631,2.5281,12.4916,0.8758,0.4387,1.4659,27.67,2.67,55.2032,0.00181,55.20501,25,146.08,4,PASS,NORMAL
TST-000408,WFR-09,DIE-0705,EQP-104,STN-02,FS,1.1885,1.1618,43.6012,1.3376,12.5705,4.1078,0.4427,2.5862,12.4329,0.8659,0.4341,1.2012,28.71,3.71,54.6063,0.00159,54.60789,25,144.05,4,PASS,NORMAL
TST-000409,WFR-10,DIE-1418,EQP-104,STN-03,TT,1.2007,1.1772,44.4593,1.4158,13.18,4.1673,0.433,2.4875,12.0837,0.9025,0.4265,2.0892,26.79,1.79,53.228,0.0017,53.2297,25,155.13,3,PASS,NORMAL
TST-000410,WFR-11,DIE-2131,EQP-101,STN-04,SS,1.1929,1.1759,44.6716,1.667,12.8236,4.2818,0.452,2.3412,12.9924,0.873,0.4029,2.152,27.49,2.49,53.3041,0.00199,53.30609,25,146.75,3,PASS,NORMAL
TST-000411,WFR-12,DIE-2844,EQP-103,STN-03,TT,1.1788,1.1595,45.6046,1.4557,12.4744,4.4764,0.4656,2.3419,12.899,0.8386,0.4137,2.275,28.48,3.48,49.8298,0.00172,49.83152,25,136.93,2,PASS,NORMAL
TST-000412,WFR-13,DIE-3507,EQP-102,STN-02,TT,1.2089,1.1855,44.5382,1.5925,12.7937,4.1325,0.4624,2.4596,12.5187,0.8939,0.437,1.8338,26.75,1.75,52.3406,0.00193,52.34253,25,156.97,1,PASS,NORMAL
TST-000413,WFR-14,DIE-4220,EQP-105,STN-03,FS,1.2014,1.1828,44.8902,1.6627,12.7304,4.1809,0.4436,2.5834,12.3984,0.8503,0.4067,1.2671,27.74,2.74,54.2555,0.002,54.2575,25,145.56,2,PASS,NORMAL
TST-000414,WFR-15,DIE-4933,EQP-102,STN-01,FS,1.2169,1.1941,46.3014,1.4546,12.5108,4.2092,0.4366,2.4548,12.9391,0.8528,0.4183,1.4843,27.65,2.65,55.8383,0.00177,55.84007,25,152.86,5,PASS,NORMAL
TST-000415,WFR-16,DIE-0646,EQP-104,STN-02,TT,1.1935,1.1698,43.4066,1.5884,12.12,4.3313,0.4424,2.4714,12.8294,0.8191,0.4409,1.5251,25.98,0.98,51.6472,0.0019,51.6491,25,151.42,3,PASS,NORMAL
TST-000416,WFR-17,DIE-1309,EQP-102,STN-03,SS,1.1831,1.1642,46.1737,1.428,12.7161,4.3538,0.4709,2.3544,12.9537,0.8798,0.3991,2.0941,27.51,2.51,56.7023,0.00169,56.70399,25,145.18,3,PASS,NORMAL
TST-000417,WFR-18,DIE-2022,EQP-102,STN-01,FF,1.1925,1.1723,44.1193,1.7074,12.4417,4.2809,0.4571,2.665,11.9943,0.8598,0.4262,1.2172,26.51,1.51,58.2358,0.00204,58.23784,25,153.11,2,PASS,NORMAL
TST-000418,WFR-19,DIE-2735,EQP-103,STN-03,FF,1.2066,1.1924,46.0684,1.8996,14.8571,5.1927,0.6132,2.3847,14.2669,0.8632,0.4516,0.5951,27.36,2.36,54.2613,0.00229,54.26359,25,142.03,5,FAIL,PROCESS_VARIATION
TST-000419,WFR-20,DIE-3448,EQP-102,STN-03,TT,1.2033,1.1828,44.8311,1.5989,12.2933,4.3474,0.4648,2.5542,12.9316,0.8517,0.392,0.8984,28.63,3.63,51.5923,0.00192,51.59422,25,145.16,3,PASS,NORMAL
TST-000420,WFR-01,DIE-4111,EQP-105,STN-04,SS,1.2093,1.1905,45.0421,1.5441,12.3679,4.1914,0.4698,2.2753,13.2912,0.8409,0.4247,2.3492,26.46,1.46,54.7271,0.00187,54.72897,25,150.82,2,PASS,NORMAL
TST-000421,WFR-02,DIE-4824,EQP-102,STN-04,FF,1.2154,1.1902,46.3516,1.6005,12.9211,4.1122,0.4391,2.6793,11.4942,0.8581,0.4173,1.6439,27.79,2.79,52.8913,0.00195,52.89325,25,149.44,2,PASS,NORMAL
TST-000422,WFR-03,DIE-0537,EQP-103,STN-03,FS,1.2181,1.2067,53.9732,3.3755,11.8702,4.2796,0.4637,2.5217,12.5235,0.8246,0.427,1.5228,90.88,65.88,56.0154,0.00411,56.01951,25,149.88,3,FAIL,THERMAL_ANOMALY
TST-000423,WFR-04,DIE-1250,EQP-105,STN-01,SS,1.1866,1.174,48.0008,1.4555,15.8632,5.5183,0.6763,1.9931,17.1081,0.9027,0.4328,0.8041,28.89,3.89,54.5033,0.00173,54.50503,25,153.18,1,FAIL,PROCESS_VARIATION
TST-000424,WFR-05,DIE-1913,EQP-102,STN-01,FS,1.2214,1.196,45.4229,1.2733,12.0555,4.2945,0.4463,2.1364,22.1465,1.1644,0.4076,-1.3917,27.53,2.53,52.6326,0.00156,52.63416,25,153.73,2,FAIL,TIMING_FAILURE
TST-000425,WFR-06,DIE-2626,EQP-105,STN-03,SF,1.184,1.1592,46.3376,1.4353,12.7214,4.2616,0.4569,2.5336,12.8785,0.843,0.4252,1.0796,26.36,1.36,55.8573,0.0017,55.859,25,150.65,2,PASS,NORMAL
TST-000426,WFR-07,DIE-3339,EQP-101,STN-01,SS,1.185,1.16,45.373,1.4879,12.1993,4.1584,0.4692,2.2135,13.4681,0.8253,0.4133,2.6481,26.8,1.8,51.9188,0.00176,51.92056,25,144.59,3,PASS,NORMAL
TST-000427,WFR-08,DIE-4002,EQP-101,STN-02,SF,1.2087,1.19,44.7237,1.5522,12.5546,4.1674,0.4444,2.4401,13.2165,0.8086,0.4128,1.3431,27,2,55.1194,0.00188,55.12128,25,147.09,3,PASS,NORMAL
TST-000428,WFR-09,DIE-4715,EQP-103,STN-01,TT,1.181,1.1622,44.9677,1.5029,12.1664,4.3692,0.4591,2.4877,12.5394,0.8801,0.4112,1.6547,27.08,2.08,53.3078,0.00177,53.30957,25,144.5,4,PASS,NORMAL
TST-000429,WFR-10,DIE-0428,EQP-102,STN-04,FS,1.2022,1.1875,44.4715,1.4701,13.0745,4.1822,0.4554,2.6107,12.6956,0.8778,0.4036,0.7906,26.54,1.54,55.1444,0.00177,55.14617,25,142.04,1,PASS,NORMAL
TST-000430,WFR-11,DIE-1141,EQP-104,STN-01,SF,1.1833,1.1594,45.4536,1.4237,12.5961,4.1249,0.4473,2.4584,12.2459,0.8152,0.3967,2.1927,27.7,2.7,52.1675,0.00168,52.16918,25,149.1,1,PASS,NORMAL
TST-000431,WFR-12,DIE-1804,EQP-102,STN-03,SF,1.1976,1.1747,46.425,1.435,12.7771,4.3156,0.4494,2.4667,12.7042,0.8445,0.4184,1.6538,27.37,2.37,52.3929,0.00172,52.39462,25,143.35,1,PASS,NORMAL
TST-000432,WFR-13,DIE-2517,EQP-102,STN-02,SS,1.201,1.1834,45.8273,1.4855,12.0793,4.2064,0.4707,2.3826,14.2022,0.8772,0.4134,0.6597,26.98,1.98,55.0103,0.00178,55.01208,25,147.19,3,PASS,NORMAL
TST-000433,WFR-14,DIE-3230,EQP-101,STN-03,SF,1.2099,1.1968,44.7435,1.3322,12.3863,4.4385,0.459,2.0577,19.0141,1.3181,0.4197,-3.0929,27.53,2.53,55.7907,0.00161,55.79231,25,149.92,3,FAIL,TIMING_FAILURE
TST-000434,WFR-15,DIE-3943,EQP-105,STN-04,SF,1.2046,1.1885,46.4384,1.4237,11.9413,4.1333,0.463,2.5594,12.4556,0.8752,0.415,1.3211,27.98,2.98,51.9405,0.00171,51.94221,25,155.51,2,PASS,NORMAL
TST-000435,WFR-16,DIE-4606,EQP-105,STN-04,FS,1.2052,1.1868,43.2813,1.5877,12.339,4.243,0.4303,2.4932,12.856,0.863,0.4239,1.3219,27.25,2.25,52.6483,0.00191,52.65021,25,146.77,2,PASS,NORMAL
TST-000436,WFR-17,DIE-0319,EQP-102,STN-04,SS,1.2124,1.1938,43.9637,1.3255,12.5879,4.3171,0.4447,2.2108,13.4466,0.9093,0.4337,2.6063,28.58,3.58,54.3909,0.00161,54.39251,25,159.65,5,PASS,NORMAL
TST-000437,WFR-18,DIE-1032,EQP-104,STN-01,SS,1.209,1.1837,45.5651,1.5124,12.7605,3.9004,0.4896,2.2628,13.5788,0.8174,0.4143,2.1762,27.58,2.58,55.7913,0.00183,55.79313,25,147.21,4,PASS,NORMAL
TST-000438,WFR-19,DIE-1745,EQP-102,STN-01,SS,1.1828,1.1612,45.828,1.362,13.2428,4.2747,0.4765,2.2615,13.2509,0.8313,0.4235,2.4997,29.25,4.25,53.5143,0.00161,53.51591,25,147.12,2,PASS,NORMAL
TST-000439,WFR-20,DIE-2408,EQP-104,STN-04,SF,1.1981,1.1773,44.1614,1.3692,12.0219,4.1759,0.441,2.6112,12.2018,0.8422,0.4394,1.3172,28.62,3.62,56.236,0.00164,56.23764,25,154.24,3,PASS,NORMAL
TST-000440,WFR-01,DIE-3121,EQP-101,STN-02,TT,1.1933,1.1768,43.6926,1.3663,12.2759,4.0735,0.4638,2.4625,13.1586,0.8126,0.4003,1.2572,26.26,1.26,56.4287,0.00163,56.43033,25,146.86,1,PASS,NORMAL
TST-000441,WFR-02,DIE-3834,EQP-101,STN-02,TT,1.1771,1.1553,42.2821,1.3522,12.3822,4.3359,0.4342,2.5871,12.6885,0.8372,0.4411,0.9693,27.24,2.24,53.9024,0.00159,53.90399,25,148.19,4,PASS,NORMAL
TST-000442,WFR-03,DIE-4547,EQP-104,STN-02,SS,1.1825,1.158,46.5203,1.6263,12.3115,4.1925,0.4868,2.324,13.4532,0.8662,0.4339,1.8166,27.17,2.17,54.6182,0.00192,54.62012,25,147.11,5,PASS,NORMAL
TST-000443,WFR-04,DIE-0210,EQP-101,STN-04,FS,1.2042,1.1789,43.1337,1.5593,12.4728,4.0605,0.4371,2.5169,12.9853,0.9166,0.4402,0.9974,27.4,2.4,59.8957,0.00188,59.89758,25,144.14,1,PASS,NORMAL
TST-000444,WFR-05,DIE-0923,EQP-103,STN-01,TT,1.1972,1.1819,44.0727,1.6915,12.5446,4.2664,0.4544,2.4252,12.3594,0.8601,0.4346,2.2431,26.85,1.85,54.7661,0.00203,54.76813,25,146.08,1,PASS,NORMAL
TST-000445,WFR-06,DIE-1636,EQP-103,STN-03,SS,1.2,1.182,45.9412,1.6563,12.9177,4.1369,0.4656,2.3091,12.8679,0.876,0.4152,2.4962,28.74,3.74,58.6623,0.00199,58.66429,25,151.18,3,PASS,NORMAL
TST-000446,WFR-07,DIE-2349,EQP-104,STN-04,SS,1.1848,1.1642,45.5221,1.5572,12.7769,4.3085,0.4503,2.3643,13.7569,0.7824,0.4224,1.3216,27.81,2.81,54.9383,0.00184,54.94014,25,147.08,3,PASS,NORMAL
TST-000447,WFR-08,DIE-3012,EQP-102,STN-01,FS,1.1946,1.1731,43.8707,1.4382,12.3428,4.0581,0.4425,2.5858,12.006,0.811,0.4622,1.6853,27.71,2.71,54.3197,0.00172,54.32142,25,143.11,1,PASS,NORMAL
TST-000448,WFR-09,DIE-3725,EQP-104,STN-03,TT,1.2133,1.1884,44.8966,1.3048,11.8835,4.2353,0.4462,2.4523,12.7565,0.84,0.3961,1.6953,28.24,3.24,56.203,0.00158,56.20458,25,148.82,5,PASS,NORMAL
TST-000449,WFR-10,DIE-4438,EQP-105,STN-02,SS,1.2323,1.2124,47.3159,1.4858,12.1987,4.3061,0.4812,2.3249,13.1397,0.8189,0.4367,2.1711,26.18,1.18,54.0424,0.00183,54.04423,25,156.97,1,PASS,NORMAL
TST-000450,WFR-11,DIE-0101,EQP-101,STN-03,SF,1.2147,1.1921,45.4007,1.4152,12.7362,4.3682,0.4411,2.5,13.129,0.8188,0.4092,1.0522,27.48,2.48,57.059,0.00172,57.06072,25,151.11,4,PASS,NORMAL
TST-000451,WFR-12,DIE-0814,EQP-103,STN-01,SF,1.1993,1.1837,44.8423,1.4399,12.1473,4.0823,0.4459,2.4337,11.8494,0.8682,0.4189,2.691,28.36,3.36,54.772,0.00173,54.77373,25,151.03,4,PASS,NORMAL
TST-000452,WFR-13,DIE-1527,EQP-105,STN-03,TT,1.1982,1.1785,44.4847,1.4595,11.7796,4.1495,0.4474,2.4474,12.435,0.8518,0.4357,2.0356,28.43,3.43,57.9865,0.00175,57.98825,25,156.96,4,PASS,NORMAL
TST-000453,WFR-14,DIE-2240,EQP-105,STN-03,FF,1.1974,1.1729,43.6342,1.736,12.3726,4.1446,0.4374,2.733,11.9282,0.8328,0.4191,0.9602,28.27,3.27,54.598,0.00208,54.60008,25,146.3,2,PASS,NORMAL
TST-000454,WFR-15,DIE-2903,EQP-102,STN-02,TT,1.2127,1.1963,42.6861,1.4663,12.6087,3.9911,0.4526,2.471,12.6092,0.8403,0.4275,1.7265,28.6,3.6,52.9351,0.00178,52.93688,25,155.25,2,PASS,NORMAL
TST-000455,WFR-16,DIE-3616,EQP-105,STN-02,FS,1.2229,1.2139,45.8894,1.6756,12.7828,4.3792,0.4361,2.4266,12.5474,0.8304,0.4075,2.0759,27.93,2.93,54.4017,0.00205,54.40375,25,145.68,3,PASS,NORMAL
TST-000456,WFR-17,DIE-4329,EQP-105,STN-01,SS,1.183,1.1634,44.481,1.5056,13.1161,4.1179,0.4711,2.3511,13.5408,0.849,0.4202,1.5602,26.49,1.49,53.6715,0.00178,53.67328,25,154.33,1,PASS,NORMAL
TST-000457,WFR-18,DIE-5042,EQP-105,STN-04,TT,1.1785,1.1562,45.3752,1.4132,12.7439,4.536,0.4412,2.5879,12.6237,0.8291,0.4267,1.0377,26.65,1.65,54.0961,0.00167,54.09777,25,143.81,1,PASS,NORMAL
TST-000458,WFR-19,DIE-0705,EQP-101,STN-02,FF,1.2009,1.1757,47.2514,1.6789,12.6848,4.4222,0.4662,2.7105,10.9884,0.8571,0.4209,1.9896,27.04,2.04,53.5046,0.00202,53.50662,25,150.23,1,PASS,NORMAL
TST-000459,WFR-20,DIE-1418,EQP-103,STN-02,SF,1.1854,1.164,43.872,1.3671,12.3346,4.331,0.4455,2.5151,12.8688,0.8265,0.4199,1.2146,26.59,1.59,56.3976,0.00162,56.39922,25,145.97,5,PASS,NORMAL
TST-000460,WFR-01,DIE-2131,EQP-104,STN-01,FF,1.1972,1.1806,45.5439,2.01,12.5602,4.0608,0.4538,2.5719,11.5719,0.8379,0.4236,2.1709,26.24,1.24,55.7809,0.00241,55.78331,25,152.54,3,PASS,NORMAL
TST-000461,WFR-02,DIE-2844,EQP-104,STN-01,TT,1.1867,1.1665,44.5881,1.4563,12.5261,4.2479,0.4443,2.5387,12.9212,0.9224,0.4158,0.9277,27.65,2.65,54.3137,0.00173,54.31543,25,145.6,5,PASS,NORMAL
TST-000462,WFR-03,DIE-3507,EQP-101,STN-01,SS,1.189,1.1663,56.1925,8.7048,13.0061,4.213,0.4678,2.3958,13.7225,0.8654,0.4437,1.0645,49.8,24.8,51.7984,0.01035,51.80875,25,150.72,1,FAIL,HIGH_LEAKAGE
TST-000463,WFR-04,DIE-4220,EQP-101,STN-01,FS,1.2264,1.2051,44.6431,1.3964,11.608,4.1906,0.4636,2.4605,11.9615,0.8673,0.422,2.412,26.93,1.93,56.1901,0.00171,56.19181,25,154.69,2,PASS,NORMAL
TST-000464,WFR-05,DIE-4933,EQP-105,STN-01,FS,1.2329,1.2152,41.8542,1.6565,12.2917,4.0315,0.4585,2.536,12.4893,0.8819,0.403,1.4159,28.08,3.08,53.7592,0.00204,53.76124,25,151.63,3,PASS,NORMAL
TST-000465,WFR-06,DIE-0646,EQP-103,STN-02,TT,1.2086,1.1925,43.4125,1.6312,12.9395,4.1268,0.4587,2.5467,12.4749,0.8898,0.4218,1.3602,27.87,2.87,48.8184,0.00197,48.82037,25,152.56,3,PASS,NORMAL
TST-000466,WFR-07,DIE-1309,EQP-105,STN-03,FS,1.2249,1.206,58.4669,11.3186,11.872,4.3079,0.4451,2.4767,12.3773,0.8601,0.4093,1.9037,56.26,31.26,57.0925,0.01386,57.10636,25,149.35,2,FAIL,HIGH_LEAKAGE
TST-000467,WFR-08,DIE-2022,EQP-104,STN-02,SF,1.1842,1.1644,43.889,1.579,12.4024,4.2488,0.4534,2.4934,12.5921,0.8423,0.4159,1.6053,27.48,2.48,52.1492,0.00187,52.15107,25,141.13,1,PASS,NORMAL
TST-000468,WFR-09,DIE-2735,EQP-104,STN-02,SF,1.2138,1.2012,45.4856,1.6466,12.0577,4.0876,0.4516,2.3719,12.4019,0.8183,0.4175,2.5899,27.3,2.3,56.4105,0.002,56.4125,25,157.58,4,PASS,NORMAL
TST-000469,WFR-10,DIE-3448,EQP-105,STN-03,FF,1.2263,1.1965,48.0148,1.7459,11.961,4.2596,0.459,2.7184,11.6042,0.8664,0.4181,1.3243,26.7,1.7,56.5572,0.00214,56.55934,25,152.38,1,PASS,NORMAL
TST-000470,WFR-11,DIE-4111,EQP-101,STN-02,TT,1.1758,1.1606,42.787,1.6341,13.1872,4.284,0.4617,2.4956,12.1599,0.8639,0.412,2.0026,27.19,2.19,51.7858,0.00192,51.78772,25,152.06,3,PASS,NORMAL
TST-000471,WFR-12,DIE-4824,EQP-102,STN-01,SF,1.1899,1.1787,45.2502,1.6602,12.8277,4.2408,0.4463,2.4742,11.5285,0.9175,0.4132,2.7104,28.13,3.13,56.3186,0.00198,56.32058,25,147.25,3,PASS,NORMAL
TST-000472,WFR-13,DIE-0537,EQP-104,STN-04,SS,1.2023,1.1889,44.5682,1.2291,12.4057,4.0311,0.4611,2.2783,13.546,0.8605,0.4202,2.0531,27.9,2.9,53.0702,0.00148,53.07168,25,148.89,1,PASS,NORMAL
TST-000473,WFR-14,DIE-1250,EQP-103,STN-03,SS,1.2272,1.2082,45.6873,1.5735,12.928,4.2533,0.4545,2.3328,14.2056,0.8984,0.4119,0.9711,27.14,2.14,56.4224,0.00193,56.42433,25,149.1,3,PASS,NORMAL
TST-000474,WFR-15,DIE-1913,EQP-101,STN-01,SS,1.1966,1.1728,46.0932,1.5446,12.1472,4.3818,0.481,2.3023,13.5823,0.8838,0.4168,1.822,27.01,2.01,56.6225,0.00185,56.62435,25,146.55,4,PASS,NORMAL
TST-000475,WFR-16,DIE-2626,EQP-102,STN-01,FF,1.1952,1.1832,43.9757,1.6084,12.6962,4.1805,0.4584,2.8314,11.4189,0.8666,0.4042,0.9588,27.14,2.14,48.7003,0.00192,48.70222,25,153.23,4,PASS,NORMAL
TST-000476,WFR-17,DIE-3339,EQP-105,STN-04,FS,1.1822,1.1576,44.2164,1.5927,12.3369,4.1418,0.4315,2.5734,12.1686,0.8428,0.408,1.5608,27.39,2.39,54.9901,0.00188,54.99198,25,150.51,5,PASS,NORMAL
TST-000477,WFR-18,DIE-4002,EQP-102,STN-02,TT,1.2083,1.1826,45.1327,1.5674,12.1236,4.2495,0.4526,2.5703,12.3363,0.8608,0.4347,1.3926,27.88,2.88,51.6624,0.00189,51.66429,25,154.88,1,PASS,NORMAL
TST-000478,WFR-19,DIE-4715,EQP-101,STN-04,SF,1.1911,1.1762,57.5656,2.614,12.2893,4.2405,0.4518,2.365,12.5554,0.8066,0.4174,2.4942,98.77,73.77,55.4061,0.00311,55.40921,25,149.86,3,FAIL,THERMAL_ANOMALY
TST-000479,WFR-20,DIE-0428,EQP-102,STN-04,FF,1.2062,1.1902,48.947,1.5265,11.957,4.276,0.463,2.6675,11.7756,0.8232,0.4144,1.4593,26.89,1.89,54.4026,0.00184,54.40444,25,148.46,1,PASS,NORMAL
TST-000480,WFR-01,DIE-1141,EQP-102,STN-04,SF,1.1946,1.1721,46.0969,1.4944,12.0091,4.0907,0.4434,2.2583,18.4913,1.364,0.3919,-1.6533,27.39,2.39,55.5746,0.00179,55.57639,25,151.19,1,FAIL,TIMING_FAILURE
TST-000481,WFR-02,DIE-1804,EQP-101,STN-02,FS,1.1754,1.1555,45.2219,1.4885,12.7235,4.2574,0.4286,2.562,12.225,0.8789,0.4088,1.5331,28.72,3.72,55.8693,0.00175,55.87105,25,151.51,1,PASS,NORMAL
TST-000482,WFR-03,DIE-2517,EQP-103,STN-01,FS,1.1922,1.175,73.8525,1.6838,12.3421,4.3556,0.4324,2.4624,11.906,0.8706,0.4294,2.4524,49.42,24.42,90.0816,0.00201,90.08361,25,154.4,4,FAIL,POWER_ANOMALY
TST-000483,WFR-04,DIE-3230,EQP-102,STN-02,FS,1.1982,1.175,43.1383,1.3727,12.3684,4.2087,0.4577,2.4558,12.7604,0.8934,0.4311,1.6162,27.83,2.83,53.9472,0.00164,53.94884,25,151.06,5,PASS,NORMAL
TST-000484,WFR-05,DIE-3943,EQP-101,STN-04,FS,1.2027,1.1809,43.4095,1.4802,12.9163,4.1137,0.4504,2.5399,12.5721,0.855,0.4196,1.3373,26.92,1.92,50.8395,0.00178,50.84128,25,153.77,1,PASS,NORMAL
TST-000485,WFR-06,DIE-4606,EQP-103,STN-04,TT,1.1811,1.1661,44.8174,1.5408,12.6467,4.1247,0.4404,2.2044,20.9108,1.1633,0.422,-1.4776,26.67,1.67,51.5813,0.00182,51.58312,25,151.84,2,FAIL,TIMING_FAILURE
TST-000486,WFR-07,DIE-0319,EQP-103,STN-01,FS,1.2165,1.1927,45.0854,1.5034,12.7267,4.3049,0.4594,2.4858,13.3549,0.8642,0.4246,0.8666,27.14,2.14,55.6834,0.00183,55.68523,25,153.38,3,PASS,NORMAL
TST-000487,WFR-08,DIE-1032,EQP-103,STN-02,TT,1.2068,1.1866,44.9147,1.5062,12.2064,4.1706,0.4478,2.5136,12.6572,0.8089,0.3977,1.4527,27.61,2.61,52.2457,0.00182,52.24752,25,146.57,2,PASS,NORMAL
TST-000488,WFR-09,DIE-1745,EQP-104,STN-01,FF,1.1801,1.1741,46.1741,1.5425,12.1297,4.2625,0.4579,2.6645,11.3727,0.8321,0.4419,1.8691,26.5,1.5,51.6616,0.00182,51.66342,25,152.37,3,PASS,NORMAL
TST-000489,WFR-10,DIE-2408,EQP-105,STN-02,SF,1.2173,1.1988,47.4656,1.6528,12.7635,4.1269,0.4751,2.4956,12.5269,0.896,0.4091,1.6035,26.99,1.99,51.9697,0.00201,51.97171,25,146.15,4,PASS,NORMAL
TST-000490,WFR-11,DIE-3121,EQP-104,STN-04,SS,1.1965,1.1757,46.9063,1.5751,12.35,3.9425,0.4799,2.3066,13.5022,0.8262,0.4164,1.9293,27.85,2.85,51.8129,0.00188,51.81478,25,149.55,3,PASS,NORMAL
TST-000491,WFR-12,DIE-3834,EQP-104,STN-01,FS,1.1899,1.1745,43.6805,1.5019,12.2707,4.2203,0.4299,2.6006,12.47,0.8262,0.4117,1.1235,27.62,2.62,55.5969,0.00179,55.59869,25,153.69,3,PASS,NORMAL
TST-000492,WFR-13,DIE-4547,EQP-103,STN-04,SS,1.1828,1.1665,43.7377,1.6578,12.4563,4.1746,0.4677,2.3384,13.8363,0.904,0.4253,1.2963,27.49,2.49,51.1453,0.00196,51.14726,25,153.24,3,PASS,NORMAL
TST-000493,WFR-14,DIE-0210,EQP-103,STN-03,SS,1.1915,1.1653,46.2313,1.5492,12.1481,4.1608,0.4714,2.3165,13.1232,0.8311,0.4208,2.2339,27.72,2.72,56.831,0.00185,56.83285,25,152.48,4,PASS,NORMAL
TST-000494,WFR-15,DIE-0923,EQP-105,STN-03,SS,1.2174,1.1945,45.7054,1.6387,12.0604,4.0829,0.4736,2.395,13.9281,0.8583,0.4137,0.8712,29.38,4.38,50.566,0.00199,50.56799,25,154.85,1,PASS,NORMAL
TST-000495,WFR-16,DIE-1636,EQP-103,STN-03,SF,1.1923,1.1725,43.9325,1.4948,11.7528,4.2783,0.4546,2.4463,12.0431,0.879,0.3987,2.4072,27.96,2.96,55.9917,0.00178,55.99348,25,152.08,5,PASS,NORMAL
TST-000496,WFR-17,DIE-2349,EQP-102,STN-04,SS,1.178,1.1622,44.0169,1.6434,11.876,4.1159,0.4781,2.307,14.3659,0.8564,0.4257,1.0326,26.83,1.83,57.2582,0.00194,57.26014,25,158.13,5,PASS,NORMAL
TST-000497,WFR-18,DIE-3012,EQP-105,STN-01,TT,1.2183,1.1931,45.3178,1.6119,12.9542,4.1378,0.445,2.5841,13.0509,0.9229,0.388,0.538,25.66,0.66,53.3771,0.00196,53.37906,25,147.2,1,PASS,NORMAL
TST-000498,WFR-19,DIE-3725,EQP-102,STN-03,FF,1.2079,1.1893,46.4179,1.4668,11.6987,4.4041,0.4379,2.7041,11.2072,0.8551,0.4354,1.8055,26.61,1.61,55.5289,0.00177,55.53067,25,149.89,4,PASS,NORMAL
TST-000499,WFR-20,DIE-4438,EQP-102,STN-01,FS,1.1958,1.179,45.9327,1.4078,11.7706,4.0785,0.437,2.5811,12.5971,0.8196,0.4096,1.112,26.87,1.87,55.4695,0.00168,55.47118,25,151.42,2,PASS,NORMAL
TST-000500,WFR-01,DIE-0101,EQP-101,STN-03,SS,1.2186,1.1979,45.3922,1.619,11.6486,4.1642,0.4907,2.312,13.6152,0.8337,0.4111,1.7708,27.67,2.67,50.5596,0.00197,50.56157,25,152.19,3,PASS,NORMAL
TST-000501,WFR-02,DIE-0814,EQP-101,STN-02,SS,1.2003,1.1783,47.3244,1.4849,12.6879,4.2241,0.4804,2.2452,13.4602,0.7555,0.4286,2.4866,29.06,4.06,52.3843,0.00178,52.38608,25,145.36,1,PASS,NORMAL
TST-000502,WFR-03,DIE-1527,EQP-102,STN-02,FS,1.2095,1.1881,46.4894,1.5294,12.5066,4.1831,0.4519,2.4442,12.9604,0.8915,0.4156,1.4905,27.71,2.71,52.3286,0.00185,52.33045,25,152.64,4,PASS,NORMAL
TST-000503,WFR-04,DIE-2240,EQP-102,STN-02,FS,1.2076,1.1971,43.5976,1.5748,11.902,4.2581,0.454,2.4443,12.6998,0.8274,0.4136,1.8146,28.75,3.75,56.3134,0.0019,56.3153,25,145.62,2,PASS,NORMAL
TST-000504,WFR-05,DIE-2903,EQP-103,STN-02,SS,1.2186,1.2037,45.0315,1.4785,12.6282,4.2636,0.4676,2.4964,13.3805,0.8449,0.4431,0.7962,27.08,2.08,54.5664,0.0018,54.5682,25,148.21,1,PASS,NORMAL
TST-000505,WFR-06,DIE-3616,EQP-103,STN-02,FF,1.204,1.1853,47.2236,1.9373,12.449,4.0717,0.458,2.7727,12.0595,0.8443,0.4293,0.6209,26.56,1.56,53.6602,0.00233,53.66253,25,146.81,4,PASS,NORMAL
TST-000506,WFR-07,DIE-4329,EQP-105,STN-01,FS,1.1892,1.1774,46.2915,1.5298,12.4274,4.2557,0.4679,2.4854,13.1424,0.8057,0.4037,1.14,28.67,3.67,56.06,0.00182,56.06182,25,148.06,1,PASS,NORMAL
TST-000507,WFR-08,DIE-5042,EQP-102,STN-01,SF,1.2169,1.1949,46.2246,1.6562,12.6149,3.9571,0.4547,2.5626,12.5351,0.8508,0.408,1.2477,27.86,2.86,55.0426,0.00202,55.04462,25,154.52,1,PASS,NORMAL
TST-000508,WFR-09,DIE-0705,EQP-105,STN-04,SF,1.2041,1.1799,45.5049,1.5902,11.6777,4.2164,0.449,2.166,18.2399,1.1404,0.412,-1.1049,27.53,2.53,54.7642,0.00191,54.76611,25,151.41,5,FAIL,TIMING_FAILURE
TST-000509,WFR-10,DIE-1418,EQP-103,STN-04,SS,1.1943,1.1781,47.1692,1.4055,13.0039,4.399,0.489,2.169,13.3543,0.8392,0.413,3.0956,27.93,2.93,54.3434,0.00168,54.34508,25,148.65,5,PASS,NORMAL
TST-000510,WFR-11,DIE-2131,EQP-102,STN-02,FF,1.2192,1.1943,45.6727,1.5045,12.9226,4.1525,0.4324,2.6712,11.6057,0.888,0.4187,1.5449,27.41,2.41,54.0882,0.00183,54.09003,25,151.73,1,PASS,NORMAL
TST-000511,WFR-12,DIE-2844,EQP-103,STN-02,FF,0.8958,0.8913,45.2936,1.8381,12.2702,4.1178,0.459,1.9913,11.2974,0.8586,0.4068,-0.7572,25.68,0.68,57.3452,0.00165,57.34685,25,152.76,1,FAIL,LOW_VOLTAGE
TST-000512,WFR-13,DIE-3507,EQP-104,STN-04,SS,1.2005,1.1725,44.7617,1.6494,11.9039,4.2881,0.4658,2.3007,13.8559,0.876,0.4097,1.5675,27.72,2.72,56.1084,0.00198,56.11038,25,154.34,1,PASS,NORMAL
TST-000513,WFR-14,DIE-4220,EQP-102,STN-02,FF,1.1886,1.1664,47.7883,1.9091,12.4937,4.2556,0.4569,2.7692,11.8872,0.8445,0.4176,0.8101,27.96,2.96,52.7168,0.00227,52.71907,25,154.93,3,PASS,NORMAL
TST-000514,WFR-15,DIE-4933,EQP-102,STN-01,SS,1.217,1.1892,45.1356,1.5714,12.6554,3.9199,0.4561,2.2523,13.3473,0.7931,0.4295,2.5092,27.81,2.81,53.136,0.00191,53.13791,25,150.15,4,PASS,NORMAL
TST-000515,WFR-16,DIE-0646,EQP-102,STN-04,FF,1.2114,1.1816,46.4973,1.8876,13.0214,4.381,0.4477,2.75,12.122,0.819,0.4283,0.6954,28.06,3.06,54.4322,0.00229,54.43449,25,148.06,2,PASS,NORMAL
TST-000516,WFR-17,DIE-1309,EQP-101,STN-03,TT,1.2112,1.2002,46.4688,1.5496,12.725,4.2311,0.4447,2.5031,12.9315,0.8777,0.3945,1.1722,26.72,1.72,57.4661,0.00188,57.46798,25,147.25,1,PASS,NORMAL
TST-000517,WFR-18,DIE-2022,EQP-105,STN-03,FF,1.2291,1.2077,43.0213,1.8459,12.4794,3.9842,0.4603,2.6331,11.4153,0.8561,0.407,1.9704,26.83,1.83,51.8399,0.00227,51.84217,25,140.35,5,PASS,NORMAL
TST-000518,WFR-19,DIE-2735,EQP-105,STN-01,SS,1.2123,1.1813,47.7101,1.4396,13.3249,4.2249,0.4806,2.2636,13.2946,0.8579,0.4259,2.414,27.51,2.51,56.5909,0.00175,56.59265,25,145.03,1,PASS,NORMAL
TST-000519,WFR-20,DIE-3448,EQP-105,STN-02,TT,1.2149,1.1903,45.4935,1.7092,12.4209,4.1518,0.4575,2.452,12.2245,0.8254,0.3938,2.2437,28.58,3.58,55.094,0.00208,55.09608,25,143.48,1,PASS,NORMAL
TST-000520,WFR-01,DIE-4111,EQP-101,STN-04,SS,1.1929,1.17,46.7211,1.4683,12.455,4.3213,0.4745,2.199,13.5733,0.8925,0.4025,2.5874,25.89,0.89,52.0972,0.00175,52.09895,25,152.09,5,PASS,NORMAL
TST-000521,WFR-02,DIE-4824,EQP-103,STN-02,FS,1.2058,1.1897,46.5646,1.3259,12.2301,4.1421,0.4506,2.4802,12.7419,0.849,0.433,1.5288,26.93,1.93,50.0954,0.0016,50.097,25,155.66,3,PASS,NORMAL
TST-000522,WFR-03,DIE-0537,EQP-102,STN-03,SF,1.2188,1.1986,47.8348,1.5739,12.5667,4.0966,0.4598,2.5268,12.5919,0.8393,0.4339,1.4097,26.92,1.92,49.4514,0.00192,49.45332,25,150.77,3,PASS,NORMAL
TST-000523,WFR-04,DIE-1250,EQP-102,STN-04,FF,1.2167,1.1889,46.3153,1.5858,11.9879,4.221,0.4411,2.6714,11.2142,0.78,0.4088,2.0434,28.03,3.03,53.936,0.00193,53.93793,25,139.88,5,PASS,NORMAL
TST-000524,WFR-05,DIE-1913,EQP-103,STN-02,TT,1.1905,1.1759,43.6066,1.4504,12.2001,3.9809,0.4478,2.529,13.0534,0.8115,0.4323,0.9631,26.91,1.91,53.6171,0.00173,53.61883,25,153.71,2,PASS,NORMAL
TST-000525,WFR-06,DIE-2626,EQP-104,STN-02,FS,1.1817,1.1542,46.6055,1.448,12.0823,4.1027,0.4467,2.5482,12.8159,0.8284,0.4559,1.072,28.15,3.15,56.0927,0.00171,56.09441,25,151.97,4,PASS,NORMAL
TST-000526,WFR-07,DIE-3339,EQP-105,STN-04,FF,1.2117,1.1949,46.9112,1.6597,13.0472,4.2214,0.4446,2.6884,11.4454,0.8442,0.4312,1.6592,27.33,2.33,55.46,0.00201,55.46201,25,150.81,1,PASS,NORMAL
TST-000527,WFR-08,DIE-4002,EQP-105,STN-02,SS,1.1928,1.1671,43.2633,1.445,12.5179,4.2153,0.4858,2.2685,13.9002,0.8418,0.4072,1.7887,28.02,3.02,57.4653,0.00172,57.46702,25,155.24,3,PASS,NORMAL
TST-000528,WFR-09,DIE-4715,EQP-102,STN-02,FS,1.1985,1.1657,44.3901,1.4341,12.6953,4.1999,0.4585,2.5006,12.3506,0.8328,0.4259,1.813,27.49,2.49,50.0321,0.00172,50.03382,25,149.88,5,PASS,NORMAL
TST-000529,WFR-10,DIE-0428,EQP-105,STN-02,SF,1.2051,1.1852,44.0065,1.5239,12.1729,4.0348,0.4507,2.4508,12.6401,0.8525,0.4147,1.8085,26.41,1.41,51.2783,0.00184,51.28014,25,149.84,1,PASS,NORMAL
TST-000530,WFR-11,DIE-1141,EQP-103,STN-02,FS,1.2154,1.2051,43.9492,1.3655,12.8973,4.1948,0.434,2.4747,12.598,0.8186,0.4128,1.7368,26.89,1.89,56.7882,0.00166,56.78986,25,148.93,5,PASS,NORMAL
TST-000531,WFR-12,DIE-1804,EQP-104,STN-01,SF,0.868,0.8569,46.6132,1.5397,13.1458,4.4576,0.4533,1.9148,12.3314,0.8376,0.3944,-0.5305,27.08,2.08,54.7756,0.00134,54.77694,25,149.25,2,FAIL,LOW_VOLTAGE
TST-000532,WFR-13,DIE-2517,EQP-105,STN-03,TT,1.1997,1.1813,46.1642,1.5636,12.2239,4.0441,0.4574,2.5104,12.7027,0.759,0.4396,1.4762,26.79,1.79,55.3932,0.00188,55.39508,25,154.39,4,PASS,NORMAL
TST-000533,WFR-14,DIE-3230,EQP-101,STN-02,FS,1.221,1.1956,44.8355,1.5751,12.9441,4.4886,0.4488,2.5436,12.7199,0.8367,0.4242,1.1863,26.6,1.6,52.5992,0.00192,52.60112,25,149.98,4,PASS,NORMAL
TST-000534,WFR-15,DIE-3943,EQP-104,STN-04,SS,1.1987,1.1773,43.2831,1.4136,12.453,4.1728,0.456,2.3489,13.4598,0.8241,0.4237,1.681,27.29,2.29,51.8931,0.00169,51.89479,25,153.47,1,PASS,NORMAL
TST-000535,WFR-16,DIE-4606,EQP-102,STN-02,FS,1.2169,1.2001,44.2558,1.3579,12.0947,4.2633,0.4613,2.5662,12.5351,0.8422,0.4268,1.2357,26.88,1.88,53.2882,0.00165,53.28985,25,151.58,4,PASS,NORMAL
TST-000536,WFR-17,DIE-0319,EQP-105,STN-02,FF,1.1979,1.1762,46.6525,1.6387,11.6977,4.0299,0.4346,2.7991,11.617,0.8769,0.4354,0.9033,26.33,1.33,56.3963,0.00196,56.39826,25,152.69,1,PASS,NORMAL
TST-000537,WFR-18,DIE-1032,EQP-105,STN-04,SF,1.1958,1.171,45.9443,1.6072,12.6467,4.2718,0.462,2.3966,12.327,0.8198,0.4376,2.5004,26.96,1.96,52.9798,0.00192,52.98172,25,150.72,4,PASS,NORMAL
TST-000538,WFR-19,DIE-1745,EQP-105,STN-03,SF,1.1978,1.1747,43.7765,1.2438,12.6241,4.2613,0.4522,2.5553,13.0289,0.8808,0.4241,0.7657,28.03,3.03,54.2122,0.00149,54.21369,25,150.44,2,PASS,NORMAL
TST-000539,WFR-20,DIE-2408,EQP-103,STN-04,FS,1.1737,1.154,47.1182,1.4738,12.3844,3.9777,0.4516,2.5161,12.2194,0.8756,0.4216,1.809,28.22,3.22,52.5137,0.00173,52.51543,25,157.38,5,PASS,NORMAL
TST-000540,WFR-01,DIE-3121,EQP-101,STN-04,FF,1.1931,1.1701,44.1666,1.5857,11.8864,4.1884,0.4661,2.591,11.0754,0.8468,0.4263,2.551,27.86,2.86,52.3435,0.00189,52.34539,25,156.21,4,PASS,NORMAL
TST-000541,WFR-02,DIE-3834,EQP-104,STN-01,FF,1.2079,1.1907,45.5439,1.8328,12.5169,4.3138,0.445,2.6691,11.7393,0.8532,0.4118,1.4572,27.15,2.15,55.9966,0.00221,55.99881,25,143.79,1,PASS,NORMAL
TST-000542,WFR-03,DIE-4547,EQP-104,STN-01,TT,1.191,1.1674,46.4761,1.609,12.3877,4.3942,0.4645,2.5174,12.2553,0.8125,0.4073,1.8285,28.12,3.12,50.612,0.00192,50.61392,25,146.31,5,PASS,NORMAL
TST-000543,WFR-04,DIE-0210,EQP-104,STN-04,SS,1.2025,1.1925,46.9755,1.7445,12.4585,4.1374,0.4535,2.2352,14.0859,0.9562,0.4318,1.7349,27.7,2.7,55.1509,0.0021,55.153,25,143.82,1,PASS,NORMAL
TST-000544,WFR-05,DIE-0923,EQP-104,STN-04,SF,1.1997,1.1749,45.2357,1.579,12.658,4.0074,0.4599,2.5822,12.567,0.8748,0.4187,1.0807,27.07,2.07,53.9663,0.00189,53.96819,25,145.48,5,PASS,NORMAL
TST-000545,WFR-06,DIE-1636,EQP-101,STN-02,SF,1.1914,1.173,43.6274,1.4473,12.2111,4.2879,0.4721,2.5399,12.267,0.84,0.4177,1.6574,27.12,2.12,53.0276,0.00172,53.02932,25,145.99,4,PASS,NORMAL
TST-000546,WFR-07,DIE-2349,EQP-104,STN-04,FS,1.2088,1.1946,45.9316,1.5638,12.581,4.3776,0.4379,2.3847,12.468,0.8286,0.4088,2.4286,28.63,3.63,51.5458,0.00189,51.54769,25,148.75,4,PASS,NORMAL
TST-000547,WFR-08,DIE-3012,EQP-101,STN-03,FF,1.2145,1.1909,45.1131,1.7378,11.6832,4.1557,0.4628,2.6706,11.371,0.855,0.4127,1.8158,27.14,2.14,55.5565,0.00211,55.55861,25,146.57,4,PASS,NORMAL
TST-000548,WFR-09,DIE-3725,EQP-102,STN-03,TT,1.1986,1.1783,46.8506,1.4095,12.4751,4.2504,0.4648,2.4714,12.4152,0.8277,0.4128,1.9307,25.93,0.93,49.6393,0.00169,49.64099,25,148.82,3,PASS,NORMAL
TST-000549,WFR-10,DIE-4438,EQP-102,STN-02,FS,1.1913,1.1695,43.1415,1.3667,12.0963,4.1359,0.4457,2.524,12.1701,0.8985,0.4238,1.7888,28.02,3.02,53.6142,0.00163,53.61583,25,150.73,3,PASS,NORMAL
TST-000550,WFR-11,DIE-0101,EQP-102,STN-02,TT,1.2136,1.2003,44.0412,1.4524,12.7115,4.1355,0.455,2.5527,12.4719,0.8218,0.3991,1.3966,28.07,3.07,53.1845,0.00176,53.18626,25,149.83,1,PASS,NORMAL
TST-000551,WFR-12,DIE-0814,EQP-105,STN-02,FF,1.2004,1.1752,44.9333,1.7785,12.7848,4.3346,0.4583,2.5228,12.0977,0.8448,0.4342,1.9219,26.46,1.46,55.9815,0.00213,55.98363,25,152.08,2,PASS,NORMAL
TST-000552,WFR-13,DIE-1527,EQP-105,STN-02,FF,1.1867,1.1682,43.242,1.9577,12.4427,3.9951,0.4586,2.6835,11.3845,0.8223,0.4079,1.7675,27.31,2.31,55.9254,0.00232,55.92772,25,154.91,2,PASS,NORMAL
TST-000553,WFR-14,DIE-2240,EQP-101,STN-03,FS,1.194,1.1777,44.4003,1.4375,11.898,4.2641,0.4349,2.512,12.0277,0.8737,0.4351,2.0269,27.17,2.17,54.8802,0.00172,54.88192,25,148.74,4,PASS,NORMAL
TST-000554,WFR-15,DIE-2903,EQP-102,STN-02,SF,1.2437,1.2272,44.7678,1.2998,12.6019,4.2686,0.4497,2.519,12.3154,0.807,0.4202,1.7645,28.58,3.58,55.6172,0.00162,55.61882,25,141.19,1,PASS,NORMAL
TST-000555,WFR-16,DIE-3616,EQP-105,STN-02,SS,1.1926,1.1795,46.4484,1.5577,11.6395,4.205,0.4654,2.2911,13.6002,0.8182,0.4187,1.9493,28.95,3.95,58.1565,0.00186,58.15836,25,150.72,5,PASS,NORMAL
TST-000556,WFR-17,DIE-4329,EQP-103,STN-01,FF,1.2004,1.1758,46.2324,1.5615,14.848,5.2649,0.5813,2.2155,14.9918,0.8396,0.416,1.0948,27.66,2.66,49.9414,0.00187,49.94327,25,148.72,3,FAIL,PROCESS_VARIATION
TST-000557,WFR-18,DIE-5042,EQP-103,STN-01,FS,1.1784,1.1572,43.051,1.5796,12.9599,4.2503,0.4422,2.5936,12.2814,0.8702,0.4222,1.3071,26.79,1.79,52.7452,0.00186,52.74706,25,149.38,4,PASS,NORMAL
TST-000558,WFR-19,DIE-0705,EQP-104,STN-02,SF,1.1953,1.1676,46.7549,1.4346,11.9082,4.1778,0.4221,2.3885,11.7269,0.8326,0.4287,3.1407,27.31,2.31,47.7504,0.00171,47.75211,25,155.29,3,PASS,NORMAL
TST-000559,WFR-20,DIE-1418,EQP-104,STN-01,SS,1.1697,1.1461,46.3457,1.7066,12.9403,4.2572,0.4808,2.2421,14.081,0.7856,0.4235,1.8588,27.89,2.89,48.426,0.002,48.428,25,151.06,4,PASS,NORMAL
TST-000560,WFR-01,DIE-2131,EQP-101,STN-02,FS,1.1984,1.1766,42.5949,1.479,12.1489,4.002,0.4404,2.4408,12.5395,0.8946,0.4382,1.9297,28.38,3.38,48.9341,0.00177,48.93587,25,151.62,2,PASS,NORMAL
TST-000561,WFR-02,DIE-2844,EQP-104,STN-02,TT,1.176,1.1481,61.6562,1.6003,12.0859,4.2973,0.4178,2.4051,12.0471,0.8597,0.397,2.6851,47.19,22.19,100.4294,0.00188,100.43128,25,158.48,2,FAIL,POWER_ANOMALY
TST-000562,WFR-03,DIE-3507,EQP-105,STN-04,TT,1.2116,1.1901,44.77,1.4776,12.329,4.2653,0.4621,2.5813,12.1158,0.8155,0.4129,1.5963,26.78,1.78,52.7587,0.00179,52.76049,25,151.92,4,PASS,NORMAL
TST-000563,WFR-04,DIE-4220,EQP-104,STN-01,FF,1.2168,1.1947,43.2506,1.6049,11.7768,4.2412,0.441,2.6978,11.6236,0.8716,0.4199,1.405,27.43,2.43,55.2456,0.00195,55.24755,25,149.49,3,PASS,NORMAL
TST-000564,WFR-05,DIE-4933,EQP-105,STN-01,SF,1.1884,1.1654,43.0205,1.5054,12.4433,4.0751,0.432,2.5599,12.7519,0.8043,0.3988,1.0928,28.66,3.66,52.0752,0.00179,52.07699,25,149.34,1,PASS,NORMAL
TST-000565,WFR-06,DIE-0646,EQP-101,STN-02,SF,1.2152,1.1968,58.9405,3.0286,12.7507,4.3016,0.464,2.5348,12.2601,0.8397,0.4387,1.6943,82.48,57.48,54.3852,0.00368,54.38888,25,152.64,4,FAIL,THERMAL_ANOMALY
TST-000566,WFR-07,DIE-1309,EQP-101,STN-02,SF,1.2055,1.1735,44.1095,1.7581,12.2089,4.1672,0.4543,2.5119,12.3639,0.8914,0.4093,1.6736,25.94,0.94,59.9446,0.00212,59.94672,25,154.61,4,PASS,NORMAL
TST-000567,WFR-08,DIE-2022,EQP-103,STN-04,TT,1.1987,1.1794,45.0651,1.3864,12.4049,4.1719,0.4453,2.441,12.1484,0.8423,0.4313,2.3719,28.78,3.78,53.4177,0.00166,53.41936,25,156.06,3,PASS,NORMAL
TST-000568,WFR-09,DIE-2735,EQP-105,STN-02,FF,1.1931,1.1774,44.603,1.6346,12.3002,4.1082,0.4395,2.7258,11.5593,0.8599,0.4063,1.3382,27.08,2.08,56.9277,0.00195,56.92965,25,150.89,3,PASS,NORMAL
TST-000569,WFR-10,DIE-3448,EQP-105,STN-03,SS,1.1995,1.1848,42.7782,1.5408,12.7113,4.0616,0.4927,2.3434,13.2405,0.8462,0.4182,1.9157,26.92,1.92,51.9818,0.00185,51.98365,25,155.03,4,PASS,NORMAL
TST-000570,WFR-11,DIE-4111,EQP-104,STN-01,TT,1.1882,1.169,44.281,1.6741,12.979,4.199,0.4624,2.6079,12.002,0.786,0.4328,1.5914,28.02,3.02,53.4871,0.00199,53.48909,25,155.83,2,PASS,NORMAL
TST-000571,WFR-12,DIE-4824,EQP-103,STN-02,TT,0.8912,0.8746,46.2145,1.6035,12.3225,4.2614,0.457,1.9269,12.4198,0.8299,0.4436,0.0908,28.54,3.54,56.5525,0.00143,56.55393,25,152.55,4,FAIL,LOW_VOLTAGE
TST-000572,WFR-13,DIE-0537,EQP-102,STN-04,SS,1.1841,1.1615,46.2382,1.4761,12.4459,4.1475,0.4753,2.2635,14.3149,0.8703,0.4304,1.3821,27.46,2.46,54.5345,0.00175,54.53625,25,151.3,2,PASS,NORMAL
TST-000573,WFR-14,DIE-1250,EQP-105,STN-04,FS,1.1884,1.1699,63.6788,8.6257,12.3935,3.97,0.4422,2.5762,12.6593,0.81,0.4004,1.087,50.42,25.42,55.945,0.01025,55.95525,25,156.29,1,FAIL,HIGH_LEAKAGE
TST-000574,WFR-15,DIE-1913,EQP-104,STN-03,SF,1.195,1.1755,42.8892,1.4922,12.542,4.0493,0.475,2.454,12.3098,0.879,0.4045,2.0924,28.38,3.38,50.7997,0.00178,50.80148,25,146.72,5,PASS,NORMAL
TST-000575,WFR-16,DIE-2626,EQP-105,STN-04,TT,1.2286,0.9995,54.1115,1.7326,16.9007,4.3673,0.4217,2.4906,12.2367,0.8507,0.411,1.9692,26.39,1.39,54.9962,0.00213,54.99833,25,150.19,2,FAIL,EQUIPMENT_DRIFT
TST-000576,WFR-17,DIE-3339,EQP-105,STN-02,SS,1.1929,1.1731,42.8486,1.5712,12.4694,4.2187,0.47,2.3113,13.6144,0.9343,0.4081,1.6759,27.71,2.71,49.2259,0.00187,49.22777,25,153.65,4,PASS,NORMAL
TST-000577,WFR-18,DIE-4002,EQP-101,STN-04,FS,1.1958,1.1796,43.3213,1.5212,12.2094,4.1388,0.4379,2.4737,12.0903,0.8392,0.42,2.23,27.9,2.9,52.8212,0.00182,52.82302,25,160.37,2,PASS,NORMAL
TST-000578,WFR-19,DIE-4715,EQP-104,STN-04,FF,1.228,1.2201,43.8009,1.7086,12.9193,4.1651,0.4477,2.7929,11.7298,0.8824,0.4323,0.8147,27.73,2.73,58.3419,0.0021,58.344,25,153.73,4,PASS,NORMAL
TST-000579,WFR-20,DIE-0428,EQP-102,STN-01,FF,1.1759,1.1571,46.1446,1.591,12.2511,3.8869,0.4535,2.7462,11.5472,0.8379,0.4227,1.2701,28.13,3.13,57.2176,0.00187,57.21947,25,152.39,1,PASS,NORMAL
TST-000580,WFR-01,DIE-1141,EQP-101,STN-02,SS,1.2043,1.1814,42.9223,1.4984,12.576,4.1995,0.4839,2.2554,12.9384,0.864,0.4149,2.8244,26.83,1.83,51.1146,0.0018,51.1164,25,154.45,5,PASS,NORMAL
TST-000581,WFR-02,DIE-1804,EQP-101,STN-03,FF,1.2136,1.192,47.4791,1.9508,12.447,4.2691,0.4544,2.5694,11.247,0.8199,0.4023,2.5279,28.03,3.03,54.9932,0.00237,54.99557,25,152.14,4,PASS,NORMAL
TST-000582,WFR-03,DIE-2517,EQP-104,STN-02,FF,1.2227,1.2088,42.4812,1.7812,12.8956,4.2014,0.4608,2.7174,11.9075,0.8399,0.4623,1.0526,29.25,4.25,56.4026,0.00218,56.40478,25,152.33,3,PASS,NORMAL
TST-000583,WFR-04,DIE-3230,EQP-105,STN-03,TT,1.2119,1.1941,42.2824,1.485,12.8366,4.1643,0.4429,2.4269,12.3269,0.7976,0.4232,2.3273,26.86,1.86,50.8775,0.0018,50.8793,25,147.98,5,PASS,NORMAL
TST-000584,WFR-05,DIE-3943,EQP-101,STN-03,SF,1.2125,1.1824,46.1411,1.4486,12.454,4.0761,0.4422,2.534,12.6698,0.8471,0.4293,1.2818,26.63,1.63,56.9174,0.00176,56.91916,25,147.87,1,PASS,NORMAL
TST-000585,WFR-06,DIE-4606,EQP-101,STN-04,SS,1.2186,1.2012,46.1342,1.4685,12.4733,4.1198,0.4662,2.3507,13.787,0.8138,0.4253,1.3519,28.01,3.01,54.3828,0.00179,54.38459,25,146.82,4,PASS,NORMAL
TST-000586,WFR-07,DIE-0319,EQP-105,STN-02,FF,1.2039,1.1815,42.9877,1.6942,17.5362,5.1707,0.6273,2.1306,16.0445,0.8045,0.4175,0.7517,27.69,2.69,51.8739,0.00204,51.87594,25,150.07,5,FAIL,PROCESS_VARIATION
TST-000587,WFR-08,DIE-1032,EQP-103,STN-04,SF,1.2373,1.2239,43.824,1.7511,12.5008,4.4893,0.4698,2.4905,12.1086,0.8191,0.4292,2.1295,27.47,2.47,54.6458,0.00217,54.64797,25,145.46,1,PASS,NORMAL
TST-000588,WFR-09,DIE-1745,EQP-103,STN-02,SS,1.1894,1.1686,47.1245,1.4174,12.0123,4.1707,0.4567,2.2221,13.852,0.7854,0.4286,2.2385,29.02,4.02,56.6255,0.00169,56.62719,25,155.08,2,PASS,NORMAL
TST-000589,WFR-10,DIE-2408,EQP-105,STN-01,TT,1.2016,1.1778,45.3489,1.5875,12.9083,4.2189,0.4501,2.5343,12.5655,0.8238,0.4195,1.4077,27.28,2.28,52.4144,0.00191,52.41631,25,149.36,2,PASS,NORMAL
TST-000590,WFR-11,DIE-3121,EQP-101,STN-04,TT,1.2019,1.184,45.3234,1.5462,12.4461,4.1656,0.4512,2.5379,11.9705,0.8384,0.4174,1.9671,27.7,2.7,56.7255,0.00186,56.72736,25,152.34,5,PASS,NORMAL
TST-000591,WFR-12,DIE-3834,EQP-104,STN-04,SF,1.2371,1.2256,47.1442,1.5827,11.8602,4.2803,0.4361,2.5124,12.7044,0.8807,0.4137,1.3409,27.22,2.22,52.3291,0.00196,52.33106,25,149.48,4,PASS,NORMAL
TST-000592,WFR-13,DIE-4547,EQP-104,STN-01,SF,1.1775,1.1449,59.1958,2.9837,12.4197,4.2054,0.4454,2.4592,12.4338,0.8175,0.4099,1.9976,87.29,62.29,55.0237,0.00351,55.02721,25,146.22,4,FAIL,THERMAL_ANOMALY
TST-000593,WFR-14,DIE-0210,EQP-105,STN-03,SF,1.2039,1.1835,46.7291,1.5894,12.7749,4.3062,0.4728,2.5694,12.6583,0.7961,0.4294,1.1404,28.06,3.06,51.4373,0.00191,51.43921,25,151.36,5,PASS,NORMAL
TST-000594,WFR-15,DIE-0923,EQP-103,STN-03,SF,1.199,1.1769,56.0617,6.1294,12.7941,4.1414,0.4356,2.486,12.6734,0.8341,0.4343,1.577,47.92,22.92,54.1094,0.00735,54.11675,25,148.26,2,FAIL,HIGH_LEAKAGE
TST-000595,WFR-16,DIE-1636,EQP-105,STN-04,SS,1.1779,1.1542,44.6187,1.5912,12.921,4.2034,0.4662,2.3092,13.938,0.8342,0.4099,1.4672,27.6,2.6,52.6346,0.00187,52.63647,25,144.28,5,PASS,NORMAL
TST-000596,WFR-17,DIE-2349,EQP-104,STN-02,SF,1.202,1.1866,45.8745,1.5557,12.8171,4.1963,0.4319,2.5546,12.5161,0.8642,0.4305,1.2991,28.55,3.55,51.3287,0.00187,51.33057,25,146.44,2,PASS,NORMAL
TST-000597,WFR-18,DIE-3012,EQP-102,STN-03,SS,1.2233,1.207,47.133,1.4924,13.2464,4.212,0.4536,2.3216,13.2036,0.8308,0.4227,2.1183,27.46,2.46,55.8332,0.00183,55.83503,25,151.36,5,PASS,NORMAL
TST-000598,WFR-19,DIE-3725,EQP-101,STN-02,SF,1.2011,1.176,42.295,1.4875,12.2735,4.0646,0.4481,2.4424,12.2064,0.8936,0.4469,2.2538,28.48,3.48,56.482,0.00179,56.48379,25,144.92,3,PASS,NORMAL
TST-000599,WFR-20,DIE-4438,EQP-103,STN-04,FS,1.1805,1.163,45.1815,1.6465,13.0978,4.2495,0.4622,2.5309,12.2431,0.8037,0.4261,1.7701,28.48,3.48,49.2262,0.00194,49.22814,25,148.5,1,PASS,NORMAL
TST-000600,WFR-01,DIE-0101,EQP-104,STN-04,SS,1.1977,1.1743,43.1952,1.5809,12.5577,4.3308,0.4826,2.3506,13.5332,0.8242,0.4229,1.596,27.9,2.9,49.7308,0.00189,49.73269,25,153.22,1,PASS,NORMAL
TST-000601,WFR-02,DIE-0814,EQP-102,STN-04,FF,1.2197,1.1972,44.8614,1.6853,12.1315,4.3122,0.4397,2.6587,11.4988,0.8508,0.4215,1.755,26.89,1.89,53.8833,0.00206,53.88536,25,150.49,3,PASS,NORMAL
TST-000602,WFR-03,DIE-1527,EQP-101,STN-04,SS,1.1972,1.1844,44.4993,1.4713,13.022,4.2795,0.4789,2.3227,13.5733,0.9109,0.4138,1.6608,27,2,55.8844,0.00176,55.88616,25,154.71,3,PASS,NORMAL
TST-000603,WFR-04,DIE-2240,EQP-105,STN-02,FS,1.1975,1.177,46.9298,1.5662,12.0376,4.4065,0.4464,2.5041,12.8877,0.8276,0.4053,1.2601,27.5,2.5,57.1094,0.00188,57.11128,25,151.76,1,PASS,NORMAL
TST-000604,WFR-05,DIE-2903,EQP-105,STN-01,SF,1.1873,1.1633,55.1154,2.9935,12.976,4.3046,0.4474,2.5082,12.138,0.8499,0.4312,1.9631,80.49,55.49,53.685,0.00355,53.68855,25,153.7,1,FAIL,THERMAL_ANOMALY
TST-000605,WFR-06,DIE-3616,EQP-101,STN-03,SS,1.2022,1.1856,41.7746,1.531,12.2118,4.2572,0.4745,2.2552,13.7043,0.8657,0.4408,2.0582,25.75,0.75,51.558,0.00184,51.55984,25,151.57,5,PASS,NORMAL
TST-000606,WFR-07,DIE-4329,EQP-103,STN-01,FF,1.197,1.1743,42.9031,1.5403,12.3037,4.247,0.4501,2.7964,11.6802,0.8883,0.4099,0.8416,28.39,3.39,51.8862,0.00184,51.88804,25,145.04,2,PASS,NORMAL
TST-000607,WFR-08,DIE-5042,EQP-103,STN-03,FS,1.2083,1.1852,45.1816,1.4442,12.2401,4.2888,0.4384,2.4577,12.3712,0.8593,0.4073,2.0277,27.95,2.95,54.6702,0.00175,54.67195,25,145.7,5,PASS,NORMAL
TST-000608,WFR-09,DIE-0705,EQP-104,STN-02,TT,1.2121,1.1958,43.9916,1.5522,12.1223,4.3864,0.4349,2.4299,12.4946,0.789,0.4125,2.1491,28.38,3.38,57.9747,0.00188,57.97658,25,146.71,2,PASS,NORMAL
TST-000609,WFR-10,DIE-1418,EQP-105,STN-02,SF,1.2158,1.1944,45.3148,1.3838,12.1156,4.1365,0.4356,2.5082,12.7271,0.8759,0.4027,1.348,27.07,2.07,58.9984,0.00168,59.00008,25,150.74,4,PASS,NORMAL
TST-000610,WFR-11,DIE-2131,EQP-102,STN-04,FF,1.2294,1.2145,46.045,1.6975,13.2384,4.2287,0.4568,2.7514,11.3535,0.8352,0.4177,1.4407,27.73,2.73,52.3515,0.00209,52.35359,25,145.63,5,PASS,NORMAL
TST-000611,WFR-12,DIE-2844,EQP-101,STN-04,SS,1.1804,1.1619,42.7384,1.4727,12.6827,4.4045,0.4617,2.3365,12.7698,0.8429,0.4274,2.4369,26.12,1.12,54.1593,0.00174,54.16104,25,154.45,4,PASS,NORMAL
TST-000612,WFR-13,DIE-3507,EQP-103,STN-01,SF,1.2049,1.1884,44.5501,1.4204,12.2558,4.3587,0.4528,2.4424,12.5685,0.8281,0.3949,1.9572,26.21,1.21,51.225,0.00171,51.22671,25,148.73,2,PASS,NORMAL
TST-000613,WFR-14,DIE-4220,EQP-104,STN-02,FS,1.2009,1.1837,58.5962,3.9316,12.6539,4.0942,0.4653,2.4426,12.6511,0.8418,0.4439,1.8596,73.38,48.38,55.2876,0.00472,55.29232,25,147.31,2,FAIL,THERMAL_ANOMALY
TST-000614,WFR-15,DIE-4933,EQP-101,STN-01,TT,1.2175,1.204,45.111,1.64,13.0869,4.1266,0.4155,2.5842,12.0468,0.8912,0.4215,1.5733,27.76,2.76,53.4591,0.002,53.4611,25,149.15,2,PASS,NORMAL
TST-000615,WFR-16,DIE-0646,EQP-105,STN-04,TT,1.1782,1.0229,54.7155,1.4819,15.6956,4.2938,0.4522,2.4635,12.3518,0.8645,0.408,2.0059,26.81,1.81,58.1238,0.00175,58.12555,25,153.1,1,FAIL,EQUIPMENT_DRIFT
TST-000616,WFR-17,DIE-1309,EQP-101,STN-03,FS,1.2215,1.2078,74.8284,1.4071,13.023,4.1539,0.4312,2.5522,12.6046,0.8877,0.4219,1.2009,50.96,25.96,113.2396,0.00172,113.24132,25,153.92,1,FAIL,POWER_ANOMALY
TST-000617,WFR-18,DIE-2022,EQP-105,STN-01,SS,1.1889,1.1765,43.6205,1.5836,13.066,4.2369,0.4737,2.2891,13.0276,0.8803,0.424,2.4741,27.08,2.08,53.55,0.00188,53.55188,25,144.37,1,PASS,NORMAL
TST-000618,WFR-19,DIE-2735,EQP-105,STN-01,SF,1.2016,1.1881,45.16,1.6999,12.5639,4.1656,0.4408,2.4391,12.3061,0.8638,0.4561,2.2046,27.72,2.72,55.213,0.00204,55.21504,25,150.79,3,PASS,NORMAL
TST-000619,WFR-20,DIE-3448,EQP-105,STN-01,TT,1.1909,1.1691,43.5173,1.4752,12.2483,4.1409,0.462,2.4017,12.2222,0.8824,0.4289,2.5093,27.93,2.93,56.0856,0.00176,56.08736,25,148.96,3,PASS,NORMAL
TST-000620,WFR-01,DIE-4111,EQP-104,STN-04,SF,1.2122,1.1948,42.0531,1.6305,12.2288,4.2899,0.4542,2.5193,12.1744,0.8228,0.4481,1.8879,27.76,2.76,57.9034,0.00198,57.90538,25,152.66,4,PASS,NORMAL
TST-000621,WFR-02,DIE-4824,EQP-104,STN-03,FS,1.2094,1.1967,46.3694,1.3674,12.0035,4.3097,0.4709,2.5366,11.9698,0.826,0.4141,1.9878,26.91,1.91,54.7779,0.00165,54.77955,25,145.19,2,PASS,NORMAL
TST-000622,WFR-03,DIE-0537,EQP-102,STN-04,SS,1.196,1.1831,46.2675,1.6129,12.2963,4.1411,0.4539,2.3743,14.2015,0.8145,0.4474,0.7781,28.93,3.93,55.1417,0.00193,55.14363,25,151.08,5,PASS,NORMAL
TST-000623,WFR-04,DIE-1250,EQP-104,STN-02,SF,1.1768,1.1526,46.4179,1.5728,13.3616,4.292,0.4528,2.5027,12.3541,0.7798,0.4343,1.8499,27.24,2.24,48.647,0.00185,48.64885,25,153.65,5,PASS,NORMAL
TST-000624,WFR-05,DIE-1913,EQP-105,STN-04,SF,1.2067,1.1868,44.1271,1.3976,12.9673,4.25,0.459,2.4266,12.465,0.8434,0.4169,2.1453,26.83,1.83,54.8536,0.00169,54.85529,25,151.22,4,PASS,NORMAL
TST-000625,WFR-06,DIE-2626,EQP-101,STN-01,SF,1.198,1.1856,45.5257,1.4789,12.6898,4.2271,0.4352,2.4802,12.6832,0.8696,0.4365,1.5669,25.98,0.98,50.9761,0.00177,50.97787,25,145.04,5,PASS,NORMAL
TST-000626,WFR-07,DIE-3339,EQP-101,STN-04,SF,1.1903,1.1703,45.2725,1.322,12.5502,4.1137,0.4674,2.5615,11.7411,0.8398,0.4434,2.059,26.1,1.1,53.7098,0.00157,53.71137,25,151.34,3,PASS,NORMAL
TST-000627,WFR-08,DIE-4002,EQP-101,STN-03,TT,1.2128,1.1992,44.3771,1.5757,12.3463,4.0127,0.4571,2.5327,12.8302,0.8689,0.4137,1.1072,27.52,2.52,59.2163,0.00191,59.21821,25,148.52,1,PASS,NORMAL
TST-000628,WFR-09,DIE-4715,EQP-103,STN-01,FS,1.2065,1.1877,43.5009,1.6634,12.6313,4.1429,0.4552,2.4377,12.9193,0.8119,0.4292,1.6522,28.58,3.58,55.9392,0.00201,55.94121,25,152.35,5,PASS,NORMAL
TST-000629,WFR-10,DIE-0428,EQP-104,STN-02,FS,1.2132,1.1893,43.5624,1.5913,13.298,4.2527,0.4805,2.5647,12.3128,0.8293,0.4164,1.4795,27.26,2.26,53.2231,0.00193,53.22503,25,138.5,5,PASS,NORMAL
TST-000630,WFR-11,DIE-1141,EQP-105,STN-03,SS,1.2094,1.1898,72.7811,1.5025,12.4911,4.3298,0.4818,2.288,13.2743,0.8061,0.4142,2.3095,47.11,22.11,124.3307,0.00182,124.33252,25,151.39,5,FAIL,POWER_ANOMALY
TST-000631,WFR-12,DIE-1804,EQP-103,STN-02,TT,1.1807,1.1559,43.9281,1.495,12.2182,4.2564,0.4485,2.5026,12.6386,0.87,0.4336,1.4758,26.54,1.54,54.7321,0.00177,54.73387,25,156.62,3,PASS,NORMAL
TST-000632,WFR-13,DIE-2517,EQP-103,STN-03,TT,0.8078,0.7928,46.5054,1.4039,12.3503,4.3743,0.4469,1.8784,11.8663,0.8755,0.4307,-0.6184,28.54,3.54,51.4295,0.00113,51.43063,25,146.61,5,FAIL,LOW_VOLTAGE
TST-000633,WFR-14,DIE-3230,EQP-104,STN-03,SF,1.2088,1.1934,46.1273,1.5329,12.0645,4.1494,0.4644,2.3279,12.9332,0.8931,0.447,2.2826,27.88,2.88,50.4052,0.00185,50.40705,25,145.2,5,PASS,NORMAL
TST-000634,WFR-15,DIE-3943,EQP-104,STN-03,SF,1.1962,1.1725,46.1529,1.3537,12.2704,4.192,0.4616,2.4391,12.8471,0.871,0.4016,1.6564,26.36,1.36,51.1265,0.00162,51.12812,25,154.32,5,PASS,NORMAL
TST-000635,WFR-16,DIE-4606,EQP-101,STN-02,SS,1.2095,1.1962,45.9144,1.5023,12.3801,4.3218,0.4845,2.3312,13.1668,0.8173,0.432,2.102,26.21,1.21,53.7995,0.00182,53.80132,25,146.19,5,PASS,NORMAL
TST-000636,WFR-17,DIE-0319,EQP-102,STN-04,SF,1.1857,1.159,44.5807,1.7285,12.1213,4.1289,0.4652,2.5256,12.5107,0.822,0.3976,1.5153,28.06,3.06,56.2555,0.00205,56.25755,25,154.11,1,PASS,NORMAL
TST-000637,WFR-18,DIE-1032,EQP-103,STN-04,SS,1.2003,1.1784,45.0312,1.5052,12.932,4.0758,0.4654,2.2728,14.6794,0.7595,0.4384,1.0606,26.93,1.93,54.4781,0.00181,54.47991,25,146.66,1,PASS,NORMAL
TST-000638,WFR-19,DIE-1745,EQP-104,STN-01,FS,1.2342,1.2096,45.2333,1.3149,12.2679,3.9394,0.4392,2.5263,12.8191,0.8521,0.4377,1.1726,26.45,1.45,51.6648,0.00162,51.66642,25,155.32,3,PASS,NORMAL
TST-000639,WFR-20,DIE-2408,EQP-102,STN-04,TT,1.1974,1.1742,46.1579,1.5628,12.3038,4.1553,0.4327,2.6082,12.6435,0.8196,0.3927,0.9146,27.18,2.18,54.2174,0.00187,54.21927,25,155.53,3,PASS,NORMAL
TST-000640,WFR-01,DIE-3121,EQP-105,STN-03,FF,1.1921,1.1741,44.1795,1.7135,12.7668,4.1887,0.447,2.7159,11.6254,0.882,0.408,1.3002,27.64,2.64,58.6503,0.00204,58.65234,25,152.06,4,PASS,NORMAL
TST-000641,WFR-02,DIE-3834,EQP-103,STN-03,SF,1.1995,1.1717,45.3743,1.5354,11.9635,4.1965,0.4391,2.5127,12.6828,0.836,0.4075,1.4054,27.39,2.39,53.642,0.00184,53.64384,25,152.12,2,PASS,NORMAL
TST-000642,WFR-03,DIE-4547,EQP-101,STN-02,FS,1.1804,1.1563,45.4587,1.4434,13.0114,4.0499,0.441,2.4574,12.6281,0.8679,0.431,1.764,27.4,2.4,50.1822,0.0017,50.1839,25,158.55,2,PASS,NORMAL
TST-000643,WFR-04,DIE-0210,EQP-105,STN-04,TT,1.2205,1.0646,59.0984,1.6412,17.4632,4.3734,0.4532,2.4544,12.5413,0.82,0.4448,1.9174,28.25,3.25,56.6346,0.002,56.6366,25,151.64,5,FAIL,EQUIPMENT_DRIFT
TST-000644,WFR-05,DIE-0923,EQP-105,STN-01,SS,1.2074,1.1851,44.6905,1.6153,16.4003,5.2887,0.6679,1.9255,16.4208,0.8958,0.4115,2.1589,27.68,2.68,57.3396,0.00195,57.34155,25,150.59,3,FAIL,PROCESS_VARIATION
TST-000645,WFR-06,DIE-1636,EQP-105,STN-04,SS,1.2125,1.1982,57.6887,6.4201,12.1954,4.2844,0.4716,2.2811,13.707,0.8598,0.4074,1.8726,47.07,22.07,51.6871,0.00778,51.69488,25,148.16,1,FAIL,HIGH_LEAKAGE
TST-000646,WFR-07,DIE-2349,EQP-104,STN-04,FS,1.212,1.1986,45.8235,1.6846,12.3459,4.1445,0.4293,2.3946,12.4158,0.8396,0.4228,2.4048,26.03,1.03,55.8873,0.00204,55.88934,25,148.67,1,PASS,NORMAL
TST-000647,WFR-08,DIE-3012,EQP-104,STN-04,SS,0.8916,0.8793,44.7463,1.444,12.7054,4.3682,0.4641,1.8547,13.7909,0.8691,0.4238,-0.1203,27.85,2.85,53.0818,0.00129,53.08309,25,143.77,5,FAIL,LOW_VOLTAGE
TST-000648,WFR-09,DIE-3725,EQP-102,STN-01,SS,1.1969,1.1836,45.3462,1.425,12.756,4.2764,0.4768,2.3367,12.8396,0.8355,0.4476,2.3732,27.51,2.51,52.0112,0.00171,52.01291,25,151.61,1,PASS,NORMAL
TST-000649,WFR-10,DIE-4438,EQP-101,STN-03,FF,1.1874,1.1682,45.5186,1.7147,12.7189,4.3186,0.4451,2.639,11.6418,0.8584,0.4337,1.7097,28.24,3.24,57.8242,0.00204,57.82624,25,152.84,3,PASS,NORMAL
TST-000650,WFR-11,DIE-0101,EQP-103,STN-04,SF,1.2321,1.2087,45.104,1.5509,12.4799,4.2027,0.4272,2.4618,12.1619,0.8652,0.399,2.2057,26.96,1.96,56.7019,0.00191,56.70381,25,143.47,4,PASS,NORMAL
TST-000651,WFR-12,DIE-0814,EQP-102,STN-03,FF,1.2098,1.1898,45.3391,1.7006,12.9331,4.1913,0.4642,2.3123,17.0811,1.3571,0.4233,-2.2593,27.52,2.52,50.8461,0.00206,50.84816,25,145.61,2,FAIL,TIMING_FAILURE
TST-000652,WFR-13,DIE-1527,EQP-102,STN-03,FS,1.2182,1.1894,46.3737,1.6166,13.0052,4.2279,0.4471,2.4864,13.2766,0.8104,0.4006,0.995,27.87,2.87,55.0692,0.00197,55.07117,25,151.99,5,PASS,NORMAL
TST-000653,WFR-14,DIE-2240,EQP-101,STN-03,FS,0.8583,0.8473,44.5267,1.6211,12.6856,4.487,0.4387,1.8857,12.8656,0.8312,0.4416,-0.75,28.48,3.48,53.2538,0.00139,53.25519,25,149.46,2,FAIL,LOW_VOLTAGE
TST-000654,WFR-15,DIE-2903,EQP-101,STN-03,SS,1.1957,1.1792,46.584,1.5159,12.9486,4.2057,0.4586,2.232,12.8792,0.818,0.437,3.1039,27.39,2.39,50.9529,0.00181,50.95471,25,150.39,5,PASS,NORMAL
TST-000655,WFR-16,DIE-3616,EQP-105,STN-04,SF,1.2117,1.1924,45.3378,1.6163,12.3112,4.2115,0.4219,2.4677,12.9546,0.8275,0.4426,1.4142,27.55,2.55,53.7742,0.00196,53.77616,25,147.79,5,PASS,NORMAL
TST-000656,WFR-17,DIE-4329,EQP-101,STN-04,FS,1.1982,1.1726,45.1125,1.6493,13.8429,4.2909,0.456,2.4262,12.9795,0.8596,0.4121,1.6172,27.31,2.31,51.9679,0.00198,51.96988,25,149.48,2,PASS,NORMAL
TST-000657,WFR-18,DIE-5042,EQP-104,STN-02,SF,1.2048,1.1852,75.8497,1.3549,13.0982,4.1742,0.4568,2.5046,12.1966,0.9158,0.4139,1.8601,43.01,18.01,105.2289,0.00163,105.23053,25,153.67,4,FAIL,POWER_ANOMALY
TST-000658,WFR-19,DIE-0705,EQP-103,STN-02,FS,1.1962,1.1779,45.6031,1.4548,12.4466,4.1885,0.4606,2.4092,12.4859,0.8418,0.4115,2.2376,26.83,1.83,51.19,0.00174,51.19174,25,150.14,3,PASS,NORMAL
TST-000659,WFR-20,DIE-1418,EQP-101,STN-01,SF,1.1866,1.164,45.2922,1.6604,12.4078,4.0531,0.4528,2.4536,12.6723,0.8336,0.4145,1.7778,27.93,2.93,54.2285,0.00197,54.23047,25,146.95,5,PASS,NORMAL
TST-000660,WFR-01,DIE-2131,EQP-105,STN-01,FF,1.2009,1.1796,44.966,1.7338,13.228,3.9845,0.4408,2.6624,11.6623,0.8128,0.4109,1.6099,28.77,3.77,55.5275,0.00208,55.52958,25,159.43,4,PASS,NORMAL
TST-000661,WFR-02,DIE-2844,EQP-102,STN-02,SS,1.2349,1.214,46.4065,1.5419,12.3881,4.0393,0.4972,2.2531,13.8568,0.8733,0.4413,1.9136,26.79,1.79,46.7514,0.0019,46.7533,25,152.26,3,PASS,NORMAL
TST-000662,WFR-03,DIE-3507,EQP-103,STN-02,FF,1.1969,1.1755,45.0924,1.683,12.3601,4.0941,0.4442,2.6745,11.5997,0.8708,0.4013,1.5508,27.21,2.21,53.0886,0.00201,53.09061,25,152.47,2,PASS,NORMAL
TST-000663,WFR-04,DIE-4220,EQP-104,STN-02,TT,1.2018,1.1831,47.4442,1.583,12.198,4.1937,0.4409,2.4951,12.6058,0.826,0.4267,1.5977,28.25,3.25,56.5123,0.0019,56.5142,25,149.35,2,PASS,NORMAL
TST-000664,WFR-05,DIE-4933,EQP-102,STN-03,SS,0.8185,0.8057,46.6933,1.4761,12.9682,4.1903,0.4693,1.711,13.7183,0.8508,0.4194,-0.4837,26.88,1.88,49.9623,0.00121,49.96351,25,150.72,1,FAIL,LOW_VOLTAGE
TST-000665,WFR-06,DIE-0646,EQP-105,STN-01,SS,1.2111,1.1871,63.7536,1.509,12.8612,4.3835,0.485,2.2702,13.695,0.8272,0.4042,1.9962,44.26,19.26,98.6324,0.00183,98.63423,25,156.06,5,FAIL,POWER_ANOMALY
TST-000666,WFR-07,DIE-1309,EQP-103,STN-01,SF,0.9474,0.9283,47.9102,1.4189,13.2572,4.2308,0.4276,2.0477,12.3743,0.8593,0.432,0.096,28.03,3.03,61.676,0.00134,61.67734,25,146.38,2,FAIL,LOW_VOLTAGE
TST-000667,WFR-08,DIE-2022,EQP-103,STN-01,FF,1.2148,1.1911,47.6598,1.7193,12.3915,4.3092,0.4505,2.7583,11.3285,0.8509,0.4242,1.4159,27.33,2.33,54.7069,0.00209,54.70899,25,148.9,4,PASS,NORMAL
TST-000668,WFR-09,DIE-2735,EQP-103,STN-03,SF,1.2031,1.1935,42.5583,1.5759,12.7297,4.1681,0.4348,2.6114,12.482,0.831,0.4279,1.0471,27.89,2.89,52.9359,0.0019,52.9378,25,148.66,4,PASS,NORMAL
TST-000669,WFR-10,DIE-3448,EQP-105,STN-04,SF,1.2135,1.002,53.4776,1.3488,16.1048,4.0734,0.457,2.515,12.0952,0.8381,0.4097,1.9772,28.17,3.17,53.4776,0.00164,53.47924,25,157.46,1,FAIL,EQUIPMENT_DRIFT
TST-000670,WFR-11,DIE-4111,EQP-102,STN-04,SS,1.2044,1.1818,45.3185,1.4861,12.6121,4.3816,0.4502,2.243,14.2273,0.8519,0.4176,1.6395,28.14,3.14,53.9382,0.00179,53.93999,25,147.64,1,PASS,NORMAL
TST-000671,WFR-12,DIE-4824,EQP-101,STN-02,FS,1.233,1.2086,43.5397,1.4377,12.3291,3.9534,0.4694,2.5171,11.403,0.8718,0.396,2.6233,27.04,2.04,56.0785,0.00177,56.08027,25,147.13,1,PASS,NORMAL
TST-000672,WFR-13,DIE-0537,EQP-103,STN-03,TT,1.2079,1.1889,42.8709,1.8119,12.1255,4.1967,0.4651,2.4027,12.2998,0.8292,0.4101,2.4784,27.7,2.7,53.3215,0.00219,53.32369,25,149.43,2,PASS,NORMAL
TST-000673,WFR-14,DIE-1250,EQP-104,STN-03,TT,1.2014,1.1826,65.1833,7.114,12.7943,4.2594,0.467,2.5133,12.7603,0.8642,0.423,1.2961,49.94,24.94,53.9835,0.00855,53.99205,25,153.23,2,FAIL,HIGH_LEAKAGE
TST-000674,WFR-15,DIE-1913,EQP-102,STN-03,SS,1.1887,1.1723,44.5254,1.2579,12.4525,4.3239,0.4599,2.292,13.7419,0.8216,0.3932,1.7978,27.62,2.62,56.2063,0.0015,56.2078,25,152.3,3,PASS,NORMAL
TST-000675,WFR-16,DIE-2626,EQP-103,STN-01,SF,1.174,1.1532,41.9824,1.5246,13.1118,4.1267,0.433,2.4982,12.4821,0.8227,0.4336,1.706,28.38,3.38,57.5511,0.00179,57.55289,25,148.57,2,PASS,NORMAL
TST-000676,WFR-17,DIE-3339,EQP-103,STN-01,FF,1.2142,1.1839,47.8542,1.6223,12.6662,4.1631,0.4426,2.7166,11.9572,0.8025,0.3911,1.0443,27.46,2.46,55.564,0.00197,55.56597,25,149.28,1,PASS,NORMAL
TST-000677,WFR-18,DIE-4002,EQP-101,STN-01,FS,1.2018,1.1827,44.421,1.3581,12.3347,4.127,0.4319,2.5268,12.5772,0.868,0.4282,1.3957,27.18,2.18,56.9577,0.00163,56.95933,25,147.61,4,PASS,NORMAL
TST-000678,WFR-19,DIE-4715,EQP-104,STN-02,FS,1.1954,1.1761,46.1422,1.327,12.6017,4.2348,0.4457,2.4039,12.3439,0.9104,0.4112,2.3454,27.57,2.57,60.0413,0.00159,60.04289,25,145.75,2,PASS,NORMAL
TST-000679,WFR-20,DIE-0428,EQP-101,STN-04,TT,1.2018,1.1823,43.2559,1.6686,12.4105,4.0785,0.4582,2.4731,12.439,0.8679,0.4078,1.8563,27.41,2.41,52.9285,0.00201,52.93051,25,148.34,5,PASS,NORMAL
TST-000680,WFR-01,DIE-1141,EQP-101,STN-04,FF,1.1953,1.1804,42.5445,1.7257,12.9129,4.29,0.4699,2.775,11.667,0.8333,0.4446,1.0132,27.3,2.3,55.3826,0.00206,55.38466,25,148.73,2,PASS,NORMAL
TST-000681,WFR-02,DIE-1804,EQP-102,STN-02,FS,1.204,1.1926,47.4224,1.4527,12.6028,4.2456,0.4324,2.5627,12.7612,0.8695,0.3973,1.0023,28.08,3.08,52.3975,0.00175,52.39925,25,145.56,4,PASS,NORMAL
TST-000682,WFR-03,DIE-2517,EQP-105,STN-04,SS,1.2237,1.2063,44.6683,1.299,12.6026,4.1997,0.4932,2.2949,13.4934,0.8546,0.4305,1.9926,27.5,2.5,51.4498,0.00159,51.45139,25,147.2,4,PASS,NORMAL
TST-000683,WFR-04,DIE-3230,EQP-103,STN-03,TT,1.1996,1.1827,43.1913,1.3129,11.6642,4.3498,0.4767,2.4644,12.3357,0.8394,0.4345,2.0416,28.16,3.16,53.8376,0.00157,53.83917,25,149.56,4,PASS,NORMAL
TST-000684,WFR-05,DIE-3943,EQP-103,STN-04,TT,1.2039,1.179,41.7489,1.3417,13.3741,4.2887,0.4544,2.5085,12.3297,0.876,0.4277,1.7435,28.85,3.85,50.1849,0.00162,50.18652,25,147.89,5,PASS,NORMAL
TST-000685,WFR-06,DIE-4606,EQP-105,STN-02,SS,1.2118,1.1974,44.6348,1.5164,12.7666,4.2523,0.4601,1.9073,23.2209,1.1925,0.4136,-3.1004,27.92,2.92,54.5352,0.00184,54.53704,25,149.16,2,FAIL,TIMING_FAILURE
TST-000686,WFR-07,DIE-0319,EQP-105,STN-01,FF,1.1855,1.1657,44.3807,1.5569,12.2222,4.2757,0.4512,2.6961,11.3838,0.8286,0.4163,1.6966,28.6,3.6,54.8885,0.00185,54.89035,25,147,2,PASS,NORMAL
TST-000687,WFR-08,DIE-1032,EQP-105,STN-04,FS,1.1659,1.1425,42.1217,1.5693,12.3853,4.3089,0.4559,2.4315,13.11,0.8471,0.4358,1.4655,28.35,3.35,59.8565,0.00183,59.85833,25,146.18,5,PASS,NORMAL
TST-000688,WFR-09,DIE-1745,EQP-101,STN-03,FF,1.215,1.204,46.4681,1.5703,12.2198,4.2849,0.4403,2.7099,11.6231,0.8324,0.4039,1.3826,27.6,2.6,56.142,0.00191,56.14391,25,153.82,3,PASS,NORMAL
TST-000689,WFR-10,DIE-2408,EQP-105,STN-02,SF,1.1754,1.161,43.9175,1.6014,12.1353,4.3491,0.4219,2.4768,12.8465,0.8392,0.4043,1.4548,28.18,3.18,57.9644,0.00188,57.96628,25,146.78,2,PASS,NORMAL
TST-000690,WFR-11,DIE-3121,EQP-103,STN-04,FF,1.182,1.1564,45.5075,1.5731,12.8619,4.2056,0.4406,2.6603,11.5552,0.8444,0.4123,1.6966,26.93,1.93,54.9129,0.00186,54.91476,25,148.4,2,PASS,NORMAL
TST-000691,WFR-12,DIE-3834,EQP-102,STN-03,FS,1.1936,1.1713,46.7906,1.3321,11.953,4.1706,0.4401,2.4983,12.6866,0.8557,0.4485,1.4679,27.05,2.05,56.9267,0.00159,56.92829,25,155.05,5,PASS,NORMAL
TST-000692,WFR-13,DIE-4547,EQP-104,STN-01,TT,1.2241,1.2035,45.9927,1.4765,12.0157,4.1057,0.4402,2.4007,12.6099,0.8529,0.4255,2.1576,27.94,2.94,52.2315,0.00181,52.23331,25,149.08,2,PASS,NORMAL
TST-000693,WFR-14,DIE-0210,EQP-105,STN-01,SF,1.2194,1.2,44.9728,1.359,13.4967,4.1801,0.4448,2.5586,13.3988,0.8305,0.4475,0.4272,26.05,1.05,51.1243,0.00166,51.12596,25,148.35,2,PASS,NORMAL
TST-000694,WFR-15,DIE-0923,EQP-105,STN-03,SF,1.1835,1.1649,48.3171,1.5559,12.2392,4.2336,0.4649,2.5361,13.0965,0.8549,0.4165,0.8351,28.07,3.07,52.0795,0.00184,52.08134,25,149.95,2,PASS,NORMAL
TST-000695,WFR-16,DIE-1636,EQP-105,STN-04,FF,1.1862,1.1668,62.5439,8.7018,12.4588,4.1924,0.4454,2.7882,11.3354,0.8303,0.4141,1.2838,57.09,32.09,53.2562,0.01032,53.26652,25,154.8,5,FAIL,HIGH_LEAKAGE
TST-000696,WFR-17,DIE-2349,EQP-101,STN-02,TT,1.199,1.169,43.6926,1.5332,13.2572,4.2286,0.4512,2.4623,12.1275,0.8528,0.4054,2.2494,26.68,1.68,56.9901,0.00184,56.99194,25,152.21,1,PASS,NORMAL
TST-000697,WFR-18,DIE-3012,EQP-101,STN-03,SS,1.1825,1.1687,43.0915,1.376,12.6747,4.0725,0.4746,2.2242,14.0159,0.8033,0.4419,2.0408,29.23,4.23,51.8954,0.00163,51.89703,25,153.01,5,PASS,NORMAL
TST-000698,WFR-19,DIE-3725,EQP-105,STN-03,TT,1.1842,1.1579,45.4775,1.3688,12.185,4.2781,0.473,2.4675,12.3359,0.8103,0.3993,2.0514,27.92,2.92,56.0924,0.00162,56.09402,25,148.78,1,PASS,NORMAL
TST-000699,WFR-20,DIE-4438,EQP-104,STN-01,FS,1.2015,1.1819,47.0242,1.5007,11.6817,4.195,0.4612,2.5178,13.0525,0.8463,0.4087,0.9952,27.87,2.87,55.7289,0.0018,55.7307,25,151.2,2,PASS,NORMAL
TST-000700,WFR-01,DIE-0101,EQP-104,STN-02,TT,1.1782,1.154,43.7565,1.5206,12.2735,4.3068,0.452,2.5352,12.9585,0.8291,0.4133,1.0041,26.91,1.91,57.967,0.00179,57.96879,25,149.57,3,PASS,NORMAL
TST-000701,WFR-02,DIE-0814,EQP-102,STN-01,SF,1.1902,1.1693,43.4215,1.4279,12.7442,4.4107,0.4416,2.4493,12.7647,0.8872,0.4023,1.6586,26.19,1.19,52.2526,0.0017,52.2543,25,146.22,3,PASS,NORMAL
TST-000702,WFR-03,DIE-1527,EQP-104,STN-03,FS,1.2054,1.1842,44.4063,1.4449,12.542,4.1929,0.4374,2.4439,12.808,0.8151,0.4235,1.7212,26.46,1.46,54.4085,0.00174,54.41024,25,150.21,5,PASS,NORMAL
TST-000703,WFR-04,DIE-2240,EQP-102,STN-01,TT,1.1954,1.1694,43.762,1.3625,12.2059,4.165,0.4513,2.4529,11.9865,0.8664,0.4257,2.4351,26.84,1.84,50.5269,0.00163,50.52853,25,151.71,4,PASS,NORMAL
TST-000704,WFR-05,DIE-2903,EQP-102,STN-01,FF,1.204,1.1794,42.7871,1.7205,12.8073,4.0717,0.4471,2.7899,11.2069,0.8657,0.4294,1.3687,26.96,1.96,52.3922,0.00207,52.39427,25,148.84,4,PASS,NORMAL
TST-000705,WFR-06,DIE-3616,EQP-102,STN-03,SF,1.1938,1.1799,47.1741,1.2844,12.8354,4.1544,0.4555,2.6354,12.3204,0.8877,0.4232,1.0212,27.02,2.02,54.5243,0.00153,54.52583,25,149.04,5,PASS,NORMAL
TST-000706,WFR-07,DIE-4329,EQP-102,STN-01,SS,1.2,1.1867,44.8141,1.4696,13.1672,4.1488,0.4532,2.2765,13.4819,0.8854,0.3926,2.1054,26.65,1.65,58.3613,0.00176,58.36306,25,153.68,3,PASS,NORMAL
TST-000707,WFR-08,DIE-5042,EQP-104,STN-02,SF,1.1909,1.1727,43.1505,1.4329,12.2963,4.1857,0.4411,2.4883,12.4606,0.8084,0.4088,1.8015,27.1,2.1,49.8098,0.00171,49.81151,25,150.88,2,PASS,NORMAL
TST-000708,WFR-09,DIE-0705,EQP-102,STN-04,SS,1.1949,1.1761,43.7417,1.646,12.3713,4.3477,0.469,2.274,12.8129,0.8279,0.4186,2.85,26.85,1.85,54.6028,0.00197,54.60477,25,156.34,3,PASS,NORMAL
TST-000709,WFR-10,DIE-1418,EQP-101,STN-03,SF,1.1755,1.1473,43.4792,1.368,11.7793,4.2581,0.4615,2.5722,12.7072,0.801,0.4343,1.0708,26.82,1.82,50.7932,0.00161,50.79481,25,145.08,5,PASS,NORMAL
TST-000710,WFR-11,DIE-2131,EQP-105,STN-01,SF,1.2141,1.1891,46.8246,1.5103,12.7147,4.2034,0.4434,2.4432,12.6909,0.8675,0.4348,1.7903,29.81,4.81,51.9042,0.00183,51.90603,25,148.03,5,PASS,NORMAL
TST-000711,WFR-12,DIE-2844,EQP-104,STN-04,FS,1.2094,1.1932,42.1947,1.5512,12.5041,4.2451,0.4479,2.4874,12.5757,0.867,0.3983,1.6333,28.17,3.17,53.0435,0.00188,53.04538,25,152.72,3,PASS,NORMAL
TST-000712,WFR-13,DIE-3507,EQP-105,STN-03,SF,1.2023,1.18,46.8545,1.4327,12.9846,4.2009,0.4613,2.5044,11.897,0.863,0.412,2.2136,27.12,2.12,55.0678,0.00172,55.06952,25,155,2,PASS,NORMAL
TST-000713,WFR-14,DIE-4220,EQP-102,STN-03,SF,1.1983,1.1769,44.4354,1.4354,11.9983,4.2845,0.4841,2.6463,12.1474,0.8678,0.4051,1.1555,26.82,1.82,54.3214,0.00172,54.32312,25,154.31,3,PASS,NORMAL
TST-000714,WFR-15,DIE-4933,EQP-103,STN-03,FF,0.8434,0.8283,44.8769,1.7046,12.0159,4.303,0.447,2.0396,11.5401,0.8501,0.4077,-0.4207,27.18,2.18,55.6418,0.00144,55.64324,25,147.14,4,FAIL,LOW_VOLTAGE
TST-000715,WFR-16,DIE-0646,EQP-105,STN-04,SS,1.1868,0.9786,55.7205,1.4048,18.316,4.3229,0.4845,2.3221,14.0005,0.8268,0.4363,1.3219,27.41,2.41,55.9392,0.00167,55.94087,25,150.63,3,FAIL,EQUIPMENT_DRIFT
TST-000716,WFR-17,DIE-1309,EQP-102,STN-01,TT,1.196,1.185,45.7417,1.4939,12.6177,4.0735,0.4599,2.456,12.388,0.8111,0.4427,2.0696,27.63,2.63,47.5248,0.00179,47.52659,25,153.16,2,PASS,NORMAL
TST-000717,WFR-18,DIE-2022,EQP-104,STN-03,SF,1.1929,1.1697,43.2682,1.419,12.6212,4.3679,0.4555,2.5125,12.5185,0.898,0.4355,1.5089,28.5,3.5,54.8006,0.00169,54.80229,25,149.65,1,PASS,NORMAL
TST-000718,WFR-19,DIE-2735,EQP-105,STN-04,FS,1.1808,1.0265,54.2718,1.3965,17.1718,4.3572,0.4387,2.5443,12.9391,0.8668,0.4279,0.9329,26.74,1.74,55.7205,0.00165,55.72215,25,147.71,5,FAIL,EQUIPMENT_DRIFT
TST-000719,WFR-20,DIE-3448,EQP-104,STN-02,TT,1.202,1.1803,46.0443,1.5144,12.5397,4.0293,0.4479,2.5116,12.1449,0.8205,0.4187,1.9653,27.22,2.22,54.4899,0.00182,54.49172,25,155.58,3,PASS,NORMAL
TST-000720,WFR-01,DIE-4111,EQP-102,STN-03,TT,1.2047,1.1773,45.5584,1.4262,12.6663,4.2864,0.4683,2.4357,12.3984,0.8848,0.4133,2.1128,26.96,1.96,54.6461,0.00172,54.64782,25,141.58,1,PASS,NORMAL
TST-000721,WFR-02,DIE-4824,EQP-101,STN-01,FS,1.2132,1.1907,44.32,1.6208,12.0133,4.0801,0.4422,2.5455,12.2611,0.878,0.4103,1.5928,26.81,1.81,50.9063,0.00197,50.90827,25,144.81,2,PASS,NORMAL
TST-000722,WFR-03,DIE-0537,EQP-101,STN-01,SF,1.1966,1.1886,46.6801,1.3454,12.6772,4.2491,0.4485,2.5836,12.215,0.8237,0.4434,1.4759,29.18,4.18,55.071,0.00161,55.07261,25,147.27,2,PASS,NORMAL
TST-000723,WFR-04,DIE-1250,EQP-105,STN-04,TT,1.1884,1.1658,45.1399,1.4433,12.6901,4.1667,0.4405,2.4928,12.4473,0.864,0.407,1.732,27.22,2.22,54.282,0.00172,54.28372,25,153.62,1,PASS,NORMAL
TST-000724,WFR-05,DIE-1913,EQP-105,STN-02,FF,1.2215,1.2011,45.2408,1.6916,16.373,5.6034,0.6232,2.3289,15.4549,0.8574,0.4057,-0.2103,28.8,3.8,52.34,0.00207,52.34207,25,148.25,1,FAIL,PROCESS_VARIATION
TST-000725,WFR-06,DIE-2626,EQP-101,STN-02,TT,1.2051,1.1819,46.1869,1.4745,13.1051,4.255,0.4674,2.5255,12.0973,0.8782,0.4066,1.873,26.52,1.52,54.1175,0.00178,54.11928,25,147.05,1,PASS,NORMAL
TST-000726,WFR-07,DIE-3339,EQP-101,STN-01,TT,1.2036,1.1875,46.5627,1.5463,12.5122,4.2453,0.459,2.5137,12.405,0.8372,0.4238,1.676,28.86,3.86,54.8781,0.00186,54.87996,25,157.77,4,PASS,NORMAL
TST-000727,WFR-08,DIE-4002,EQP-104,STN-02,TT,1.206,1.182,44.8813,1.3017,12.5722,4.1313,0.4464,2.4365,12.9924,0.8822,0.4134,1.5163,26.59,1.59,56.8857,0.00157,56.88727,25,153.98,4,PASS,NORMAL
TST-000728,WFR-09,DIE-4715,EQP-101,STN-03,FF,1.1953,1.1802,43.4525,1.3833,12.8161,4.2504,0.4525,2.5013,11.6496,0.8241,0.4136,2.5185,25.88,0.88,60.1266,0.00165,60.12825,25,149.24,2,PASS,NORMAL
TST-000729,WFR-10,DIE-0428,EQP-104,STN-03,FS,1.2219,1.21,47.7943,1.5695,12.0422,4.3779,0.4703,2.519,12.6112,0.8561,0.4337,1.4196,27.15,2.15,53.74,0.00192,53.74192,25,155.58,4,PASS,NORMAL
TST-000730,WFR-11,DIE-1141,EQP-101,STN-02,SF,1.1991,1.1784,46.6346,1.2867,12.2422,4.2934,0.4721,2.4655,12.6416,0.8671,0.3966,1.7012,26.64,1.64,54.7603,0.00154,54.76184,25,142.26,2,PASS,NORMAL
TST-000731,WFR-12,DIE-1804,EQP-101,STN-03,FS,1.2096,1.1869,44.0492,1.4572,12.1687,4.3286,0.4452,2.5036,12.1715,0.8966,0.3898,1.9103,29.76,4.76,53.7175,0.00176,53.71926,25,152.27,1,PASS,NORMAL
TST-000732,WFR-13,DIE-2517,EQP-104,STN-02,FS,1.2019,1.1786,46.2558,1.3484,12.764,4.2012,0.4353,2.4751,12.6557,0.821,0.4276,1.6742,27.31,2.31,56.0042,0.00162,56.00582,25,153.42,1,PASS,NORMAL
TST-000733,WFR-14,DIE-3230,EQP-101,STN-02,SF,1.1931,1.1732,45.4081,1.6215,12.4715,4.3354,0.4664,2.5258,12.4872,0.8759,0.42,1.4837,26.8,1.8,48.3431,0.00193,48.34503,25,148.47,3,PASS,NORMAL
TST-000734,WFR-15,DIE-3943,EQP-105,STN-02,FF,1.1829,1.1567,64.1871,2.0825,11.6569,4.1309,0.4473,2.6213,11.4921,0.8158,0.4094,1.998,50.41,25.41,126.7217,0.00246,126.72416,25,141.93,4,FAIL,POWER_ANOMALY
TST-000735,WFR-16,DIE-4606,EQP-101,STN-01,FS,1.2124,1.187,43.2202,1.472,12.2238,3.9579,0.4546,2.4976,12.7333,0.8805,0.4272,1.4006,27.95,2.95,52.149,0.00178,52.15078,25,151.06,2,PASS,NORMAL
TST-000736,WFR-17,DIE-0319,EQP-101,STN-04,SF,1.2009,1.1734,46.3858,1.4818,12.6628,4.2322,0.4492,2.5279,12.5805,0.8661,0.3894,1.3878,27.78,2.78,56.6039,0.00178,56.60568,25,149.09,5,PASS,NORMAL
TST-000737,WFR-18,DIE-1032,EQP-101,STN-01,FS,1.21,1.1922,61.2713,7.0859,12.3563,4.2223,0.4586,2.4283,11.9982,0.8178,0.427,2.6269,54.88,29.88,57.3941,0.00857,57.40267,25,151.21,4,FAIL,HIGH_LEAKAGE
TST-000738,WFR-19,DIE-1745,EQP-105,STN-04,SS,1.2173,1.2028,46.429,1.2426,12.8682,4.3912,0.4768,2.1701,13.546,0.8796,0.4062,2.8547,27.04,2.04,48.6237,0.00151,48.62521,25,150.97,3,PASS,NORMAL
TST-000739,WFR-20,DIE-2408,EQP-105,STN-03,TT,1.192,1.1716,43.3322,1.6529,12.5179,4.2262,0.4531,2.4577,12.2669,0.8617,0.4104,2.1296,28.03,3.03,60.1616,0.00197,60.16357,25,156.88,5,PASS,NORMAL
TST-000740,WFR-01,DIE-3121,EQP-104,STN-01,TT,1.193,1.1718,47.5569,1.4114,12.2724,3.9679,0.4944,2.5476,12.3793,0.8042,0.4383,1.5362,27.94,2.94,50.4333,0.00168,50.43498,25,149.51,5,PASS,NORMAL
TST-000741,WFR-02,DIE-3834,EQP-102,STN-03,SF,1.2069,1.1847,44.576,1.3381,12.6264,4.0885,0.463,2.5226,12.9542,0.8472,0.4443,1.0642,28.14,3.14,51.6551,0.00161,51.65671,25,148.98,2,PASS,NORMAL
TST-000742,WFR-03,DIE-4547,EQP-105,STN-02,SF,1.21,1.1953,43.9085,1.4023,12.5916,4.4265,0.4211,2.1856,20.4751,1.1618,0.4273,-0.854,27.42,2.42,51.8156,0.0017,51.8173,25,141.71,3,FAIL,TIMING_FAILURE
TST-000743,WFR-04,DIE-0210,EQP-102,STN-02,SF,1.2078,1.185,45.883,1.607,13.1217,4.1666,0.4487,2.0386,20.69,1.0457,0.4106,-0.9751,27.06,2.06,50.4662,0.00194,50.46814,25,156.12,3,FAIL,TIMING_FAILURE
TST-000744,WFR-05,DIE-0923,EQP-103,STN-02,SF,1.2329,1.2179,44.6823,1.5408,12.87,4.2424,0.4463,2.5182,12.5279,0.8514,0.4196,1.5123,26.63,1.63,56.7872,0.0019,56.7891,25,150.79,4,PASS,NORMAL
TST-000745,WFR-06,DIE-1636,EQP-104,STN-02,FF,1.195,1.1743,47.4557,1.8801,12.0503,3.961,0.4441,2.6983,11.7824,0.89,0.412,1.2252,28.3,3.3,53.1092,0.00225,53.11145,25,155.82,2,PASS,NORMAL
TST-000746,WFR-07,DIE-2349,EQP-102,STN-01,FS,1.1939,1.1752,46.2382,1.6057,11.8349,4.288,0.4516,2.4048,11.5336,0.8748,0.4142,3.1854,27.83,2.83,50.6308,0.00192,50.63272,25,149.6,1,PASS,NORMAL
TST-000747,WFR-08,DIE-3012,EQP-105,STN-01,SF,1.1938,1.1804,43.3584,1.6775,12.7134,4.0748,0.427,2.5076,12.7687,0.8514,0.4125,1.3344,27.03,2.03,54.3692,0.002,54.3712,25,157.77,5,PASS,NORMAL
TST-000748,WFR-09,DIE-3725,EQP-102,STN-02,FS,1.2029,1.1832,42.0287,1.4253,12.0907,4.272,0.4601,2.4417,11.7408,0.8535,0.4108,2.7639,26.67,1.67,54.5807,0.00171,54.58241,25,144.71,1,PASS,NORMAL
TST-000749,WFR-10,DIE-4438,EQP-104,STN-04,FS,1.1973,1.1814,46.9058,1.5371,12.7882,4.149,0.4581,2.4523,12.3162,0.8423,0.4289,2.1333,27.6,2.6,55.847,0.00184,55.84884,25,154.42,4,PASS,NORMAL
TST-000750,WFR-11,DIE-0101,EQP-101,STN-02,SS,1.1717,1.1536,67.5808,1.607,12.2013,4.2771,0.4764,2.2875,13.1794,0.8469,0.4255,2.3671,49.66,24.66,98.6576,0.00188,98.65948,25,146.32,3,FAIL,POWER_ANOMALY
TST-000751,WFR-12,DIE-0814,EQP-103,STN-01,FS,1.1841,1.1618,45.5381,1.4676,13.3139,4.0578,0.447,2.5718,12.0511,0.8837,0.3884,1.6464,28.54,3.54,55.9495,0.00174,55.95124,25,156.04,5,PASS,NORMAL
TST-000752,WFR-13,DIE-1527,EQP-101,STN-04,SF,1.2201,1.1945,46.0104,1.6612,12.1504,4.3441,0.4729,2.4341,11.9975,0.8697,0.4322,2.5389,28.15,3.15,55.4727,0.00203,55.47473,25,147.47,1,PASS,NORMAL
TST-000753,WFR-14,DIE-2240,EQP-102,STN-04,FS,1.2209,1.202,46.6894,1.5938,12.0853,4.1252,0.4572,2.5413,12.2992,0.806,0.4116,1.651,27.07,2.07,55.6162,0.00195,55.61815,25,149.82,1,PASS,NORMAL
TST-000754,WFR-15,DIE-2903,EQP-105,STN-03,FF,1.1837,1.1543,42.9997,1.7846,12.5288,4.0111,0.4599,2.6659,11.3865,0.8532,0.4073,1.8268,27.23,2.23,52.0256,0.00211,52.02771,25,147.24,1,PASS,NORMAL
TST-000755,WFR-16,DIE-3616,EQP-105,STN-04,TT,1.2022,1.1799,45.7237,1.5164,12.4541,4.1418,0.4383,2.5206,12.6654,0.9168,0.4223,1.2952,27.31,2.31,49.5772,0.00182,49.57902,25,150.15,2,PASS,NORMAL
TST-000756,WFR-17,DIE-4329,EQP-104,STN-04,SS,1.1914,1.1687,45.3107,1.5246,12.7353,4.0678,0.4986,2.2781,14.4944,0.8608,0.4059,1.1059,27.77,2.77,54.027,0.00182,54.02882,25,153.23,1,PASS,NORMAL
TST-000757,WFR-18,DIE-5042,EQP-101,STN-04,SF,1.1925,1.1667,45.8984,1.6812,12.2063,4.3395,0.4534,2.4921,11.9993,0.8158,0.3986,2.2325,28.64,3.64,55.3167,0.002,55.3187,25,141.01,2,PASS,NORMAL
TST-000758,WFR-19,DIE-0705,EQP-102,STN-03,FS,1.1766,1.1568,46.1025,1.6445,12.1946,4.1373,0.4377,2.416,12.317,0.8809,0.4157,2.3236,26.45,1.45,49.9827,0.00193,49.98463,25,153.38,2,PASS,NORMAL
TST-000759,WFR-20,DIE-1418,EQP-104,STN-02,TT,1.2047,1.187,45.182,1.5952,12.4949,4.2757,0.4464,2.4673,12.5216,0.8394,0.4459,1.8378,28.03,3.03,53.8191,0.00192,53.82102,25,150.39,1,PASS,NORMAL
TST-000760,WFR-01,DIE-2131,EQP-101,STN-04,TT,1.1875,1.1668,45.1682,1.2407,12.9688,4.1848,0.4568,2.4431,12.5179,0.8116,0.4086,2.0199,27.81,2.81,56.4575,0.00147,56.45897,25,150.32,2,PASS,NORMAL
TST-000761,WFR-02,DIE-2844,EQP-103,STN-02,FS,1.2037,1.1878,45.802,1.4235,12.2378,4.226,0.4392,2.5447,11.8648,0.8045,0.4386,2.0672,26.54,1.54,53.5381,0.00171,53.53981,25,146.12,2,PASS,NORMAL
TST-000762,WFR-03,DIE-3507,EQP-102,STN-03,SS,1.2113,1.1849,43.0979,1.3463,12.7777,4.3433,0.4738,2.3526,13.2316,0.8745,0.4188,1.8337,27.67,2.67,55.0904,0.00163,55.09203,25,147.04,3,PASS,NORMAL
TST-000763,WFR-04,DIE-4220,EQP-103,STN-01,SS,1.2187,1.2014,45.3407,1.3101,12.305,4.179,0.47,2.2775,13.3156,0.8722,0.4424,2.2776,27.08,2.08,56.5096,0.0016,56.5112,25,152.52,4,PASS,NORMAL
TST-000764,WFR-05,DIE-4933,EQP-102,STN-04,FF,1.212,1.2038,42.7444,1.7213,12.6502,4.3907,0.4562,2.6783,10.9216,0.8672,0.393,2.2126,28.66,3.66,53.6188,0.00209,53.62089,25,148.45,1,PASS,NORMAL
TST-000765,WFR-06,DIE-0646,EQP-103,STN-03,TT,1.2027,1.1768,46.2649,1.2264,12.9882,4.0142,0.4427,2.5244,12.5172,0.8313,0.4193,1.5065,27.84,2.84,54.9774,0.00147,54.97887,25,155.34,3,PASS,NORMAL
TST-000766,WFR-07,DIE-1309,EQP-104,STN-03,SF,1.2051,1.1886,65.4603,1.4895,12.7095,4.1109,0.4574,2.4187,12.4045,0.8844,0.4319,2.2153,44.34,19.34,112.9431,0.00179,112.94489,25,158.08,3,FAIL,POWER_ANOMALY
TST-000767,WFR-08,DIE-2022,EQP-101,STN-01,FS,1.2043,1.1905,45.974,1.224,12.938,4.1456,0.4524,2.4449,12.7562,0.8168,0.4053,1.7651,25.71,0.71,59.0906,0.00147,59.09207,25,154.04,4,PASS,NORMAL
TST-000768,WFR-09,DIE-2735,EQP-104,STN-01,FF,1.2017,1.1831,43.8047,1.7454,12.7671,4.2438,0.4405,2.7137,11.2845,0.8419,0.4264,1.6924,28.55,3.55,55.1348,0.0021,55.1369,25,144.34,3,PASS,NORMAL
TST-000769,WFR-10,DIE-3448,EQP-103,STN-03,SS,1.1941,1.1728,66.1974,7.058,11.9797,4.3367,0.4632,2.2788,12.8755,0.8596,0.4372,2.7209,46.64,21.64,50.039,0.00843,50.04743,25,148.06,2,FAIL,HIGH_LEAKAGE
TST-000770,WFR-11,DIE-4111,EQP-101,STN-03,SS,1.1894,1.1634,45.0049,1.6835,12.0826,4.3268,0.4686,2.4084,13.1592,0.8298,0.4357,1.5815,27.68,2.68,55.1919,0.002,55.1939,25,142.28,1,PASS,NORMAL
TST-000771,WFR-12,DIE-4824,EQP-104,STN-01,TT,1.2063,1.1838,43.6377,1.4381,12.6191,4.2765,0.4425,2.4014,11.9965,0.842,0.401,2.7774,27.82,2.82,55.3808,0.00173,55.38253,25,152.29,2,PASS,NORMAL
TST-000772,WFR-13,DIE-0537,EQP-104,STN-04,SF,1.1958,1.1735,43.2695,1.4755,12.9485,3.9847,0.4502,2.5047,11.8377,0.8518,0.426,2.2824,29.1,4.1,56.9625,0.00176,56.96426,25,142.12,2,PASS,NORMAL
TST-000773,WFR-14,DIE-1250,EQP-105,STN-04,TT,1.2119,1.198,43.7779,1.4658,12.3558,4.1954,0.4599,2.427,12.3658,0.8428,0.4326,2.2426,26.69,1.69,53.8044,0.00178,53.80618,25,150.49,2,PASS,NORMAL
TST-000774,WFR-15,DIE-1913,EQP-104,STN-04,SS,1.2099,1.1924,43.8223,1.5339,13.2357,4.1503,0.4667,2.3874,13.61,0.8257,0.4107,1.2718,27.61,2.61,51.3713,0.00186,51.37316,25,152.53,3,PASS,NORMAL
TST-000775,WFR-16,DIE-2626,EQP-102,STN-01,FF,1.1906,1.1803,43.1162,1.9147,12.5932,4.2292,0.4505,2.5912,11.7048,0.8451,0.4181,1.9222,28.55,3.55,59.6018,0.00228,59.60408,25,154.03,4,PASS,NORMAL
TST-000776,WFR-17,DIE-3339,EQP-102,STN-01,FS,1.2038,1.1795,46.0092,1.4556,12.9497,4.2665,0.447,2.5185,12.3917,0.866,0.4296,1.6321,27.72,2.72,50.3216,0.00175,50.32335,25,156.74,1,PASS,NORMAL
TST-000777,WFR-18,DIE-4002,EQP-102,STN-02,FF,1.2079,1.1876,49.4132,1.7565,11.768,4.2588,0.4599,2.7805,11.0925,0.79,0.4383,1.6043,27.36,2.36,54.0577,0.00212,54.05982,25,142.01,4,PASS,NORMAL
TST-000778,WFR-19,DIE-4715,EQP-102,STN-01,FF,1.2269,1.2169,46.6206,1.7191,12.2548,4.1905,0.4387,2.3438,19.2441,1.3737,0.4084,-1.997,26.4,1.4,53.1697,0.00211,53.17181,25,157.27,3,FAIL,TIMING_FAILURE
TST-000779,WFR-20,DIE-0428,EQP-101,STN-04,SS,1.1853,1.1649,44.2544,1.4546,11.7859,4.1678,0.4682,2.327,14.0113,0.8611,0.4152,1.2428,27.75,2.75,52.4736,0.00172,52.47532,25,152.54,5,PASS,NORMAL
TST-000780,WFR-01,DIE-1141,EQP-104,STN-03,SF,1.177,1.1566,47.4755,1.5605,11.7022,4.299,0.4505,2.5339,12.3593,0.8544,0.4254,1.5856,27.8,2.8,52.8595,0.00184,52.86134,25,147.88,5,PASS,NORMAL
TST-000781,WFR-02,DIE-1804,EQP-103,STN-03,FF,1.1841,1.1631,46.6376,1.7661,11.9053,4.3818,0.4433,2.6739,11.27,0.8265,0.4169,1.928,26.53,1.53,53.024,0.00209,53.02609,25,154.57,3,PASS,NORMAL
TST-000782,WFR-03,DIE-2517,EQP-102,STN-01,SF,1.1903,1.1643,45.3448,1.6364,12.3052,3.9643,0.4418,2.5779,12.2336,0.8418,0.4219,1.4713,26.62,1.62,59.409,0.00195,59.41095,25,149.65,4,PASS,NORMAL
TST-000783,WFR-04,DIE-3230,EQP-102,STN-01,FS,1.2243,1.1954,46.5326,1.5213,13.3732,4.2774,0.4647,2.5264,12.7267,0.8621,0.4211,1.2545,26.01,1.01,53.1964,0.00186,53.19826,25,152.62,2,PASS,NORMAL
TST-000784,WFR-05,DIE-3943,EQP-101,STN-04,SS,1.1873,1.1678,43.3283,1.6977,12.5136,4.0955,0.4679,2.2714,13.6685,0.7927,0.4255,2.0484,28.33,3.33,54.3884,0.00202,54.39042,25,155.92,3,PASS,NORMAL
TST-000785,WFR-06,DIE-4606,EQP-101,STN-02,SF,1.1984,1.1824,45.3882,1.5662,13.0341,4.334,0.462,2.4476,12.0087,0.8187,0.417,2.4937,26.94,1.94,53.2673,0.00188,53.26918,25,150.68,5,PASS,NORMAL
TST-000786,WFR-07,DIE-0319,EQP-103,STN-02,FF,1.2047,1.1886,45.4463,1.5111,13.5825,4.2418,0.4688,2.7077,11.7747,0.8066,0.4147,1.2681,27.27,2.27,55.2675,0.00182,55.26932,25,142.72,4,PASS,NORMAL
TST-000787,WFR-08,DIE-1032,EQP-103,STN-01,TT,1.1743,1.1529,45.7687,1.597,12.6263,4.3258,0.4417,2.5887,12.9676,0.7875,0.4444,0.7309,27.04,2.04,55.5085,0.00188,55.51038,25,155.42,3,PASS,NORMAL
TST-000788,WFR-09,DIE-1745,EQP-102,STN-03,SF,1.1675,1.1493,44.0003,1.762,12.4533,4.1914,0.4545,2.4505,13.1066,0.8656,0.4145,1.3308,27.2,2.2,54.4347,0.00206,54.43676,25,152.5,3,PASS,NORMAL
TST-000789,WFR-10,DIE-2408,EQP-104,STN-04,TT,1.2222,1.2075,42.7283,1.4941,13.0236,4.0244,0.4459,2.5188,12.7135,0.9067,0.3969,1.2678,27.32,2.32,56.3579,0.00183,56.35973,25,150.73,2,PASS,NORMAL
TST-000790,WFR-11,DIE-3121,EQP-101,STN-04,FS,1.2029,1.1896,44.0497,1.3308,12.9503,4.2592,0.4528,2.5603,12.254,0.8594,0.4264,1.5333,27.33,2.33,55.0482,0.0016,55.0498,25,151.15,2,PASS,NORMAL
TST-000791,WFR-12,DIE-3834,EQP-105,STN-01,FF,1.2223,1.2001,45.123,1.689,12.5522,4.2036,0.4602,2.7497,11.4183,0.8729,0.4362,1.3467,27.41,2.41,53.979,0.00206,53.98106,25,151.48,3,PASS,NORMAL
TST-000792,WFR-13,DIE-4547,EQP-103,STN-03,TT,1.2264,1.2019,46.436,1.5706,12.3289,4.3874,0.436,2.4604,12.3121,0.8819,0.397,2.0474,26.96,1.96,52.7983,0.00193,52.80023,25,149.52,3,PASS,NORMAL
TST-000793,WFR-14,DIE-0210,EQP-101,STN-01,FF,1.2053,1.1924,44.2798,1.8345,12.8989,4.3122,0.43,2.7318,11.5504,0.8645,0.4061,1.3123,28.95,3.95,53.032,0.00221,53.03421,25,156.88,2,PASS,NORMAL
TST-000794,WFR-15,DIE-0923,EQP-102,STN-01,TT,1.2175,1.1926,44.5453,1.4122,13.0195,4.2599,0.4555,2.5502,11.8865,0.8849,0.3995,1.9333,28.46,3.46,51.4316,0.00172,51.43332,25,144.85,4,PASS,NORMAL
TST-000795,WFR-16,DIE-1636,EQP-103,STN-04,FF,1.1905,1.1678,47.7108,1.4506,12.65,4.2749,0.4369,2.6774,11.8919,0.8491,0.4265,1.2651,27.75,2.75,53.7837,0.00173,53.78543,25,145.86,1,PASS,NORMAL
TST-000796,WFR-17,DIE-2349,EQP-103,STN-03,FF,1.2374,1.2094,47.1439,1.8489,12.6202,4.1263,0.4486,2.6324,11.4398,0.8855,0.4205,1.9203,27.62,2.62,53.8332,0.00229,53.83549,25,151.38,4,PASS,NORMAL
TST-000797,WFR-18,DIE-3012,EQP-103,STN-04,TT,1.206,1.1866,46.0548,1.5972,12.1048,4.2222,0.4457,2.4847,12.804,0.8291,0.431,1.4593,28.25,3.25,50.2591,0.00193,50.26103,25,147.16,5,PASS,NORMAL
TST-000798,WFR-19,DIE-3725,EQP-103,STN-02,SS,1.2084,1.1917,47.2791,1.3241,12.6194,4.2932,0.4683,2.2693,13.6421,0.9235,0.4233,1.9593,26.1,1.1,48.6631,0.0016,48.6647,25,148.2,3,PASS,NORMAL
TST-000799,WFR-20,DIE-4438,EQP-103,STN-01,SF,0.8418,0.8293,43.5406,1.4374,12.0299,4.1962,0.4563,1.794,12.5828,0.8559,0.4481,0.0429,28.14,3.14,55.157,0.00121,55.15821,25,153.53,3,FAIL,LOW_VOLTAGE
TST-000800,WFR-01,DIE-0101,EQP-103,STN-01,FS,0.9382,0.917,45.6956,1.427,12.4034,4.2302,0.445,2.1311,12.9201,0.8761,0.4245,0.1046,27.4,2.4,53.4597,0.00134,53.46104,25,156.08,1,FAIL,LOW_VOLTAGE
TST-000801,WFR-02,DIE-0814,EQP-101,STN-02,TT,1.212,1.2022,46.0889,1.2577,12.9565,4.3119,0.4541,2.4185,12.0528,0.8661,0.4383,2.5866,27.4,2.4,54.5686,0.00152,54.57012,25,149.41,4,PASS,NORMAL
TST-000802,WFR-03,DIE-1527,EQP-105,STN-01,FF,1.2379,1.2176,43.9883,1.6587,12.3336,3.9895,0.4653,2.6237,11.5366,0.9215,0.4206,1.8347,26.77,1.77,50.0126,0.00205,50.01465,25,155.05,5,PASS,NORMAL
TST-000803,WFR-04,DIE-2240,EQP-101,STN-02,SS,1.2111,1.1922,45.676,1.3576,12.5547,4.1595,0.4872,2.2285,14.0457,0.8772,0.4035,1.9046,27.8,2.8,52.7531,0.00164,52.75474,25,147.99,5,PASS,NORMAL
TST-000804,WFR-05,DIE-2903,EQP-105,STN-02,FS,1.2327,1.2148,44.5528,1.4439,12.6606,4.1047,0.4532,2.4496,12.5444,0.8288,0.4185,1.9354,27.64,2.64,53.2144,0.00178,53.21618,25,152.63,2,PASS,NORMAL
TST-000805,WFR-06,DIE-3616,EQP-104,STN-01,FF,1.2141,1.1986,43.4875,1.636,12.3664,4.1768,0.4464,2.7177,11.7923,0.8079,0.4202,1.1982,26.91,1.91,57.0831,0.00199,57.08509,25,149.2,5,PASS,NORMAL
TST-000806,WFR-07,DIE-4329,EQP-103,STN-02,SF,1.2115,1.1855,46.778,1.4981,12.4115,4.2892,0.4345,2.5906,12.3096,0.8262,0.4056,1.3396,27.49,2.49,54.7528,0.00181,54.75461,25,146.29,5,PASS,NORMAL
TST-000807,WFR-08,DIE-5042,EQP-105,STN-03,SS,1.2347,1.2233,45.3622,1.4075,12.6379,4.0347,0.4777,2.2964,13.5157,0.8413,0.4286,1.9729,28.08,3.08,54.1879,0.00174,54.18964,25,148.87,5,PASS,NORMAL
TST-000808,WFR-09,DIE-0705,EQP-101,STN-04,TT,1.2022,1.1818,43.7618,1.6378,12.8759,4.1914,0.4344,2.4969,11.9518,0.8855,0.4422,2.1813,28.44,3.44,55.3931,0.00197,55.39507,25,150.86,3,PASS,NORMAL
TST-000809,WFR-10,DIE-1418,EQP-101,STN-03,FF,1.2109,1.1933,47.147,1.4904,11.904,4.2109,0.4552,2.7452,11.3361,0.8858,0.4262,1.4383,28.55,3.55,53.1266,0.0018,53.1284,25,152.75,5,PASS,NORMAL
TST-000810,WFR-11,DIE-2131,EQP-104,STN-03,FF,1.1954,1.1679,45.9155,1.6748,12.1124,4.2665,0.4475,2.6998,11.7642,0.8104,0.4575,1.3153,27.07,2.07,54.2592,0.002,54.2612,25,150.81,5,PASS,NORMAL
TST-000811,WFR-12,DIE-2844,EQP-102,STN-01,FS,1.1989,1.1749,46.4157,1.3872,12.3412,4.4339,0.4337,2.4348,12.6855,0.8504,0.4219,1.8658,27.04,2.04,49.5382,0.00166,49.53986,25,148.28,4,PASS,NORMAL
TST-000812,WFR-13,DIE-3507,EQP-101,STN-02,FF,1.1967,1.1751,46.2859,1.8084,12.5376,4.2202,0.435,2.6797,11.6994,0.8538,0.4147,1.4409,27.58,2.58,51.8729,0.00216,51.87506,25,149.07,1,PASS,NORMAL
TST-000813,WFR-14,DIE-4220,EQP-101,STN-03,SS,1.1936,1.1673,44.0556,1.5665,12.6155,4.2152,0.4644,2.3792,13.8411,0.8697,0.423,1.0508,26.99,1.99,50.5814,0.00187,50.58327,25,144.15,3,PASS,NORMAL
TST-000814,WFR-15,DIE-4933,EQP-101,STN-01,TT,1.1873,1.1727,46.6707,1.2863,12.5907,4.2335,0.4572,2.4539,12.6476,0.8179,0.4105,1.8163,28.85,3.85,55.6755,0.00153,55.67703,25,147.01,5,PASS,NORMAL
TST-000815,WFR-16,DIE-0646,EQP-103,STN-02,SF,1.1906,1.169,42.5024,1.1551,12.0089,4.2561,0.461,2.4813,13.0554,0.8238,0.4506,1.2338,27.94,2.94,53.2121,0.00138,53.21348,25,150.23,5,PASS,NORMAL
TST-000816,WFR-17,DIE-1309,EQP-104,STN-01,SS,1.2482,1.2412,61.0167,7.6007,12.1794,4.0766,0.474,2.2438,13.2222,0.8382,0.443,2.6523,56.9,31.9,54.4521,0.00949,54.46159,25,155.49,1,FAIL,HIGH_LEAKAGE
TST-000817,WFR-18,DIE-2022,EQP-103,STN-03,FF,1.2143,1.1954,44.1442,1.6674,13.0365,4.0935,0.445,2.6963,11.7199,0.8482,0.411,1.3398,27.46,2.46,53.2632,0.00202,53.26522,25,154.36,5,PASS,NORMAL
TST-000818,WFR-19,DIE-2735,EQP-101,STN-03,FS,1.2018,1.1876,46.3835,1.4213,12.5413,4.4983,0.4467,2.536,11.9406,0.8674,0.4443,1.9791,26.82,1.82,54.381,0.00171,54.38271,25,148.68,5,PASS,NORMAL
TST-000819,WFR-20,DIE-3448,EQP-101,STN-02,SF,1.2052,1.1826,44.9796,1.4129,12.7145,4.3572,0.4568,2.4917,13.0566,0.8596,0.4364,1.1338,27.61,2.61,52.9444,0.0017,52.9461,25,151.43,4,PASS,NORMAL
TST-000820,WFR-01,DIE-4111,EQP-102,STN-03,FS,1.1997,1.181,45.615,1.5564,12.3404,4.1899,0.4499,2.4689,12.1185,0.8237,0.4201,2.2468,28.89,3.89,57.8996,0.00187,57.90147,25,157.74,2,PASS,NORMAL
TST-000821,WFR-02,DIE-4824,EQP-103,STN-02,FF,1.2089,1.1841,46.5138,1.2883,12.4425,4.3016,0.44,2.5633,11.8349,0.8706,0.4227,1.9241,26.55,1.55,56.8393,0.00156,56.84086,25,149.57,3,PASS,NORMAL
TST-000822,WFR-03,DIE-0537,EQP-104,STN-04,TT,1.1854,1.1677,43.9665,1.3326,12.8981,4.1942,0.4354,2.5237,12.3409,0.7564,0.3919,1.7618,26.39,1.39,53.5025,0.00158,53.50408,25,146.69,3,PASS,NORMAL
TST-000823,WFR-04,DIE-1250,EQP-105,STN-02,SS,1.2296,1.2066,43.5908,1.6941,12.1428,4.399,0.4608,2.2358,13.5021,0.8587,0.4505,2.4117,28.81,3.81,51.279,0.00208,51.28108,25,153.54,1,PASS,NORMAL
TST-000824,WFR-05,DIE-1913,EQP-104,STN-04,FF,1.2068,1.1845,46.67,1.8519,12.5386,4.2608,0.4362,2.7427,11.1136,0.8311,0.4089,1.728,26.96,1.96,51.0122,0.00223,51.01443,25,149.78,3,PASS,NORMAL
TST-000825,WFR-06,DIE-2626,EQP-104,STN-03,SF,1.2043,1.1837,45.3309,1.4692,12.9912,4.1877,0.4241,2.4988,12.9207,0.8703,0.402,1.2162,27.84,2.84,51.7797,0.00177,51.78147,25,146.03,5,PASS,NORMAL
TST-000826,WFR-07,DIE-3339,EQP-101,STN-02,SS,1.1908,1.1775,44.2943,1.5198,17.1628,5.5482,0.5949,1.972,17.3835,0.8706,0.4212,0.7621,26.88,1.88,52.5203,0.00181,52.52211,25,147.09,4,FAIL,PROCESS_VARIATION
TST-000827,WFR-08,DIE-4002,EQP-104,STN-01,SF,1.2249,1.2014,43.7062,1.4624,12.232,4.1546,0.4433,2.4893,12.7271,0.8478,0.4032,1.4896,26.96,1.96,52.6873,0.00179,52.68909,25,146.7,1,PASS,NORMAL
TST-000828,WFR-09,DIE-4715,EQP-102,STN-02,FF,1.1956,1.1792,43.0737,1.7415,12.2712,4.1273,0.4421,2.7228,11.5731,0.8726,0.3917,1.3269,26.98,1.98,54.7939,0.00208,54.79598,25,150.3,1,PASS,NORMAL
TST-000829,WFR-10,DIE-0428,EQP-101,STN-01,SS,1.1888,1.1745,46.1683,1.4325,12.5474,4.1604,0.4848,2.3254,13.7587,0.8252,0.4095,1.5424,28.04,3.04,56.8799,0.0017,56.8816,25,146.37,2,PASS,NORMAL
TST-000830,WFR-11,DIE-1141,EQP-105,STN-02,SS,1.214,1.1833,44.1887,1.4957,12.8214,4.3206,0.4706,2.3291,13.2214,0.8698,0.3802,2.0094,26.1,1.1,56.1987,0.00182,56.20052,25,144.13,2,PASS,NORMAL
TST-000831,WFR-12,DIE-1804,EQP-103,STN-02,SS,1.2094,1.1863,46.017,1.5594,12.1716,4.0185,0.4601,2.2829,13.3563,0.819,0.4115,2.2512,27.6,2.6,57.8139,0.00189,57.81579,25,150.19,3,PASS,NORMAL
TST-000832,WFR-13,DIE-2517,EQP-105,STN-02,SF,1.1901,1.1655,43.7146,1.5485,13.2465,4.1801,0.4518,2.6046,12.6409,0.8007,0.4069,0.956,27.09,2.09,49.1287,0.00184,49.13054,25,156.64,2,PASS,NORMAL
TST-000833,WFR-14,DIE-3230,EQP-102,STN-04,SS,1.1953,1.1775,41.5027,1.5986,11.4795,4.1897,0.4904,2.1908,12.9797,0.8542,0.4045,3.2831,28.04,3.04,55.6409,0.00191,55.64281,25,157.22,4,PASS,NORMAL
TST-000834,WFR-15,DIE-3943,EQP-105,STN-01,SF,1.2023,1.1816,45.349,1.2919,12.4186,4.0766,0.456,2.4743,12.5748,0.8466,0.4215,1.7344,27.01,2.01,52.043,0.00155,52.04455,25,147.77,2,PASS,NORMAL
TST-000835,WFR-16,DIE-4606,EQP-105,STN-03,SF,1.2062,1.1845,43.7095,1.509,12.2226,4.2517,0.4479,2.4959,12.2133,0.7941,0.4359,2.0172,27.19,2.19,55.7424,0.00182,55.74422,25,147.34,4,PASS,NORMAL
TST-000836,WFR-17,DIE-0319,EQP-105,STN-01,SF,1.2186,1.1996,46.1246,1.6055,11.8936,4.2328,0.4667,2.5044,12.8122,0.8077,0.4069,1.3537,26.86,1.86,49.0657,0.00196,49.06766,25,152.13,4,PASS,NORMAL
TST-000837,WFR-18,DIE-1032,EQP-103,STN-01,TT,1.2042,1.1837,46.9517,1.6485,13.0112,3.947,0.451,2.5406,12.6773,0.8427,0.3947,1.2403,28.88,3.88,51.1822,0.00199,51.18419,25,151.3,5,PASS,NORMAL
TST-000838,WFR-19,DIE-1745,EQP-105,STN-03,TT,1.2084,1.1968,45.5089,1.6975,12.7298,4.0559,0.4573,2.515,12.8783,0.8063,0.4453,1.2259,26.5,1.5,50.403,0.00205,50.40505,25,150.73,1,PASS,NORMAL
TST-000839,WFR-20,DIE-2408,EQP-101,STN-02,TT,1.1988,1.1789,47.1308,1.5192,12.7031,4.1131,0.4463,2.5697,13.1503,0.8129,0.4245,0.6299,27.34,2.34,51.8928,0.00182,51.89462,25,152,3,PASS,NORMAL
TST-000840,WFR-01,DIE-3121,EQP-103,STN-02,TT,1.2198,1.1918,46.6847,1.3907,12.5286,4.1048,0.4547,2.5589,12.2405,0.8019,0.396,1.6123,26.85,1.85,54.3206,0.0017,54.3223,25,147.71,5,PASS,NORMAL
TST-000841,WFR-02,DIE-3834,EQP-105,STN-03,SF,1.1728,1.1593,45.0419,1.6171,13.3486,4.3188,0.4368,2.5594,12.2153,0.8872,0.4372,1.5494,27.78,2.78,55.4187,0.0019,55.4206,25,147.17,4,PASS,NORMAL
TST-000842,WFR-03,DIE-4547,EQP-105,STN-04,SF,1.1873,1.1654,42.7494,1.5033,12.6202,4.4796,0.4351,2.4972,12.7459,0.8452,0.4114,1.4257,26.73,1.73,54.8584,0.00178,54.86018,25,145.52,1,PASS,NORMAL
TST-000843,WFR-04,DIE-0210,EQP-105,STN-01,SS,1.1953,1.1855,45.6608,1.4147,12.6579,4.4047,0.4759,2.3616,14.2963,0.9009,0.4265,0.6819,28.27,3.27,55.6292,0.00169,55.63089,25,148.92,4,PASS,NORMAL
TST-000844,WFR-05,DIE-0923,EQP-101,STN-01,SS,1.2069,1.1905,44.5659,1.4476,12.7753,4.357,0.4708,2.3928,13.9982,0.8141,0.3988,0.8597,27.78,2.78,57.46,0.00175,57.46175,25,149.96,2,PASS,NORMAL
TST-000845,WFR-06,DIE-1636,EQP-101,STN-04,SF,1.2078,1.1901,45.2258,1.5455,12.9371,4.2837,0.4518,2.558,13.4008,0.8014,0.4032,0.4577,27.01,2.01,56.0349,0.00187,56.03677,25,154.74,4,PASS,NORMAL
TST-000846,WFR-07,DIE-2349,EQP-102,STN-02,SS,1.1964,1.1729,45.6717,1.3968,14.956,4.8774,0.6333,1.7261,16.8736,0.8539,0.4293,3.9978,26.85,1.85,55.6354,0.00167,55.63707,25,147.02,1,FAIL,PROCESS_VARIATION
TST-000847,WFR-08,DIE-3012,EQP-102,STN-03,FS,1.1961,1.1791,44.5871,1.4119,12.9355,4.4109,0.4447,2.4557,12.3892,0.8377,0.4323,2.0437,26.52,1.52,50.9893,0.00169,50.99099,25,143.73,1,PASS,NORMAL
TST-000848,WFR-09,DIE-3725,EQP-105,STN-01,SF,1.2159,1.1952,64.2243,1.6351,12.5284,4.3036,0.4525,2.3837,11.887,0.8219,0.4339,3.0229,46.21,21.21,113.269,0.00199,113.27099,25,144.07,4,FAIL,POWER_ANOMALY
TST-000849,WFR-10,DIE-4438,EQP-105,STN-03,FS,1.1953,1.1715,47.9234,1.6245,12.8166,4.2406,0.4287,2.4043,12.5338,0.8413,0.4433,2.222,28.65,3.65,56.7167,0.00194,56.71864,25,149.58,1,PASS,NORMAL
TST-000850,WFR-11,DIE-0101,EQP-103,STN-03,SF,1.1987,1.1823,44.3493,1.543,11.8805,4.3526,0.4239,2.585,11.8455,0.8695,0.4462,1.7918,27.52,2.52,52.8291,0.00185,52.83095,25,145.87,1,PASS,NORMAL
TST-000851,WFR-12,DIE-0814,EQP-105,STN-02,SS,1.2114,1.194,41.5908,1.5685,12.6144,4.0007,0.4578,2.4016,13.5825,0.8684,0.428,1.1637,27.02,2.02,53.9971,0.0019,53.999,25,149.47,4,PASS,NORMAL
TST-000852,WFR-13,DIE-1527,EQP-101,STN-03,SS,1.1971,1.1769,43.0312,1.4499,12.2204,4.1288,0.4657,2.2952,13.3931,0.8705,0.4211,2.0748,27.29,2.29,54.1511,0.00174,54.15284,25,147.76,5,PASS,NORMAL
TST-000853,WFR-14,DIE-2240,EQP-105,STN-04,SS,1.2231,1.2081,45.2835,1.4264,12.7125,4.2145,0.4845,2.2923,13.0502,0.88,0.4207,2.4289,28.09,3.09,53.6482,0.00174,53.64994,25,149.08,5,PASS,NORMAL
TST-000854,WFR-15,DIE-2903,EQP-101,STN-02,SF,1.1499,1.1276,43.6564,1.5496,12.7898,4.1566,0.4599,2.4556,12.8526,0.8633,0.4506,1.5553,27.94,2.94,53.5807,0.00178,53.58248,25,153.15,2,PASS,NORMAL
TST-000855,WFR-16,DIE-3616,EQP-103,STN-02,SF,1.1998,1.1846,44.765,1.5374,12.7854,4.1812,0.4529,2.5224,12.1951,0.8613,0.402,1.8104,26.83,1.83,56.1684,0.00184,56.17024,25,144.51,1,PASS,NORMAL
TST-000856,WFR-17,DIE-4329,EQP-103,STN-02,SF,1.197,1.1875,46.1173,1.7085,12.4738,4.1972,0.4503,2.5047,12.7922,0.8392,0.4098,1.3405,28.04,3.04,55.3621,0.00205,55.36415,25,150.58,2,PASS,NORMAL
TST-000857,WFR-18,DIE-5042,EQP-102,STN-03,SS,1.1837,1.1581,45.1913,1.5382,12.4075,3.825,0.4612,2.3083,13.7081,0.8245,0.4358,1.7131,26.34,1.34,54.817,0.00182,54.81882,25,158.13,4,PASS,NORMAL
TST-000858,WFR-19,DIE-0705,EQP-102,STN-02,SS,1.1793,1.1646,42.349,1.52,12.1029,4.3093,0.4647,2.272,13.2902,0.9058,0.433,2.3093,27.27,2.27,54.4565,0.00179,54.45829,25,150.08,4,PASS,NORMAL
TST-000859,WFR-20,DIE-1418,EQP-105,STN-01,SS,1.2054,1.188,43.3954,1.5721,12.9086,4.2217,0.4774,2.3187,13.3703,0.8511,0.4099,1.9515,26.31,1.31,50.6714,0.0019,50.6733,25,148.68,1,PASS,NORMAL
TST-000860,WFR-01,DIE-2131,EQP-101,STN-01,FS,1.2183,1.1868,44.3493,1.4999,12.4388,4.0336,0.4689,2.4827,12.9158,0.8758,0.4256,1.3129,28.68,3.68,57.4015,0.00183,57.40333,25,147.03,1,PASS,NORMAL
TST-000861,WFR-02,DIE-2844,EQP-103,STN-03,SF,1.2144,1.1942,43.5487,1.4865,12.0834,4.3433,0.4367,2.5402,12.814,0.8353,0.3929,1.1133,27.61,2.61,58.5673,0.00181,58.56911,25,151.45,3,PASS,NORMAL
TST-000862,WFR-03,DIE-3507,EQP-104,STN-03,SF,1.1888,1.175,42.6221,1.4037,12.5035,3.9567,0.4213,2.4741,12.7824,0.8608,0.417,1.5138,27.39,2.39,55.3331,0.00167,55.33477,25,149.74,5,PASS,NORMAL
TST-000863,WFR-04,DIE-4220,EQP-103,STN-02,TT,1.195,1.1721,46.8116,1.3548,12.0499,4.1361,0.4234,2.5521,12.5352,0.799,0.4057,1.3596,27.83,2.83,53.3163,0.00162,53.31792,25,154.17,3,PASS,NORMAL
TST-000864,WFR-05,DIE-4933,EQP-102,STN-02,SF,1.1985,1.1753,41.0594,1.4014,12.002,4.2655,0.4631,2.4963,13.0347,0.8354,0.4254,1.1521,28.82,3.82,54.6457,0.00168,54.64738,25,146.16,3,PASS,NORMAL
TST-000865,WFR-06,DIE-0646,EQP-104,STN-03,SF,1.2012,1.1765,45.6628,1.4311,12.2689,4.118,0.45,2.4484,11.929,0.8391,0.3914,2.548,27.4,2.4,52.1324,0.00172,52.13412,25,149.7,3,PASS,NORMAL
TST-000866,WFR-07,DIE-1309,EQP-102,STN-04,SS,1.2123,1.1988,45.4094,1.4144,12.5731,4.2409,0.4445,2.0832,22.5707,1.1748,0.4263,-1.1321,26.55,1.55,52.1577,0.00171,52.15941,25,147.41,5,FAIL,TIMING_FAILURE
TST-000867,WFR-08,DIE-2022,EQP-105,STN-01,SF,1.2024,1.1833,42.9574,1.5522,12.2709,4.3396,0.4602,2.5619,11.8166,0.8276,0.3955,1.9934,26.08,1.08,54.0397,0.00187,54.04157,25,149.51,5,PASS,NORMAL
TST-000868,WFR-09,DIE-2735,EQP-103,STN-03,FF,1.1731,1.1473,45.5685,1.7946,12.4069,4.1012,0.465,2.6998,11.5159,0.8193,0.4243,1.5547,27.66,2.66,52.0704,0.00211,52.07251,25,141.09,5,PASS,NORMAL
TST-000869,WFR-10,DIE-3448,EQP-104,STN-02,FF,1.212,1.1903,45.3978,1.4727,12.1784,4.1751,0.4597,2.6879,11.1033,0.8299,0.4204,2.0182,28,3,55.0068,0.00178,55.00858,25,149.39,2,PASS,NORMAL
TST-000870,WFR-11,DIE-4111,EQP-105,STN-02,SF,1.1654,1.149,47.5545,1.4817,12.4943,4.1012,0.4411,2.3818,13.0085,0.814,0.4287,1.9219,26.41,1.41,56.0065,0.00173,56.00823,25,150.31,5,PASS,NORMAL
TST-000871,WFR-12,DIE-4824,EQP-104,STN-01,SF,1.2038,1.1818,48.2202,1.3454,12.5082,3.9318,0.4276,2.4328,12.782,0.8491,0.418,1.7832,27.06,2.06,46.8722,0.00162,46.87382,25,153.2,2,PASS,NORMAL
TST-000872,WFR-13,DIE-0537,EQP-101,STN-04,SF,0.829,0.8133,43.5143,1.6492,12.4574,4.1189,0.4457,1.9131,12.4802,0.8664,0.4286,-0.3035,27.26,2.26,51.103,0.00137,51.10437,25,143.06,1,FAIL,LOW_VOLTAGE
TST-000873,WFR-14,DIE-1250,EQP-105,STN-03,TT,1.189,1.1711,46.0728,1.4078,12.6103,4.23,0.4501,2.5215,11.9697,0.8951,0.4091,2.0073,26.57,1.57,55.1333,0.00167,55.13497,25,154.52,4,PASS,NORMAL
TST-000874,WFR-15,DIE-1913,EQP-105,STN-01,SF,1.2114,1.1925,74.7515,1.4471,12.7328,4.1702,0.4516,2.5993,12.4225,0.8254,0.3899,1.1791,49.73,24.73,106.2287,0.00175,106.23045,25,146.7,3,FAIL,POWER_ANOMALY
TST-000875,WFR-16,DIE-2626,EQP-105,STN-03,FF,1.19,1.1709,45.016,1.9453,12.4291,4.4159,0.4461,2.6803,11.4523,0.8984,0.4329,1.6403,27.27,2.27,54.0318,0.00231,54.03411,25,146.76,4,PASS,NORMAL
TST-000876,WFR-17,DIE-3339,EQP-104,STN-03,FF,1.2147,1.1973,44.3189,1.8079,13.1857,4.2137,0.4447,2.8336,11.1404,0.8678,0.3805,1.2258,27,2,53.975,0.0022,53.9772,25,147.19,3,PASS,NORMAL
TST-000877,WFR-18,DIE-4002,EQP-104,STN-01,SS,1.1999,1.1822,47.9216,1.4351,12.7178,4.2138,0.4942,2.3493,13.5909,0.878,0.4478,1.4933,28.02,3.02,58.5167,0.00172,58.51842,25,149.1,2,PASS,NORMAL
TST-000878,WFR-19,DIE-4715,EQP-105,STN-02,TT,1.2009,1.1864,46.6136,1.4358,11.8751,4.2138,0.4422,2.5396,12.5295,0.8052,0.4298,1.4314,26.6,1.6,52.8832,0.00172,52.88492,25,144.19,1,PASS,NORMAL
TST-000879,WFR-20,DIE-0428,EQP-101,STN-02,SS,1.2002,1.1861,45.106,1.3707,12.8727,4.3077,0.4744,2.3131,13.9156,0.8662,0.4192,1.4302,28.26,3.26,56.9213,0.00165,56.92295,25,155.48,5,PASS,NORMAL
TST-000880,WFR-01,DIE-1141,EQP-104,STN-04,FS,1.2015,1.1776,47.5426,1.5423,12.5668,4.1882,0.4356,2.4496,12.1911,0.8553,0.3981,2.2622,28.73,3.73,47.357,0.00185,47.35885,25,156.45,2,PASS,NORMAL
TST-000881,WFR-02,DIE-1804,EQP-105,STN-02,TT,1.2118,1.1842,41.7562,1.4412,12.3935,4.0322,0.4648,2.5732,12.8441,0.8614,0.4312,0.8678,27.68,2.68,56.2947,0.00175,56.29645,25,150.34,1,PASS,NORMAL
TST-000882,WFR-03,DIE-2517,EQP-104,STN-02,SF,1.1995,1.1863,47.7643,1.5127,12.5103,4.1896,0.4404,2.6118,12.0532,0.8051,0.4275,1.4996,28.84,3.84,54.588,0.00181,54.58981,25,148.54,1,PASS,NORMAL
TST-000883,WFR-04,DIE-3230,EQP-103,STN-03,SS,1.2188,1.2012,44.6893,1.0944,12.9165,4.1814,0.4462,2.2553,13.7851,0.8462,0.4152,1.9962,26.43,1.43,53.7049,0.00133,53.70623,25,152.15,2,PASS,NORMAL
TST-000884,WFR-05,DIE-3943,EQP-105,STN-02,TT,1.1966,1.1642,47.1254,1.5065,12.7695,4.4575,0.4325,2.4588,12.0949,0.8494,0.4128,2.307,27.03,2.03,55.6423,0.0018,55.6441,25,151.2,1,PASS,NORMAL
TST-000885,WFR-06,DIE-4606,EQP-101,STN-04,SS,1.1987,1.1767,57.8696,2.8333,12.9122,4.0893,0.4699,2.3139,13.9135,0.7658,0.4276,1.5271,82.52,57.52,55.2236,0.0034,55.227,25,150.53,2,FAIL,THERMAL_ANOMALY
TST-000886,WFR-07,DIE-0319,EQP-101,STN-01,SS,1.2122,1.1866,46.0221,1.4989,11.9712,4.2322,0.4709,2.2606,12.699,0.8833,0.4259,3.0062,28.03,3.03,51.8517,0.00182,51.85352,25,157.73,2,PASS,NORMAL
TST-000887,WFR-08,DIE-1032,EQP-101,STN-01,SS,1.189,1.1713,45.2244,1.604,17.7714,5.236,0.6613,1.9482,19.0443,0.8354,0.4239,-0.6312,27.85,2.85,57.896,0.00191,57.89791,25,149.76,3,FAIL,PROCESS_VARIATION
TST-000888,WFR-09,DIE-1745,EQP-101,STN-02,SS,1.2033,1.1883,45.4607,1.6022,11.9099,4.2041,0.4676,2.3731,13.568,0.8521,0.3957,1.382,26.46,1.46,52.0571,0.00193,52.05903,25,149.9,2,PASS,NORMAL
TST-000889,WFR-10,DIE-2408,EQP-103,STN-01,SS,1.2018,1.1806,42.0117,1.3869,12.1186,4.1831,0.4917,2.3015,13.6716,0.8944,0.4345,1.7277,26.96,1.96,52.5986,0.00167,52.60027,25,148.13,4,PASS,NORMAL
TST-000890,WFR-11,DIE-3121,EQP-102,STN-02,TT,1.2266,1.2058,44.5824,1.4088,13.0197,4.1857,0.4414,2.6047,12.5396,0.9081,0.4154,0.9494,27.61,2.61,53.5077,0.00173,53.50943,25,152.63,1,PASS,NORMAL
TST-000891,WFR-12,DIE-3834,EQP-101,STN-03,SF,1.22,1.2005,46.1842,1.6217,13.0281,4.0733,0.4464,2.488,12.4322,0.8388,0.407,1.8013,26.82,1.82,58.0768,0.00198,58.07878,25,148.49,4,PASS,NORMAL
TST-000892,WFR-13,DIE-4547,EQP-103,STN-04,TT,1.2033,1.1789,46.5621,1.4474,12.4515,4.139,0.4338,2.6372,12.4122,0.8408,0.4236,0.9666,27.86,2.86,54.8389,0.00174,54.84064,25,152.81,3,PASS,NORMAL
TST-000893,WFR-14,DIE-0210,EQP-104,STN-04,TT,1.1717,1.1491,46.4045,1.4784,11.7725,4.396,0.4517,2.5515,12.6731,0.845,0.3725,1.1791,28.1,3.1,52.224,0.00173,52.22573,25,145.41,5,PASS,NORMAL
TST-000894,WFR-15,DIE-0923,EQP-104,STN-03,FS,1.1973,1.184,45.2446,1.4479,11.7322,4.2126,0.4183,2.4905,12.95,0.8315,0.4024,1.2757,28.8,3.8,51.6274,0.00173,51.62913,25,153.16,2,PASS,NORMAL
TST-000895,WFR-16,DIE-1636,EQP-101,STN-01,SF,1.2125,1.2009,46.4261,1.4783,12.3962,4.1961,0.4534,2.5573,12.2906,0.8213,0.4125,1.552,27.8,2.8,59.0533,0.00179,59.05509,25,156.61,2,PASS,NORMAL
TST-000896,WFR-17,DIE-2349,EQP-103,STN-01,FF,1.1887,1.1693,43.4965,1.8238,12.2029,4.1324,0.4478,2.6313,11.7447,0.827,0.4477,1.6798,29.16,4.16,52.1801,0.00217,52.18227,25,156.12,1,PASS,NORMAL
TST-000897,WFR-18,DIE-3012,EQP-104,STN-02,SF,1.2124,1.1963,43.3528,1.4999,11.8692,4.236,0.4503,2.5077,12.76,0.8404,0.4342,1.3535,25.25,0.25,53.3201,0.00182,53.32192,25,154.04,1,PASS,NORMAL
TST-000898,WFR-19,DIE-3725,EQP-104,STN-01,SS,1.1958,1.1701,43.7428,1.5964,17.2678,4.9924,0.637,1.9928,18.0726,0.8881,0.4512,-0.143,28.72,3.72,58.3861,0.00191,58.38801,25,147.5,3,FAIL,PROCESS_VARIATION
TST-000899,WFR-20,DIE-4438,EQP-104,STN-01,SF,1.1763,1.1516,46.5716,1.5164,11.6577,4.0244,0.4419,2.4411,12.4294,0.8496,0.4198,2.0829,26.83,1.83,52.9346,0.00178,52.93638,25,149.03,1,PASS,NORMAL
TST-000900,WFR-01,DIE-0101,EQP-104,STN-04,SS,1.2039,1.1872,45.9485,1.2482,12.1305,4.2121,0.4767,2.3428,13.674,0.8911,0.4116,1.4414,27.03,2.03,53.2967,0.0015,53.2982,25,156.04,5,PASS,NORMAL
TST-000901,WFR-02,DIE-0814,EQP-101,STN-03,SF,1.225,1.2102,43.846,1.5255,12.8002,4.2813,0.459,2.5683,12.4254,0.8493,0.3996,1.3264,26.91,1.91,53.409,0.00187,53.41087,25,155.51,3,PASS,NORMAL
TST-000902,WFR-03,DIE-1527,EQP-105,STN-02,SF,1.1811,1.1558,46.1816,1.5279,12.1187,4.1732,0.4487,2.4894,12.1763,0.8027,0.4142,2.0849,27.15,2.15,54.3716,0.0018,54.3734,25,150.99,1,PASS,NORMAL
TST-000903,WFR-04,DIE-2240,EQP-103,STN-04,TT,1.1724,1.1502,45.7721,1.6641,12.5226,4.0945,0.4422,2.4568,13.068,0.9006,0.4224,1.2952,28.73,3.73,52.5628,0.00195,52.56475,25,148.01,1,PASS,NORMAL
TST-000904,WFR-05,DIE-2903,EQP-103,STN-03,FS,1.2089,1.1939,44.7357,1.379,12.5951,4.2185,0.445,2.5493,12.1729,0.8587,0.4182,1.6783,27.47,2.47,54.0446,0.00167,54.04627,25,152.64,1,PASS,NORMAL
TST-000905,WFR-06,DIE-3616,EQP-101,STN-04,SS,1.1714,1.1571,43.516,1.2911,12.5615,4.1357,0.4819,2.3028,13.2715,0.8422,0.4152,2.1708,26.92,1.92,52.6994,0.00151,52.70091,25,148,3,PASS,NORMAL
TST-000906,WFR-07,DIE-4329,EQP-105,STN-02,FF,1.1636,1.1463,47.3978,1.6831,12.6543,4.0638,0.4571,2.7118,11.69,0.8536,0.4004,1.2849,27.68,2.68,57.504,0.00196,57.50596,25,148.75,4,PASS,NORMAL
TST-000907,WFR-08,DIE-5042,EQP-104,STN-03,SF,1.2195,1.2043,48.5553,1.5656,12.5798,4.0587,0.4412,2.4577,12.3172,0.8984,0.4283,2.0426,28.3,3.3,54.245,0.00191,54.24691,25,154.11,3,PASS,NORMAL
TST-000908,WFR-09,DIE-0705,EQP-102,STN-03,TT,1.1879,1.1738,45.5171,1.5142,12.7966,4.3756,0.4512,2.506,12.3316,0.8385,0.4075,1.794,26.77,1.77,53.9758,0.0018,53.9776,25,152.18,5,PASS,NORMAL
TST-000909,WFR-10,DIE-1418,EQP-101,STN-01,SS,1.1883,1.1706,46.2473,1.6623,12.9418,4.1793,0.4678,2.2856,13.6325,0.8365,0.435,1.9381,28.03,3.03,51.5914,0.00198,51.59338,25,143.45,2,PASS,NORMAL
TST-000910,WFR-11,DIE-2131,EQP-101,STN-02,SF,1.1996,1.1774,44.2611,1.4828,13.0059,4.2116,0.4295,2.5476,12.8591,0.8598,0.4159,1.0008,25.61,0.61,57.846,0.00178,57.84778,25,147.04,5,PASS,NORMAL
TST-000911,WFR-12,DIE-2844,EQP-104,STN-01,SS,1.2224,1.2054,62.118,8.6224,12.819,4.265,0.4943,2.2284,12.8317,0.882,0.4303,3.1145,56.82,31.82,52.6241,0.01054,52.63464,25,148.06,5,FAIL,HIGH_LEAKAGE
TST-000912,WFR-13,DIE-3507,EQP-105,STN-02,SS,1.2037,1.1924,46.241,1.4312,13.5679,4.1694,0.4871,2.2508,12.8632,0.8517,0.4248,2.9458,26.83,1.83,49.9937,0.00172,49.99542,25,146.85,3,PASS,NORMAL
TST-000913,WFR-14,DIE-4220,EQP-101,STN-04,FF,1.2103,1.1817,55.6707,3.321,12.4202,4.3535,0.4501,2.6487,11.7424,0.8438,0.443,1.5717,93.22,68.22,55.4189,0.00402,55.42292,25,158.7,5,FAIL,THERMAL_ANOMALY
TST-000914,WFR-15,DIE-4933,EQP-103,STN-01,SS,1.1951,1.1773,43.6773,1.5564,12.6684,4.178,0.4887,2.3618,13.8435,0.8717,0.4145,1.1625,28.08,3.08,56.0366,0.00186,56.03846,25,146.88,1,PASS,NORMAL
TST-000915,WFR-16,DIE-0646,EQP-105,STN-04,SS,1.1907,1.1789,47.9274,1.4031,12.6513,4.1952,0.4852,2.2601,13.4716,0.8246,0.4185,2.296,27.25,2.25,54.7568,0.00167,54.75847,25,151.5,2,PASS,NORMAL
TST-000916,WFR-17,DIE-1309,EQP-104,STN-02,FS,1.1904,1.1779,45.7534,1.4516,12.1012,4.1846,0.4621,2.576,12.3924,0.8696,0.4218,1.2955,28.32,3.32,55.2114,0.00173,55.21313,25,146.09,2,PASS,NORMAL
TST-000917,WFR-18,DIE-2022,EQP-105,STN-03,FF,1.2008,1.1779,43.7643,1.494,16.4657,5.4573,0.5851,2.3016,14.7569,0.8355,0.4115,0.7006,26.94,1.94,45.5173,0.00179,45.51909,25,154.76,5,FAIL,PROCESS_VARIATION
TST-000918,WFR-19,DIE-2735,EQP-104,STN-03,TT,1.222,1.1971,43.9418,1.4158,13.0995,4.322,0.4415,2.5371,12.736,0.8379,0.4052,1.2068,28.92,3.92,55.6084,0.00173,55.61013,25,149.25,4,PASS,NORMAL
TST-000919,WFR-20,DIE-3448,EQP-105,STN-03,TT,1.2113,1.1903,60.1003,10.5175,13.0081,3.9864,0.4409,2.5771,11.982,0.875,0.4184,1.6942,49.37,24.37,52.902,0.01274,52.91474,25,154.17,1,FAIL,HIGH_LEAKAGE
TST-000920,WFR-01,DIE-4111,EQP-103,STN-04,SF,1.1984,1.1769,45.7524,1.4668,12.2075,4.1678,0.4397,2.527,12.19,0.8369,0.4137,1.8128,26.58,1.58,56.1286,0.00176,56.13036,25,149.36,5,PASS,NORMAL
TST-000921,WFR-02,DIE-4824,EQP-104,STN-04,SF,1.2202,1.2036,45.451,1.6322,11.8858,4.0729,0.4608,2.5716,12.562,0.9075,0.4269,1.1129,28.06,3.06,53.6237,0.00199,53.62569,25,151.04,4,PASS,NORMAL
TST-000922,WFR-03,DIE-0537,EQP-103,STN-03,FF,1.2225,1.2119,46.6549,1.7184,11.9589,4.064,0.4515,2.702,11.8181,0.8039,0.4334,1.2566,27.29,2.29,49.8538,0.0021,49.8559,25,146.17,1,PASS,NORMAL
TST-000923,WFR-04,DIE-1250,EQP-104,STN-01,SS,1.1916,1.1762,65.3436,6.4835,12.6076,4.2361,0.4786,2.3173,13.1138,0.8448,0.4167,2.224,55.17,30.17,55.6135,0.00773,55.62123,25,162.04,4,FAIL,HIGH_LEAKAGE
TST-000924,WFR-05,DIE-1913,EQP-104,STN-03,SS,1.2053,1.1867,45.3848,1.5751,12.5692,3.9248,0.4713,2.3086,14.0974,0.7961,0.4011,1.3501,26.22,1.22,51.0734,0.0019,51.0753,25,149.98,4,PASS,NORMAL
TST-000925,WFR-06,DIE-2626,EQP-105,STN-04,FS,1.1991,0.9806,58.8415,1.4411,17.7893,4.159,0.447,2.4439,12.2869,0.8391,0.4175,2.2183,27.25,2.25,51.9536,0.00173,51.95533,25,149.37,5,FAIL,EQUIPMENT_DRIFT
TST-000926,WFR-07,DIE-3339,EQP-102,STN-02,TT,1.2208,1.207,44.2097,1.4036,12.2973,4.3464,0.4459,2.5457,12.2195,0.8686,0.4121,1.6426,29.29,4.29,56.7762,0.00171,56.77791,25,150.72,4,PASS,NORMAL
TST-000927,WFR-08,DIE-4002,EQP-102,STN-03,SF,1.2018,1.1779,45.6009,1.5877,12.6973,4.1801,0.4767,2.5094,12.5004,0.8653,0.4313,1.5781,27.17,2.17,50.398,0.00191,50.39991,25,143.73,2,PASS,NORMAL
TST-000928,WFR-09,DIE-4715,EQP-103,STN-03,TT,1.2216,1.2069,44.76,1.6736,13.2534,4.0544,0.439,2.4713,12.954,0.8394,0.3995,1.3808,27.18,2.18,52.3988,0.00204,52.40084,25,149.91,4,PASS,NORMAL
TST-000929,WFR-10,DIE-0428,EQP-101,STN-03,FF,1.224,1.2045,44.9432,1.848,11.8479,4.0692,0.4617,2.5806,11.5743,0.8633,0.4203,2.0939,28.51,3.51,53.7658,0.00226,53.76806,25,146.35,1,PASS,NORMAL
TST-000930,WFR-11,DIE-1141,EQP-101,STN-04,SS,1.1967,1.1706,44.9755,1.5111,12.2966,4.2163,0.4678,2.3029,12.9259,0.8418,0.4235,2.5161,27.57,2.57,58.0572,0.00181,58.05901,25,148.28,3,PASS,NORMAL
TST-000931,WFR-12,DIE-1804,EQP-103,STN-02,SS,1.2159,1.1919,43.3535,1.6244,12.908,4.143,0.4821,2.2556,13.3683,0.8085,0.4004,2.4485,27.78,2.78,62.0576,0.00198,62.05958,25,150.61,3,PASS,NORMAL
TST-000932,WFR-13,DIE-2517,EQP-103,STN-02,FS,1.2147,1.1991,48.2372,1.4762,12.7281,4.1879,0.4394,2.4025,12.8949,0.8624,0.4145,1.8514,28.15,3.15,56.1621,0.00179,56.16389,25,149.99,4,PASS,NORMAL
TST-000933,WFR-14,DIE-3230,EQP-104,STN-03,FS,1.201,1.1765,70.5847,1.4878,12.5905,4.2965,0.4575,2.5319,12.4425,0.8599,0.428,1.5086,47.15,22.15,115.8647,0.00179,115.86649,25,157.1,3,FAIL,POWER_ANOMALY
TST-000934,WFR-15,DIE-3943,EQP-103,STN-02,SF,1.2039,1.1822,47.1741,1.5848,12.3848,4.5146,0.4428,2.587,11.8126,0.8351,0.3992,1.8479,27.9,2.9,56.0627,0.00191,56.06461,25,155.82,1,PASS,NORMAL
TST-000935,WFR-16,DIE-4606,EQP-102,STN-03,SS,1.2136,1.1948,44.5961,1.706,12.4971,4.2316,0.4758,2.2384,13.5902,0.8621,0.4049,2.3007,27.97,2.97,54.9507,0.00207,54.95277,25,157.83,1,PASS,NORMAL
TST-000936,WFR-17,DIE-0319,EQP-101,STN-03,FF,1.2065,1.1895,44.4362,1.7867,12.3514,4.3282,0.4653,2.7135,11.3289,0.8692,0.3968,1.6217,27.27,2.27,55.1751,0.00216,55.17726,25,149.47,1,PASS,NORMAL
TST-000937,WFR-18,DIE-1032,EQP-105,STN-04,SF,1.1955,1.1737,44.3958,1.4167,12.4794,4.1945,0.4322,2.6399,12.3002,0.8248,0.4099,1.0801,26.56,1.56,55.537,0.00169,55.53869,25,150.75,3,PASS,NORMAL
TST-000938,WFR-19,DIE-1745,EQP-105,STN-04,SF,1.2155,1.0711,57.2661,1.6138,16.3377,4.3354,0.4465,2.5221,12.5424,0.8263,0.4206,1.4999,28.39,3.39,55.4396,0.00196,55.44156,25,150.92,3,FAIL,EQUIPMENT_DRIFT
TST-000939,WFR-20,DIE-2408,EQP-103,STN-03,SS,1.2061,1.1882,57.8386,3.4989,12.2129,4.3676,0.4814,2.3524,12.604,0.8297,0.4133,2.5075,77.16,52.16,48.5383,0.00422,48.54252,25,147.68,1,FAIL,THERMAL_ANOMALY
TST-000940,WFR-01,DIE-3121,EQP-105,STN-02,SF,1.1681,1.1426,46.6045,1.4481,13.0553,4.3652,0.4605,2.4761,11.8757,0.8589,0.3941,2.4102,27.17,2.17,58.4242,0.00169,58.42589,25,149.08,1,PASS,NORMAL
TST-000941,WFR-02,DIE-3834,EQP-105,STN-04,SF,1.1948,1.1736,45.9149,1.4415,12.4769,4.0948,0.4579,2.523,12.9216,0.8144,0.4314,1.1273,28.28,3.28,52.4626,0.00172,52.46432,25,144.73,4,PASS,NORMAL
TST-000942,WFR-03,DIE-4547,EQP-102,STN-02,SF,1.1791,1.1597,45.0099,1.7284,12.1792,4.0827,0.4553,2.5017,12.3317,0.8924,0.4257,1.7657,27.72,2.72,54.1675,0.00204,54.16954,25,145.21,4,PASS,NORMAL
TST-000943,WFR-04,DIE-0210,EQP-102,STN-02,FF,1.2138,1.1995,55.6215,8.2641,12.5139,4.3023,0.4602,2.6258,11.2056,0.8877,0.4167,2.1881,55.4,30.4,59.7564,0.01003,59.76643,25,143.82,4,FAIL,HIGH_LEAKAGE
TST-000944,WFR-05,DIE-0923,EQP-104,STN-01,FF,1.1873,1.1655,45.5307,1.8445,12.3255,4.3865,0.4613,2.6879,11.5297,0.8713,0.4251,1.5504,27.49,2.49,53.5897,0.00219,53.59189,25,153.08,5,PASS,NORMAL
TST-000945,WFR-06,DIE-1636,EQP-101,STN-02,TT,1.1951,1.1685,61.3629,1.4328,12.4989,4.1652,0.4238,2.5745,12.4617,0.8663,0.4362,1.2379,50.5,25.5,107.2742,0.00171,107.27591,25,150.35,4,FAIL,POWER_ANOMALY
TST-000946,WFR-07,DIE-2349,EQP-105,STN-01,FS,1.2114,1.1923,45.73,1.5003,12.776,4.2656,0.4717,2.512,12.5299,0.8686,0.4452,1.5298,28.02,3.02,51.7862,0.00182,51.78802,25,146.35,3,PASS,NORMAL
TST-000947,WFR-08,DIE-3012,EQP-101,STN-01,TT,1.2161,1.1961,43.9372,1.6939,12.4011,4.3377,0.47,2.5286,12.9648,0.8471,0.4301,1.0184,27.8,2.8,57.4923,0.00206,57.49436,25,145.92,5,PASS,NORMAL
TST-000948,WFR-09,DIE-3725,EQP-102,STN-01,SF,1.2017,1.1824,46.6388,1.5273,12.6537,4.3336,0.4606,2.4535,12.1891,0.831,0.4199,2.2642,27.41,2.41,49.2224,0.00184,49.22424,25,153.95,3,PASS,NORMAL
TST-000949,WFR-10,DIE-4438,EQP-102,STN-04,SF,1.1922,1.1751,42.5527,1.637,12.4292,4.2278,0.4395,2.5225,12.4365,0.8326,0.4254,1.5971,26.16,1.16,55.3578,0.00195,55.35975,25,150.86,1,PASS,NORMAL
TST-000950,WFR-11,DIE-0101,EQP-102,STN-03,SF,1.1888,1.1664,44.9515,1.5627,12.9998,4.1316,0.4463,2.4839,12.8744,0.811,0.4424,1.4118,27.96,2.96,53.5692,0.00186,53.57106,25,149,5,PASS,NORMAL
TST-000951,WFR-12,DIE-0814,EQP-101,STN-04,TT,1.1895,1.1716,45.4264,1.273,12.4795,4.2798,0.4394,2.5984,12.9412,0.869,0.4029,0.6218,25.98,0.98,54.5925,0.00151,54.59401,25,152.58,5,PASS,NORMAL
TST-000952,WFR-13,DIE-1527,EQP-102,STN-04,TT,1.1882,1.1717,45.4053,1.3098,12.1024,4.4051,0.4491,2.0601,18.424,1.2373,0.4155,-2.1967,27.87,2.87,55.3571,0.00156,55.35866,25,144.85,2,FAIL,TIMING_FAILURE
TST-000953,WFR-14,DIE-2240,EQP-105,STN-02,FF,1.1942,1.1704,43.7788,1.4751,13.0809,4.3737,0.4492,2.6606,11.317,0.8541,0.4377,1.9235,27.08,2.08,53.4603,0.00176,53.46206,25,149.38,1,PASS,NORMAL
TST-000954,WFR-15,DIE-2903,EQP-103,STN-03,TT,1.1994,1.1792,52.9609,3.0429,12.4274,4.3186,0.4347,2.5727,12.7324,0.849,0.4452,0.9947,95.97,70.97,51.4369,0.00365,51.44055,25,147.73,2,FAIL,THERMAL_ANOMALY
TST-000955,WFR-16,DIE-3616,EQP-105,STN-04,FS,1.1957,1.0528,54.5375,1.4608,15.4369,4.2714,0.4863,2.4914,12.4747,0.8706,0.4039,1.7065,26.67,1.67,53.2886,0.00175,53.29035,25,153.3,4,FAIL,EQUIPMENT_DRIFT
TST-000956,WFR-17,DIE-4329,EQP-101,STN-04,SS,1.2146,1.1949,44.6602,1.7359,13.3067,4.2197,0.4529,2.2172,13.7205,0.9009,0.4012,2.2918,28.35,3.35,57.1736,0.00211,57.17571,25,150.81,5,PASS,NORMAL
TST-000957,WFR-18,DIE-5042,EQP-102,STN-04,FS,1.2191,1.1978,45.1583,1.653,12.8058,4.2353,0.4423,2.4544,12.3352,0.8022,0.4205,2.1413,26.84,1.84,56.0551,0.00202,56.05712,25,147.79,5,PASS,NORMAL
TST-000958,WFR-19,DIE-0705,EQP-104,STN-04,SS,1.1849,1.1603,45.7756,1.3025,12.8211,4.2292,0.4933,2.3518,12.8137,0.8864,0.4241,2.2451,27.61,2.61,59.024,0.00154,59.02554,25,149.73,4,PASS,NORMAL
TST-000959,WFR-20,DIE-1418,EQP-105,STN-03,FS,1.2013,1.1781,46.8354,1.6447,12.4642,4.294,0.4412,2.5668,12.3757,0.8465,0.4169,1.3874,27.08,2.08,55.0113,0.00198,55.01328,25,152.2,2,PASS,NORMAL
TST-000960,WFR-01,DIE-2131,EQP-104,STN-04,FS,1.1975,1.1801,40.5836,1.5563,12.3894,4.2722,0.4373,2.4487,12.6913,0.8664,0.4267,1.7565,27.43,2.43,55.5181,0.00186,55.51996,25,149.54,3,PASS,NORMAL
TST-000961,WFR-02,DIE-2844,EQP-101,STN-04,TT,1.2189,1.1941,46.6602,1.9419,12.3226,4.1448,0.441,2.5756,12.4813,0.8657,0.4148,1.2127,27.53,2.53,54.8506,0.00237,54.85297,25,149.22,4,PASS,NORMAL
TST-000962,WFR-03,DIE-3507,EQP-102,STN-02,FS,1.2089,1.193,44.0465,1.4438,12.7605,4.0965,0.4521,2.4997,12.5321,0.8773,0.3927,1.5924,28.74,3.74,56.7308,0.00175,56.73255,25,147.84,4,PASS,NORMAL
TST-000963,WFR-04,DIE-4220,EQP-105,STN-03,SF,1.2128,1.1936,43.1753,1.5852,11.448,4.3493,0.4685,2.4728,12.7429,0.8482,0.4557,1.5739,26.94,1.94,56.4027,0.00192,56.40462,25,151.79,2,PASS,NORMAL
TST-000964,WFR-05,DIE-4933,EQP-104,STN-02,FS,1.211,1.2015,42.9515,1.5389,12.4591,4.1771,0.4389,2.4763,12.1288,0.7917,0.4112,2.2231,27.6,2.6,58.9114,0.00186,58.91326,25,151.29,3,PASS,NORMAL
TST-000965,WFR-06,DIE-0646,EQP-101,STN-03,TT,1.1967,1.1722,43.4063,1.6422,12.3608,4.1219,0.4569,2.4953,12.14,0.9025,0.3966,1.9858,27.98,2.98,50.5581,0.00197,50.56007,25,150.33,1,PASS,NORMAL
TST-000966,WFR-07,DIE-1309,EQP-102,STN-03,FF,1.2108,1.1923,44.836,1.5879,12.0798,4.2276,0.4426,2.5748,11.2006,0.7536,0.4211,2.61,26.58,1.58,58.0878,0.00192,58.08972,25,153.27,1,PASS,NORMAL
TST-000967,WFR-08,DIE-2022,EQP-104,STN-01,FS,1.2047,1.191,46.8906,1.4691,11.8733,4.2891,0.4641,2.4511,12.2958,0.8416,0.4127,2.1619,26.82,1.82,54.0259,0.00177,54.02767,25,140.96,4,PASS,NORMAL
TST-000968,WFR-09,DIE-2735,EQP-102,STN-02,SS,1.2084,1.19,43.7473,1.6795,12.4814,4.1815,0.4932,2.3072,13.1227,0.848,0.4002,2.2828,26.5,1.5,56.505,0.00203,56.50703,25,144.17,3,PASS,NORMAL
TST-000969,WFR-10,DIE-3448,EQP-102,STN-03,FF,1.2031,1.1888,44.1215,2.0184,12.5888,4.1114,0.4738,2.6581,11.9719,0.8827,0.41,1.2532,26.43,1.43,49.7298,0.00243,49.73223,25,147.32,5,PASS,NORMAL
TST-000970,WFR-11,DIE-4111,EQP-102,STN-03,SS,1.205,1.184,43.4748,1.4255,12.7797,4.0137,0.481,2.3054,13.7214,0.8928,0.4509,1.652,28.14,3.14,54.6596,0.00172,54.66132,25,150.43,1,PASS,NORMAL
TST-000971,WFR-12,DIE-4824,EQP-103,STN-01,FS,1.2149,1.1863,46.5383,1.4422,11.9902,4.3902,0.4375,2.5137,12.7162,0.8583,0.413,1.3437,26.38,1.38,46.4175,0.00175,46.41925,25,152.79,1,PASS,NORMAL
TST-000972,WFR-13,DIE-0537,EQP-103,STN-02,FF,1.2114,1.1845,63.8746,7.5919,12.3444,4.1888,0.4596,2.6278,11.4698,0.835,0.4083,1.9657,57.87,32.87,53.4742,0.0092,53.4834,25,149.63,3,FAIL,HIGH_LEAKAGE
TST-000973,WFR-14,DIE-1250,EQP-103,STN-03,SS,1.2109,1.193,43.4347,1.3611,11.8766,4.0873,0.4819,2.2769,13.2626,0.7939,0.4192,2.4133,28.51,3.51,52.9219,0.00165,52.92355,25,148.77,5,PASS,NORMAL
TST-000974,WFR-15,DIE-1913,EQP-105,STN-03,FF,1.2067,1.1846,45.3602,1.8967,12.4775,4.1464,0.4663,2.69,11.2814,0.8663,0.4202,1.7928,26.11,1.11,55.5925,0.00229,55.59479,25,154.68,3,PASS,NORMAL
TST-000975,WFR-16,DIE-2626,EQP-103,STN-04,SS,1.1997,1.184,44.9057,1.3815,12.7969,4.3656,0.461,2.2914,13.4008,0.8298,0.4364,2.1349,26.9,1.9,59.2232,0.00166,59.22486,25,148.5,3,PASS,NORMAL
TST-000976,WFR-17,DIE-3339,EQP-101,STN-04,TT,1.1953,1.1773,44.3761,1.4892,12.391,4.1987,0.4613,2.4962,12.6278,0.854,0.4021,1.541,27.89,2.89,53.0095,0.00178,53.01128,25,152.84,1,PASS,NORMAL
TST-000977,WFR-18,DIE-4002,EQP-105,STN-02,FS,1.2202,1.2001,44.5065,1.6342,12.7316,4.1135,0.4404,2.4794,12.2589,0.8544,0.4268,2.0113,28.77,3.77,54.252,0.00199,54.25399,25,156.5,1,PASS,NORMAL
TST-000978,WFR-19,DIE-4715,EQP-103,STN-04,SF,1.1947,1.1729,43.1867,1.4137,12.4703,4.3428,0.4625,2.5063,12.451,0.8564,0.4067,1.6549,26.72,1.72,60.8489,0.00169,60.85059,25,148.53,4,PASS,NORMAL
TST-000979,WFR-20,DIE-0428,EQP-105,STN-03,FF,1.2013,1.1775,44.2541,1.8738,13.1345,4.3448,0.4635,2.756,11.2304,0.8362,0.4227,1.5401,27.45,2.45,56.2273,0.00225,56.22955,25,149.49,4,PASS,NORMAL
TST-000980,WFR-01,DIE-1141,EQP-104,STN-01,FF,1.1851,1.1681,47.7648,1.7548,12.238,4.3618,0.4554,2.6695,11.6073,0.8622,0.4239,1.5781,27.37,2.37,52.5234,0.00208,52.52548,25,147.86,1,PASS,NORMAL
TST-000981,WFR-02,DIE-1804,EQP-103,STN-01,SS,1.2127,1.2015,45.6883,1.6047,12.8371,4.2857,0.4832,2.3339,13.5075,0.8447,0.4349,1.7153,26.51,1.51,53.9959,0.00195,53.99785,25,146.61,5,PASS,NORMAL
TST-000982,WFR-03,DIE-2517,EQP-101,STN-03,SS,1.1741,1.1537,60.931,5.9271,12.5292,4.3239,0.475,2.3479,12.9809,0.8673,0.4158,2.1235,57.16,32.16,54.0108,0.00696,54.01776,25,152.08,4,FAIL,HIGH_LEAKAGE
TST-000983,WFR-04,DIE-3230,EQP-104,STN-01,FS,1.1935,1.1721,44.9895,1.3485,12.7065,4.0416,0.4684,2.4397,12.3051,0.8416,0.4018,2.224,26.75,1.75,53.8663,0.00161,53.86791,25,144.67,2,PASS,NORMAL
TST-000984,WFR-05,DIE-3943,EQP-104,STN-02,FF,1.2167,1.1873,45.5084,1.6389,12.4974,4.1105,0.4524,2.7657,11.4119,0.8309,0.445,1.3162,28.01,3.01,53.4691,0.00199,53.47109,25,152.78,2,PASS,NORMAL
TST-000985,WFR-06,DIE-4606,EQP-101,STN-01,FF,1.1885,1.1628,47.1569,1.8918,12.8941,4.0565,0.4583,2.7893,11.2955,0.8958,0.4013,1.2529,27.47,2.47,53.9367,0.00225,53.93895,25,139.94,4,PASS,NORMAL
TST-000986,WFR-07,DIE-0319,EQP-103,STN-04,TT,1.1912,1.176,45.8287,1.4114,13.3871,4.1512,0.4518,2.5496,12.573,0.8547,0.4255,1.2805,27.82,2.82,56.3739,0.00168,56.37558,25,148.58,4,PASS,NORMAL
TST-000987,WFR-08,DIE-1032,EQP-104,STN-04,SF,1.2212,1.2061,45.1769,1.4109,12.4893,4.4043,0.4406,2.4965,13.2102,0.7933,0.4154,1.0175,26.32,1.32,56.4196,0.00172,56.42132,25,153.42,5,PASS,NORMAL
TST-000988,WFR-09,DIE-1745,EQP-104,STN-02,SS,1.1989,1.1792,44.4353,1.5137,12.9735,4.0985,0.4829,2.3434,13.4842,0.8906,0.4372,1.6276,28.13,3.13,50.2923,0.00181,50.29411,25,156.45,3,PASS,NORMAL
TST-000989,WFR-10,DIE-2408,EQP-101,STN-04,FF,1.1928,1.1719,43.9749,1.6605,12.6811,4.2961,0.4472,2.7625,11.4475,0.8568,0.4245,1.2704,26.13,1.13,51.4252,0.00198,51.42718,25,152.85,1,PASS,NORMAL
TST-000990,WFR-11,DIE-3121,EQP-101,STN-03,TT,1.2205,1.1936,46.8276,1.5751,12.5101,4.2437,0.4581,2.4248,12.6044,0.8147,0.4456,2.0461,27.68,2.68,53.973,0.00192,53.97492,25,157.39,1,PASS,NORMAL
TST-000991,WFR-12,DIE-3834,EQP-102,STN-01,SF,1.1943,1.1735,45.409,1.3712,11.749,4.2046,0.449,2.5853,11.9374,0.8597,0.4226,1.708,27.54,2.54,53.6132,0.00164,53.61484,25,157.58,4,PASS,NORMAL
TST-000992,WFR-13,DIE-4547,EQP-104,STN-01,FS,1.185,1.168,48.1699,1.5767,13.182,4.269,0.4432,2.5843,11.8873,0.8113,0.4143,1.8121,27.48,2.48,51.4859,0.00187,51.48777,25,144.89,2,PASS,NORMAL
TST-000993,WFR-14,DIE-0210,EQP-101,STN-03,SS,1.1953,1.1843,44.3764,1.5463,13.2589,4.2432,0.4901,2.3893,12.9091,0.8146,0.4155,1.9713,28.08,3.08,60.2729,0.00185,60.27475,25,151.79,3,PASS,NORMAL
TST-000994,WFR-15,DIE-0923,EQP-101,STN-03,SF,1.1798,1.1664,43.7776,1.5468,12.8641,4.2307,0.4468,2.5693,12.7811,0.8756,0.4238,0.9387,28.73,3.73,57.1318,0.00182,57.13362,25,143.41,1,PASS,NORMAL
TST-000995,WFR-16,DIE-1636,EQP-105,STN-02,FF,1.198,1.1663,42.4743,1.8308,13.3514,4.2615,0.4474,2.6775,11.27,0.8604,0.4077,1.8752,27.42,2.42,55.8281,0.00219,55.83029,25,149.62,5,PASS,NORMAL
TST-000996,WFR-17,DIE-2349,EQP-102,STN-04,FF,1.2107,1.1908,59.362,10.8051,12.8561,4.2582,0.447,2.6826,11.0647,0.8641,0.4296,2.0502,43.66,18.66,58.0193,0.01308,58.03238,25,149.24,3,FAIL,HIGH_LEAKAGE
TST-000997,WFR-18,DIE-3012,EQP-104,STN-02,TT,1.209,1.1983,44.6155,1.5837,12.8533,4.1306,0.4579,2.6074,12.5021,0.8709,0.4147,1.0091,27.94,2.94,56.4417,0.00191,56.44361,25,155.29,2,PASS,NORMAL
TST-000998,WFR-19,DIE-3725,EQP-103,STN-02,FF,1.2004,1.1858,47.2077,1.8945,12.7414,4.2839,0.4406,2.6858,11.1157,0.844,0.4191,2.0026,27.58,2.58,54.5134,0.00227,54.51567,25,149.11,2,PASS,NORMAL
TST-000999,WFR-20,DIE-4438,EQP-103,STN-04,SS,1.1892,1.1793,44.7788,1.4233,12.3069,4.1077,0.4798,2.3659,13.9142,0.8264,0.4415,1.1096,27.28,2.28,54.5282,0.00169,54.52989,25,152.86,4,PASS,NORMAL
TST-001000,WFR-01,DIE-0101,EQP-101,STN-01,SS,1.1941,1.1818,44.095,1.6184,12.2687,4.2009,0.4649,2.2709,13.394,0.8125,0.4432,2.3068,26.85,1.85,52.4275,0.00193,52.42943,25,154.17,2,PASS,NORMAL