test_id,wafer_id,die_id,equipment_id,test_station,process_corner,supply_voltage,output_voltage,current,leakage_current,resistance,capacitance,threshold_voltage,frequency,propagation_delay,setup_time,hold_time,timing_margin,temperature,thermal_delta,dynamic_power,static_power,total_power,ambient_temperature,test_duration,test_cycle,result,defect_type
TST-000001,WFR-02,DIE-0814,EQP-105,STN-02,FF,1.2316,1.2076,45.3491,165.2907,13.2279,4.0709,0.444,2853.35,10.9466,0.7877,0.4097,2.2843,26.48,1.48,55.2077,0.20357,55.37614,25,149.85,3,PASS,NORMAL
TST-000002,WFR-03,DIE-1527,EQP-105,STN-04,SF,1.2057,1.187,46.3787,139.4206,12.6793,4.3542,0.4563,2523.24,12.4036,0.8289,0.4271,2.6201,28.37,3.37,52.439,0.1681,52.60862,25,147.41,1,PASS,NORMAL
TST-000003,WFR-04,DIE-2240,EQP-101,STN-02,SS,1.22,1.1912,45.2658,134.6691,12.6716,4.1016,0.4827,2347.31,13.1055,0.8668,0.4423,3.0685,26.3,1.3,54.5305,0.1643,54.73772,25,148.05,5,PASS,NORMAL
TST-000004,WFR-05,DIE-2903,EQP-105,STN-04,SF,1.2169,1.1926,46.4685,130.6096,12.4282,4.1171,0.4442,2618.27,11.9094,0.8617,0.4096,2.5062,29,4,56.4375,0.15894,56.66946,25,143.81,1,PASS,NORMAL
TST-000005,WFR-06,DIE-3616,EQP-103,STN-04,FS,1.1995,1.1743,44.4309,150.9924,12.1967,4.1903,0.4432,2514.14,12.5852,0.8519,0.4201,2.4729,27.68,2.68,54.5083,0.18112,54.68905,25,146.63,3,PASS,NORMAL
TST-000006,WFR-07,DIE-4329,EQP-102,STN-02,TT,1.2088,1.1843,46.0032,115.9506,13.1215,4.3887,0.4384,2544.01,12.224,0.807,0.4151,2.6922,27.89,2.89,55.1334,0.14016,55.25497,25,147.65,4,PASS,NORMAL
TST-000007,WFR-08,DIE-5042,EQP-101,STN-01,SF,1.1904,1.1748,44.9498,117.4072,12.3166,4.0441,0.4611,2518.34,12.9334,0.8543,0.4078,2.0958,27.5,2.5,49.6232,0.13976,49.81917,25,145.97,2,PASS,NORMAL
TST-000008,WFR-09,DIE-0705,EQP-101,STN-02,TT,1.1878,1.1594,44.4793,139.3824,12.7903,4.2182,0.4593,2409.93,12.5804,0.8706,0.4043,3.147,27.73,2.73,53.74,0.16556,53.90272,25,153.92,2,PASS,NORMAL
TST-000009,WFR-10,DIE-1418,EQP-102,STN-02,TT,1.2161,1.1929,45.9437,109.7838,12.9185,4.338,0.4528,2561.75,12.248,0.8574,0.426,2.5089,26.01,1.01,57.3052,0.13351,57.42934,25,150.52,5,PASS,NORMAL
TST-000010,WFR-11,DIE-2131,EQP-105,STN-03,TT,1.1841,1.1571,46.2694,131.4446,12.1079,4.1635,0.443,2443.36,12.8594,0.8468,0.4017,2.6647,26.78,1.78,52.6181,0.15564,52.70464,25,143.65,4,FAIL,LOW_VOLTAGE
TST-000011,WFR-12,DIE-2844,EQP-102,STN-03,FS,1.2194,1.2048,46.7002,97.9145,11.6091,4.133,0.4407,2636.47,11.8482,0.8066,0.4248,2.517,27.61,2.61,54.7919,0.1194,54.91561,25,156.49,2,PASS,NORMAL
TST-000012,WFR-13,DIE-3507,EQP-104,STN-03,SF,1.1828,1.1554,45.6979,134.3927,13.1585,4.173,0.4647,2394.59,13.5133,0.867,0.4222,2.324,27.81,2.81,51.6164,0.15896,51.80074,25,145.26,5,PASS,NORMAL
TST-000013,WFR-14,DIE-4220,EQP-104,STN-02,TT,1.2086,1.1891,45.1324,98.5001,12.6802,4.2618,0.4223,2594.05,12.3443,0.8246,0.3991,2.251,28.61,3.61,53.5019,0.11905,53.61682,25,146.94,1,PASS,NORMAL
TST-000014,WFR-15,DIE-4933,EQP-104,STN-02,TT,1.1854,1.1745,43.5879,117.3539,12.9875,4.4507,0.4549,2413.63,13.2817,0.8561,0.4228,2.4347,27.25,2.25,50.3535,0.13911,50.49746,25,146.28,4,PASS,NORMAL
TST-000015,WFR-16,DIE-0646,EQP-105,STN-02,FF,1.2193,1.1925,41.5857,183.2531,12.8066,4.2881,0.4429,2757.3,11.6495,0.8275,0.4359,2.0299,28.95,3.95,50.1601,0.22344,50.42684,25,153.84,3,PASS,NORMAL
TST-000016,WFR-17,DIE-1309,EQP-102,STN-03,SS,1.1997,1.1878,45.0663,125.3926,12.1145,4.1699,0.4622,2305.69,12.9272,0.8297,0.4207,3.5915,27.28,2.28,59.1911,0.15043,59.35671,25,153.03,2,PASS,NORMAL
TST-000017,WFR-18,DIE-2022,EQP-103,STN-01,SF,1.2072,1.1882,45.9811,156.5742,12.8624,4.1411,0.448,2365.99,15.9712,0.9895,0.4081,-1.3824,27.55,2.55,54.6038,0.18902,54.85465,25,148.45,1,FAIL,TIMING_FAILURE
TST-000018,WFR-19,DIE-2735,EQP-101,STN-01,SF,1.178,1.164,42.6922,148.9125,12.612,4.3532,0.4594,2422.96,13.0434,0.7956,0.4258,2.6697,27.47,2.47,50.7552,0.17542,50.94939,25,150.79,5,PASS,NORMAL
TST-000019,WFR-20,DIE-3448,EQP-101,STN-01,SF,1.1967,1.1799,47.9386,229.0609,13.1925,4.0436,0.4508,2463.49,12.9627,0.8991,0.4467,2.3753,32.53,7.53,55.7866,0.27412,56.08717,25,154.74,5,FAIL,HIGH_LEAKAGE
TST-000020,WFR-01,DIE-4111,EQP-102,STN-01,TT,1.2126,1.1951,44.1955,132.8353,12.9022,4.0989,0.4485,2669.75,12.547,0.8813,0.4055,1.5544,26.65,1.65,52.7307,0.16108,52.90134,25,152.18,1,PASS,NORMAL
TST-000021,WFR-02,DIE-4824,EQP-103,STN-01,SS,1.1849,1.1648,45.5056,144.7355,12.2248,4.0334,0.4813,2206.94,14.1415,0.9095,0.396,3.0736,27.39,2.39,55.2618,0.1715,55.42464,25,145.67,1,PASS,NORMAL
TST-000022,WFR-03,DIE-0537,EQP-105,STN-01,SS,1.2052,1.1779,45.1163,116.6632,14.3148,4.7901,0.5384,2035.64,15.0164,0.8291,0.4435,3.8043,26.06,1.06,50.4108,0.1406,50.63174,25,153.94,4,FAIL,PROCESS_VARIATION
TST-000023,WFR-04,DIE-1250,EQP-101,STN-01,TT,1.1919,1.1608,50.2226,192.4553,12.4544,4.2643,0.434,2571.66,12.521,0.8508,0.4152,2.1824,37.15,12.15,50.0159,0.22939,50.26713,25,150.67,1,FAIL,HIGH_LEAKAGE
TST-000024,WFR-05,DIE-1913,EQP-103,STN-03,FS,1.2026,1.1834,46.4235,130.7779,12.2683,4.338,0.4628,2496.58,12.7125,0.8553,0.4118,2.4541,27.37,2.37,50.4528,0.15727,50.58244,25,148.86,4,PASS,NORMAL
TST-000025,WFR-06,DIE-2626,EQP-101,STN-02,FF,1.2215,1.2074,45.0423,151.8905,12.4243,4.1858,0.4269,2801.36,10.8197,0.8501,0.4374,2.609,28.44,3.44,56.4258,0.18553,56.58516,25,155.61,2,PASS,NORMAL
TST-000026,WFR-07,DIE-3339,EQP-104,STN-01,FS,1.1843,1.1644,46.2054,75.5954,12.7907,4.2013,0.4384,2519.14,13.1669,0.8625,0.4374,1.849,32.7,7.7,53.4984,0.08953,53.55589,25,150.42,2,FAIL,THERMAL_ANOMALY
TST-000027,WFR-08,DIE-4002,EQP-103,STN-01,SS,1.2052,1.1888,46.676,137.3861,12.4639,3.9606,0.4751,2367.51,13.7475,0.891,0.3985,2.2569,26.16,1.16,55.8301,0.16558,56.05183,25,150.51,5,PASS,NORMAL
TST-000028,WFR-09,DIE-4715,EQP-102,STN-03,FF,1.2181,1.1865,45.9951,139.3441,11.83,4.1985,0.4478,2764.88,11.6571,0.8308,0.4055,1.9793,26.12,1.12,59.0407,0.16974,59.20133,25,154.12,4,PASS,NORMAL
TST-000029,WFR-10,DIE-0428,EQP-103,STN-02,FS,1.196,1.1715,44.8591,145.9738,12.8123,4.1562,0.4469,2452.21,12.3211,0.8212,0.4373,3.1695,27.29,2.29,53.1606,0.17458,53.34777,25,144.9,3,PASS,NORMAL
TST-000030,WFR-11,DIE-1141,EQP-102,STN-04,FF,1.2071,1.1885,45.5529,138.7176,13.401,4.0753,0.4522,2634.07,11.6522,0.8104,0.4118,2.723,27.35,2.35,52.9664,0.16745,53.14333,25,150.85,3,PASS,NORMAL
TST-000031,WFR-12,DIE-1804,EQP-103,STN-02,TT,1.2185,1.2053,47.2404,157.6321,12.5987,4.2462,0.4629,2573.44,12.3996,0.8167,0.4066,2.3271,27.97,2.97,54.602,0.19207,54.77026,25,148.47,3,PASS,NORMAL
TST-000032,WFR-13,DIE-2517,EQP-103,STN-02,TT,1.1654,1.1363,45.3151,142.5163,12.7337,4.1788,0.4497,2419.3,13.3089,0.792,0.4203,2.4328,29.81,4.81,51.2515,0.16609,51.34221,25,144.12,2,FAIL,HIGH_LEAKAGE
TST-000033,WFR-14,DIE-3230,EQP-102,STN-03,FF,1.2059,1.1829,45.4423,154.4889,12.2733,4.3324,0.4444,2700.64,11.3257,0.8948,0.4238,2.5908,25.18,0.18,56.4836,0.1863,56.74749,25,150.55,5,PASS,NORMAL
TST-000034,WFR-15,DIE-3943,EQP-105,STN-03,SF,1.1664,1.1394,43.7844,131.4231,12.2852,4.2369,0.4641,2341.04,12.9257,0.8932,0.4097,3.2675,27.37,2.37,53.4489,0.15329,53.55887,25,155.69,3,FAIL,LOW_VOLTAGE
TST-000035,WFR-16,DIE-4606,EQP-104,STN-04,FS,1.2082,1.1878,46.3837,133.1968,12.9521,4.2861,0.4574,2489.78,12.3376,0.9322,0.4125,2.7959,28.04,3.04,55.1818,0.16093,55.32243,25,151.82,4,PASS,NORMAL
TST-000036,WFR-17,DIE-0319,EQP-103,STN-01,SS,1.2209,1.198,47.8506,113.3147,12.5362,4.4501,0.4419,2516.39,11.7711,0.8225,0.4131,3.3022,25.67,0.67,64.0166,0.13835,64.18076,25,141.58,2,PASS,NORMAL
TST-000037,WFR-18,DIE-1032,EQP-105,STN-04,TT,1.1883,1.165,43.0382,136.653,12.252,4.1939,0.4375,2511.44,12.387,0.859,0.4269,2.6811,27.21,2.21,57.8154,0.16238,57.91002,25,141.37,3,PASS,NORMAL
TST-000038,WFR-19,DIE-1745,EQP-102,STN-04,TT,1.2128,1.1861,44.9973,121.3273,12.7949,4.2839,0.4248,2643.69,12.4007,0.8497,0.4027,1.88,26.71,1.71,54.792,0.14715,54.94418,25,153.07,5,PASS,NORMAL
TST-000039,WFR-20,DIE-2408,EQP-104,STN-03,FS,1.1937,1.1718,44.6809,114.3808,12.8502,4.3241,0.4526,2495.94,12.6634,0.891,0.3878,2.4716,25.79,0.79,56.2365,0.13654,56.30386,25,147.21,1,PASS,NORMAL
TST-000040,WFR-01,DIE-3121,EQP-105,STN-04,TT,1.2219,1.1974,47.2577,130.2462,11.8696,4.2154,0.4345,2637.54,11.7162,0.8277,0.4363,2.6217,27.41,2.41,57.318,0.15915,57.45771,25,153.98,4,PASS,NORMAL
TST-000041,WFR-02,DIE-3834,EQP-103,STN-02,SS,1.1928,1.1728,43.444,139.7389,12.62,4.2727,0.4736,2276.11,13.5763,0.8455,0.434,3.152,27.8,2.8,55.5582,0.16668,55.62694,25,154.23,4,PASS,NORMAL
TST-000042,WFR-03,DIE-4547,EQP-104,STN-02,FF,1.1766,1.15,44.6257,145.7595,12.5096,4.3215,0.4338,2609.25,11.7432,0.8315,0.4177,2.7554,28.17,3.17,51.0736,0.1715,51.32529,25,147.95,5,PASS,NORMAL
TST-000043,WFR-04,DIE-0210,EQP-105,STN-02,FS,1.1708,1.15,44.1982,151.9499,12.2188,4.1449,0.4493,2375.2,12.992,0.7818,0.4315,3.0669,27.15,2.15,51.0903,0.1779,51.30495,25,150.79,5,PASS,NORMAL
TST-000044,WFR-05,DIE-0923,EQP-104,STN-02,SS,1.0425,1.0235,43.3307,123.1923,12.1225,4.1048,0.4416,2121.14,14.5385,0.8655,0.4064,3.4538,27.54,2.54,54.0561,0.12843,54.22195,25,148.98,2,FAIL,LOW_VOLTAGE
TST-000045,WFR-06,DIE-1636,EQP-102,STN-01,SF,1.2181,1.1975,47.3425,144.4102,12.5138,4.2131,0.4823,2459.19,12.9619,0.8905,0.4208,2.4131,28.04,3.04,56.6229,0.17591,56.82585,25,150.41,2,PASS,NORMAL
TST-000046,WFR-07,DIE-2349,EQP-101,STN-01,FS,1.185,1.1663,43.3771,134.1877,12.4548,4.2652,0.4497,2389.83,13.4,0.9038,0.4307,2.4338,28.09,3.09,50.9993,0.15901,51.20152,25,146.4,3,PASS,NORMAL
TST-000047,WFR-08,DIE-3012,EQP-102,STN-03,FF,1.1915,1.1642,44.3297,151.762,12.0226,4.1309,0.4525,2542.13,11.9838,0.8776,0.4137,2.8734,28.78,3.78,52.7771,0.18082,52.89786,25,147.06,5,PASS,NORMAL
TST-000048,WFR-09,DIE-3725,EQP-101,STN-02,TT,1.2183,1.1993,45.8346,136.774,13.0747,4.0649,0.4512,2572.93,12.062,0.8911,0.4139,2.5934,27.53,2.53,54.2063,0.16663,54.30251,25,147.93,5,PASS,NORMAL
TST-000049,WFR-10,DIE-4438,EQP-103,STN-03,FF,1.2154,1.1941,46.2941,142.7711,13.0403,4.0667,0.4713,2632.95,11.7591,0.8199,0.4289,2.6131,26.75,1.75,59.4424,0.17352,59.62421,25,156.58,5,PASS,NORMAL
TST-000050,WFR-11,DIE-0101,EQP-101,STN-02,TT,1.1949,1.1716,43.9287,114.7505,12.9932,4.273,0.4614,2502.32,12.7947,0.8814,0.4151,2.3091,28.11,3.11,50.2327,0.13712,50.41759,25,151.18,4,PASS,NORMAL
TST-000051,WFR-12,DIE-0814,EQP-101,STN-03,SF,1.2272,1.2103,45.1818,138.0444,12.6581,4.1177,0.4463,2589.12,12.0452,0.8329,0.4114,2.5712,26.67,1.67,59.226,0.16941,59.40838,25,156.65,5,PASS,NORMAL
TST-000052,WFR-13,DIE-1527,EQP-102,STN-01,FF,1.1994,1.188,43.5304,108.9677,12.9412,4.2183,0.4423,2707.73,11.6232,0.8381,0.4078,2.3112,27.76,2.76,53.3204,0.1307,53.48237,25,149.74,3,PASS,NORMAL
TST-000053,WFR-14,DIE-2240,EQP-101,STN-03,TT,1.1954,1.1688,42.7922,119.5906,12.5409,4.2019,0.4456,2464.62,13.5207,0.8344,0.4302,1.8746,26.92,1.92,52.926,0.14296,52.95557,25,142.9,2,PASS,NORMAL
TST-000054,WFR-15,DIE-2903,EQP-102,STN-04,TT,1.0734,1.0559,42.516,151.7845,12.7336,4.0886,0.4562,2289.62,13.8395,0.8871,0.4049,2.7435,28.17,3.17,57.8462,0.16293,57.86374,25,157.93,3,FAIL,LOW_VOLTAGE
TST-000055,WFR-16,DIE-3616,EQP-103,STN-01,SF,1.2015,1.1804,44.2664,126.3738,12.3265,4.2568,0.454,2449.86,12.7353,0.8835,0.4385,2.7087,27.42,2.42,50.5964,0.15184,50.77702,25,151.2,3,PASS,NORMAL
TST-000056,WFR-17,DIE-4329,EQP-105,STN-02,SS,1.2024,1.189,47.498,152.1528,12.8984,4.1631,0.4384,2465.49,12.7804,0.8963,0.44,2.5473,27.39,2.39,60.5085,0.18295,60.75036,25,152.07,3,PASS,NORMAL
TST-000057,WFR-18,DIE-5042,EQP-104,STN-04,TT,1.2008,1.1779,43.8232,137.4882,12.8266,4.0918,0.4547,2501.01,12.9153,0.8801,0.4298,2.1981,27.66,2.66,53.5325,0.1651,53.70389,25,149.5,2,PASS,NORMAL
TST-000058,WFR-19,DIE-0705,EQP-105,STN-01,FF,1.2032,1.1832,46.5042,145.541,12.7503,4.0295,0.4644,2645.42,11.5869,0.9082,0.3902,2.6254,27.08,2.08,56.5657,0.17511,56.76352,25,144.93,5,PASS,NORMAL
TST-000059,WFR-20,DIE-1418,EQP-101,STN-03,SF,1.2023,1.1776,44.3932,111.9231,12.5368,4.227,0.4392,2595.25,11.7525,0.8851,0.4047,2.7752,27.95,2.95,50.4562,0.13457,50.56512,25,151.29,2,PASS,NORMAL
TST-000060,WFR-01,DIE-2131,EQP-103,STN-02,FF,1.1962,1.1749,47.069,150.4818,12.9413,4.1688,0.445,2660.99,11.0601,0.8615,0.4438,3.1104,28.67,3.67,50.8017,0.18001,51.05515,25,146.28,5,PASS,NORMAL
TST-000061,WFR-02,DIE-2844,EQP-103,STN-01,FF,1.196,1.1723,45.8756,144.0841,12.3396,4.1502,0.4629,2613.5,11.9016,0.8362,0.4164,2.5673,26.09,1.09,56.9492,0.17232,57.07131,25,144.39,3,PASS,NORMAL
TST-000062,WFR-03,DIE-3507,EQP-102,STN-01,FF,1.199,1.1816,48.1372,162.1767,12.5174,3.9485,0.4483,2584.62,11.1274,0.8491,0.4124,3.4997,26.89,1.89,52.4357,0.19445,52.66129,25,146.6,5,PASS,NORMAL
TST-000063,WFR-04,DIE-4220,EQP-102,STN-01,TT,1.2185,1.1935,46.4402,140.659,13.1737,4.2688,0.4524,2573.1,12.2697,0.8112,0.4214,2.4646,32.39,7.39,65.4211,0.17139,65.63575,25,153.71,5,FAIL,POWER_ANOMALY
TST-000064,WFR-05,DIE-4933,EQP-103,STN-01,FS,1.2106,1.1903,44.4041,127.7686,12.3145,4.1509,0.4377,2566.88,11.9788,0.7763,0.437,2.828,28.34,3.34,54.6056,0.15468,54.83667,25,149.23,3,PASS,NORMAL
TST-000065,WFR-06,DIE-0646,EQP-102,STN-03,TT,1.2064,1.1844,46.4708,105.9739,12.6118,4.3047,0.4629,2490.42,12.5142,0.8652,0.4152,2.6821,26.4,1.4,53.1073,0.12785,53.24812,25,148.07,3,PASS,NORMAL
TST-000066,WFR-07,DIE-1309,EQP-101,STN-03,SF,1.1862,1.1662,44.9726,82.2443,12.4534,4.026,0.4461,2444.55,12.761,0.8192,0.4388,2.7827,27.86,2.86,55.9193,0.09756,55.9604,25,149.6,1,PASS,NORMAL
TST-000067,WFR-08,DIE-2022,EQP-101,STN-04,TT,1.1927,1.1681,45.3123,150.1062,14.161,4.546,0.4504,2405.16,11.8356,0.8884,0.4018,3.9069,28.49,3.49,55.6489,0.17903,55.84836,25,156.8,4,PASS,NORMAL
TST-000068,WFR-09,DIE-2735,EQP-105,STN-04,SF,1.2129,1.1903,45.6477,116.6658,12.6793,4.2706,0.436,2583.2,13.0348,0.818,0.3942,1.6319,27.09,2.09,53.5437,0.1415,53.66599,25,152.84,3,PASS,NORMAL
TST-000069,WFR-10,DIE-3448,EQP-104,STN-02,SS,1.2103,1.1808,45.7605,138.7706,12.6715,4.1413,0.4754,2431.47,13.221,0.819,0.4058,2.411,27.66,2.66,53.8837,0.16795,53.98302,25,145.41,1,PASS,NORMAL
TST-000070,WFR-11,DIE-4111,EQP-101,STN-02,FF,1.211,1.1907,47.6644,159.8252,12.8126,4.2754,0.4562,2631.76,11.6899,0.8307,0.4126,2.6784,26.99,1.99,56.708,0.19355,56.86851,25,150.81,3,PASS,NORMAL
TST-000071,WFR-12,DIE-4824,EQP-104,STN-01,SS,1.2094,1.1939,44.9521,113.732,12.6258,4.4307,0.4801,2350.17,13.4783,0.8646,0.4515,2.6771,27.65,2.65,52.0387,0.13755,52.23322,25,149.19,5,PASS,NORMAL
TST-000072,WFR-13,DIE-0537,EQP-105,STN-03,FS,1.2176,1.2,45.5223,118.5747,13.1432,4.0999,0.4458,2568.02,12.4194,0.8005,0.4404,2.3563,27.36,2.36,55.578,0.14438,55.68705,25,151.3,1,PASS,NORMAL
TST-000073,WFR-14,DIE-1250,EQP-101,STN-03,SF,1.2167,1.2048,46.8361,155.9716,12.6333,4.3158,0.4573,2481,11.6541,0.8594,0.4227,3.609,28.58,3.58,55.0774,0.18977,55.27151,25,158.04,1,PASS,NORMAL
TST-000074,WFR-15,DIE-1913,EQP-105,STN-01,FF,1.2026,1.1801,43.3465,155.0048,12.7988,4.2038,0.4204,2709.98,11.6307,0.8341,0.4047,2.2955,28.08,3.08,56.262,0.18641,56.46197,25,143.58,1,PASS,NORMAL
TST-000075,WFR-16,DIE-2626,EQP-101,STN-02,SS,1.2083,1.1853,53.0255,169.6618,11.7471,4.1168,0.4686,2414.18,12.3894,0.848,0.4076,3.3314,32.2,7.2,61.4403,0.205,61.71935,25,143.19,3,FAIL,HIGH_LEAKAGE
TST-000076,WFR-17,DIE-3339,EQP-105,STN-03,FF,1.2333,1.2099,45.7609,113.5673,12.9442,4.0465,0.4469,2820.42,11.3931,0.8746,0.4186,1.9146,27.11,2.11,56.0492,0.14006,56.13737,25,159.11,5,PASS,NORMAL
TST-000077,WFR-18,DIE-4002,EQP-105,STN-04,FS,1.1957,1.1768,45.9898,114.2881,11.2091,4.3121,0.4404,2486.18,12.2071,0.867,0.4098,3.0148,27.5,2.5,54.7373,0.13665,54.8944,25,154.57,4,PASS,NORMAL
TST-000078,WFR-19,DIE-4715,EQP-103,STN-04,FS,1.1949,1.1651,44.8111,135.0331,12.0269,4.3257,0.4418,2559.44,12.3284,0.8412,0.4261,2.4588,26.93,1.93,53.2453,0.16135,53.33609,25,152.23,3,PASS,NORMAL
TST-000079,WFR-20,DIE-0428,EQP-103,STN-04,FF,1.1816,1.1658,44.9482,133.2374,12.59,4.2326,0.4438,2629.1,12.006,0.8248,0.4051,2.3835,27.39,2.39,49.8674,0.15743,50.09701,25,158.28,1,PASS,NORMAL
TST-000080,WFR-01,DIE-1141,EQP-102,STN-04,TT,1.1802,1.1589,45.8562,137.4739,12.9466,3.9715,0.4465,2349.63,12.7982,0.8753,0.4304,3.3505,26.8,1.8,49.2157,0.16225,49.41156,25,153.9,5,PASS,NORMAL
TST-000081,WFR-02,DIE-1804,EQP-103,STN-03,SF,1.2097,1.1913,47.2693,142.5513,12.6137,4.2491,0.4469,2492.69,12.1235,0.8465,0.4256,3.0769,28.41,3.41,56.9535,0.17244,57.14644,25,146.55,1,PASS,NORMAL
TST-000082,WFR-03,DIE-2517,EQP-103,STN-02,SF,1.1952,1.1754,43.8566,122.608,12.4733,4.1852,0.4622,2247.05,15.9939,0.9179,0.4258,-0.1156,29.29,4.29,53.1796,0.14654,53.27033,25,151.24,1,FAIL,TIMING_FAILURE
TST-000083,WFR-04,DIE-3230,EQP-104,STN-02,TT,1.1796,1.167,45.8584,148.4834,12.2041,4.2802,0.4225,2480.81,11.7023,0.8644,0.4201,3.5571,27.78,2.78,52.7219,0.17515,52.94994,25,146.03,4,PASS,NORMAL
TST-000084,WFR-05,DIE-3943,EQP-103,STN-01,TT,1.1888,1.1724,44.9397,105.999,12.8094,4.2716,0.4548,2429.48,12.4571,0.8739,0.4428,3.1334,27.86,2.86,52.498,0.12601,52.65412,25,150.44,2,PASS,NORMAL
TST-000085,WFR-06,DIE-4606,EQP-102,STN-01,FF,1.2176,1.1905,44.024,129.8743,12.0451,4.173,0.4525,2730.72,11.5434,0.8605,0.445,2.2443,26.18,1.18,55.1918,0.15813,55.32014,25,148.27,3,PASS,NORMAL
TST-000086,WFR-07,DIE-0319,EQP-105,STN-01,FF,1.1649,1.1425,42.6999,118.6142,12.6082,4.2508,0.4291,2597.18,12.3567,0.8859,0.4424,2.1587,27.48,2.48,54.9628,0.13817,55.05047,25,148.17,4,PASS,NORMAL
TST-000087,WFR-08,DIE-1032,EQP-104,STN-04,FF,1.1993,1.1787,46.6118,135.3417,12.4681,3.9917,0.4484,2630.27,11.556,0.8848,0.4146,2.7668,28.07,3.07,54.1934,0.16232,54.38015,25,149.45,5,PASS,NORMAL
TST-000088,WFR-09,DIE-1745,EQP-105,STN-04,SF,1.1996,1.1806,43.0202,98.7738,12.1955,4.3156,0.4656,2410.3,12.5549,0.8488,0.4059,3.1917,26.1,1.1,53.2124,0.11849,53.36592,25,149.38,1,PASS,NORMAL
TST-000089,WFR-10,DIE-2408,EQP-105,STN-02,SF,1.2539,1.2274,47.57,131.0234,12.74,3.9347,0.47,2590.45,11.9018,0.8588,0.4303,2.6807,26.45,1.45,57.524,0.16429,57.68837,25,150.39,3,PASS,NORMAL
TST-000090,WFR-11,DIE-3121,EQP-103,STN-01,SS,1.204,1.1809,44.3747,105.0379,12.1994,4.4846,0.4595,2474.55,12.7581,0.8459,0.4196,2.5606,27.61,2.61,58.207,0.12647,58.40164,25,151.72,4,PASS,NORMAL
TST-000091,WFR-12,DIE-3834,EQP-103,STN-03,FF,1.2074,1.1898,48.454,140.3406,12.2434,4.1827,0.4456,2652.25,11.3804,0.8163,0.415,2.8848,27.15,2.15,55.0979,0.16945,55.40159,25,148.01,3,PASS,NORMAL
TST-000092,WFR-13,DIE-4547,EQP-105,STN-02,SS,1.2115,1.1885,45.061,106.0528,12.6042,4.4512,0.4688,2388.39,12.7737,0.8771,0.4079,3.0969,26.83,1.83,54.5265,0.12848,54.61031,25,157.67,2,PASS,NORMAL
TST-000093,WFR-14,DIE-0210,EQP-105,STN-03,FS,1.1896,1.1775,46.2053,107.3307,12.3367,4.3499,0.4448,2428.04,12.3378,0.8717,0.4205,3.2647,27.84,2.84,52.334,0.12768,52.46521,25,148.6,3,PASS,NORMAL
TST-000094,WFR-15,DIE-0923,EQP-101,STN-02,FF,1.1932,1.165,43.9878,145.5669,12.6234,4.1868,0.461,2542.96,11.7362,0.8683,0.3922,3.1252,27.64,2.64,51.152,0.17369,51.37376,25,150.84,2,PASS,NORMAL
TST-000095,WFR-16,DIE-1636,EQP-105,STN-04,SS,1.2215,1.1958,46.7487,157.4464,13.173,4.5556,0.5081,2244.43,13.7158,0.8608,0.4303,3.2453,28.73,3.73,54.4564,0.19232,54.64357,25,156.89,4,FAIL,PROCESS_VARIATION
TST-000096,WFR-17,DIE-2349,EQP-104,STN-04,SS,1.2192,1.1996,46.0986,129.7575,12.8546,4.2428,0.4881,2345.67,13.0593,0.8575,0.4054,3.1359,28.42,3.42,55.4128,0.1582,55.52496,25,152.12,3,FAIL,PROCESS_VARIATION
TST-000097,WFR-18,DIE-3012,EQP-104,STN-03,SF,1.1884,1.1585,44.9181,139.307,12.4158,4.3858,0.4438,2439.39,12.5086,0.818,0.4199,3.0709,26.51,1.51,48.9044,0.16555,49.05446,25,147.67,5,PASS,NORMAL
TST-000098,WFR-19,DIE-3725,EQP-104,STN-01,TT,1.1737,1.1419,43.979,150.6345,12.8472,4.0563,0.4406,2432.84,12.5933,0.8786,0.4184,2.9698,28.23,3.23,50.5009,0.1768,50.72421,25,150.26,5,PASS,NORMAL
TST-000099,WFR-20,DIE-4438,EQP-103,STN-02,FS,1.2106,1.1184,45.9279,126.0084,13.7111,4.163,0.4594,2520.84,12.9159,0.8361,0.4152,2.1157,27.56,2.56,57.2089,0.15255,57.36412,25,144.53,1,FAIL,EQUIPMENT_DRIFT
TST-000100,WFR-01,DIE-0101,EQP-104,STN-02,TT,1.2066,1.1858,43.1719,113.1767,12.6527,4.156,0.4621,2484.99,12.5304,0.7838,0.4138,2.7824,27.21,2.21,58.1895,0.13656,58.35988,25,147.54,2,PASS,NORMAL
TST-000101,WFR-02,DIE-0814,EQP-105,STN-03,SS,1.1707,1.1516,43.5088,115.6156,12.2525,4.179,0.4621,2301.65,13.1015,0.797,0.4032,3.4803,27.89,2.89,47.6324,0.13535,47.77763,25,148.14,4,PASS,NORMAL
TST-000102,WFR-03,DIE-1527,EQP-103,STN-02,SF,1.2006,1.1826,43.7871,142.3506,11.7126,4.2394,0.4505,2501.63,12.7805,0.8528,0.4158,2.3563,27.07,2.07,51.9011,0.17091,52.16572,25,147.92,5,PASS,NORMAL
TST-000103,WFR-04,DIE-2240,EQP-104,STN-02,FF,1.2003,1.1817,46.5688,139.5865,12.8354,4.1622,0.4339,2742.99,11.2148,0.8858,0.4009,2.482,27.22,2.22,58.7552,0.16755,58.94329,25,146.39,4,PASS,NORMAL
TST-000104,WFR-05,DIE-2903,EQP-104,STN-03,FS,1.2141,1.2034,45.8836,144.0645,12.6806,4.3056,0.4509,2572.92,11.5613,0.8744,0.414,3.1108,27.9,2.9,55.4556,0.17491,55.58506,25,156.59,1,PASS,NORMAL
TST-000105,WFR-06,DIE-3616,EQP-101,STN-03,SS,1.2155,1.192,45.0759,121.7931,12.945,4.2788,0.4631,2448.22,12.8247,0.8764,0.4229,2.6373,26.73,1.73,51.8725,0.14804,52.00091,25,148.48,4,PASS,NORMAL
TST-000106,WFR-07,DIE-4329,EQP-104,STN-02,SF,1.1881,1.1628,45.8527,95.9285,11.9436,4.2097,0.4361,2547.68,12.2431,0.9089,0.4253,2.5486,26.85,1.85,51.9264,0.11397,52.05502,25,150.9,1,PASS,NORMAL
TST-000107,WFR-08,DIE-5042,EQP-105,STN-02,FF,1.2157,1.2,46.6236,137.0784,12.4609,4.1332,0.444,2750.89,11.633,0.8296,0.4317,2.0781,29.16,4.16,50.6964,0.16665,50.91696,25,146.79,5,PASS,NORMAL
TST-000108,WFR-09,DIE-0705,EQP-105,STN-02,FF,1.2095,1.1914,44.2977,117.2673,12.7939,4.1308,0.4487,2727.51,11.0876,0.8994,0.4297,2.6784,28.16,3.16,55.7122,0.14183,55.85381,25,144.82,3,PASS,NORMAL
TST-000109,WFR-10,DIE-1418,EQP-103,STN-03,FF,1.206,1.1796,46.4924,150.031,11.9335,4.1371,0.4425,2719.7,11.7096,0.847,0.393,2.1509,29.14,4.14,56.3285,0.18094,56.43091,25,146.84,3,PASS,NORMAL
TST-000110,WFR-11,DIE-2131,EQP-105,STN-01,SF,1.2001,1.1795,42.3941,138.4625,12.4975,4.054,0.4706,2424.74,12.6155,0.8602,0.4172,3.0209,27.08,2.08,50.0993,0.16617,50.29309,25,147.72,4,PASS,NORMAL
TST-000111,WFR-12,DIE-2844,EQP-105,STN-02,FF,1.1968,1.1814,44.4036,120.4895,12.4898,4.2707,0.4414,2725.93,11.3829,0.8553,0.4025,2.4357,26.75,1.75,55.6544,0.1442,55.74378,25,146.85,2,PASS,NORMAL
TST-000112,WFR-13,DIE-3507,EQP-102,STN-04,FF,1.1987,1.1684,43.5279,108.6672,12.6356,4.1609,0.4573,2627.68,11.3709,0.8306,0.4231,3.0211,26.63,1.63,58.628,0.13026,58.68419,25,150.96,3,PASS,NORMAL
TST-000113,WFR-14,DIE-4220,EQP-105,STN-03,FF,1.1963,1.1823,51.103,219.1084,13.1774,4.1068,0.4298,2688.9,11.5789,0.8381,0.423,2.459,29.82,4.82,54.2682,0.26212,54.54296,25,155.99,4,FAIL,HIGH_LEAKAGE
TST-000114,WFR-15,DIE-4933,EQP-104,STN-04,TT,1.2097,1.1844,46.8941,120.5961,12.5561,4.2131,0.4682,2511.13,12.2672,0.9,0.4271,2.7619,27.9,2.9,57.5465,0.14589,57.72453,25,144.75,4,PASS,NORMAL
TST-000115,WFR-16,DIE-0646,EQP-105,STN-03,TT,1.2207,1.202,47.659,127.9779,13.1923,4.4015,0.4606,2253.96,17.4306,0.986,0.446,-2.132,27.86,2.86,54.3105,0.15622,54.4745,25,148.25,5,FAIL,TIMING_FAILURE
TST-000116,WFR-17,DIE-1309,EQP-102,STN-03,TT,1.1947,1.1777,44.8277,154.101,12.1346,4.2982,0.4636,2435.67,12.8806,0.8299,0.4182,2.7121,27.56,2.56,52.6675,0.1841,52.80366,25,145.52,2,PASS,NORMAL
TST-000117,WFR-18,DIE-2022,EQP-101,STN-02,FF,1.2216,1.1981,45.2261,124.233,12.4392,3.9422,0.4592,2700.3,11.258,0.8115,0.4347,2.7437,28.45,3.45,58.1143,0.15176,58.31706,25,152.56,2,PASS,NORMAL
TST-000118,WFR-19,DIE-2735,EQP-101,STN-03,FS,1.1845,1.166,44.1054,112.9758,12.5127,4.1895,0.4576,2493.17,12.614,0.8559,0.4058,2.5739,28.61,3.61,52.5065,0.13382,52.6525,25,148.05,5,PASS,NORMAL
TST-000119,WFR-20,DIE-3448,EQP-104,STN-04,SF,1.1771,1.151,44.7415,121.8241,12.3158,4.1201,0.431,2476.79,12.9373,0.8083,0.4115,2.4043,28.92,3.92,51.5257,0.1434,51.65159,25,145.99,5,PASS,NORMAL
TST-000120,WFR-01,DIE-4111,EQP-104,STN-04,TT,1.1958,1.175,45.8078,135.7139,12.4161,4.1936,0.4487,2515.05,12.0815,0.8355,0.4288,2.9873,29.76,4.76,50.4288,0.16229,50.56269,25,146.05,5,PASS,NORMAL
TST-000121,WFR-02,DIE-4824,EQP-104,STN-03,TT,1.1996,1.1676,43.0586,106.7904,11.9134,4.1838,0.4641,2415.68,13.1011,0.7826,0.426,2.6748,28.09,3.09,55.1288,0.12811,55.19691,25,144.9,2,PASS,NORMAL
TST-000122,WFR-03,DIE-0537,EQP-104,STN-03,FF,1.2139,1.2023,42.3151,139.9261,12.504,4.457,0.463,2657.43,11.6456,0.8933,0.3976,2.5132,26.83,1.83,55.5254,0.16986,55.66616,25,150.08,5,PASS,NORMAL
TST-000123,WFR-04,DIE-1250,EQP-102,STN-01,FF,1.1806,1.1605,42.2885,159.1519,12.854,4.5565,0.4714,2438.41,12.6053,0.8473,0.4332,2.9515,27.05,2.05,53.4605,0.18789,53.74587,25,155.89,3,FAIL,PROCESS_VARIATION
TST-000124,WFR-05,DIE-1913,EQP-102,STN-04,TT,1.1894,1.1627,43.3386,135.1898,12.2442,4.3231,0.4611,2424.82,12.4866,0.8771,0.4063,3.1324,27.09,2.09,48.4902,0.16079,48.70963,25,154.78,1,PASS,NORMAL
TST-000125,WFR-06,DIE-2626,EQP-104,STN-01,FF,1.2266,1.2018,43.5258,158.0842,12.5412,4.0497,0.4253,2848.94,10.444,0.8193,0.3907,2.777,28.39,3.39,57.6808,0.19391,57.86984,25,156.36,5,PASS,NORMAL
TST-000126,WFR-07,DIE-3339,EQP-101,STN-04,TT,1.2064,1.19,45.7599,153.2141,11.468,4.1641,0.4425,2608.58,12.1734,0.8619,0.4298,2.2987,27.02,2.02,53.8609,0.18484,54.03677,25,151.64,5,PASS,NORMAL
TST-000127,WFR-08,DIE-4002,EQP-101,STN-01,SS,1.2139,1.201,45.1453,155.5105,11.7795,4.2119,0.4593,2381.09,12.723,0.828,0.4179,3.248,27.64,2.64,55.7086,0.18877,55.8714,25,151.44,1,PASS,NORMAL
TST-000128,WFR-09,DIE-4715,EQP-101,STN-04,TT,1.1791,1.1551,44.0352,123.1751,12.8627,4.4492,0.4352,2446.07,12.2595,0.8502,0.4054,3.2431,25.82,0.82,49.9029,0.14524,50.08993,25,147.82,4,PASS,NORMAL
TST-000129,WFR-10,DIE-0428,EQP-105,STN-04,FF,1.182,1.1662,45.0818,163.7686,13.8893,4.5845,0.5107,2297.77,13.8546,0.8324,0.4239,2.7212,26.85,1.85,54.0874,0.19357,54.26598,25,148.76,3,FAIL,PROCESS_VARIATION
TST-000130,WFR-11,DIE-1141,EQP-103,STN-04,TT,1.1846,1.1691,46.1845,95.1883,12.7987,4.0555,0.4608,2381.01,13.2856,0.8003,0.4119,2.7137,25.51,0.51,50.1859,0.11276,50.28289,25,145.43,5,PASS,NORMAL
TST-000131,WFR-12,DIE-1804,EQP-102,STN-01,SF,1.2206,1.2025,47.501,96.3461,12.1715,4.337,0.4738,2529.7,12.2834,0.8202,0.4336,2.7086,27.05,2.05,56.8322,0.1176,56.94142,25,149.3,5,PASS,NORMAL
TST-000132,WFR-13,DIE-2517,EQP-101,STN-04,FS,1.2027,1.1885,44.5458,113.0684,11.8715,4.1658,0.4436,2568.01,12.2891,0.8287,0.4142,2.4585,27.82,2.82,56.5036,0.13599,56.65258,25,152.22,1,PASS,NORMAL
TST-000133,WFR-14,DIE-3230,EQP-104,STN-04,FS,1.1849,1.1599,44.0082,149.3708,12.9172,4.2454,0.4529,2471.86,12.8303,0.8545,0.406,2.4973,27.47,2.47,51.2241,0.17699,51.39942,25,152.32,4,PASS,NORMAL
TST-000134,WFR-15,DIE-3943,EQP-102,STN-01,TT,1.2024,1.184,44.7651,111.6322,12.2572,4.2847,0.4409,2447.37,12.8849,0.8388,0.424,2.6204,28.62,3.62,57.1809,0.13423,57.2379,25,151.54,3,PASS,NORMAL
TST-000135,WFR-16,DIE-4606,EQP-104,STN-02,SF,1.2165,1.1964,48.0817,105.8417,12.3596,4.1209,0.4629,2540.18,12.3489,0.8323,0.431,2.5657,51.99,26.99,56.1405,0.12876,56.24247,25,150.83,3,FAIL,THERMAL_ANOMALY
TST-000136,WFR-17,DIE-0319,EQP-105,STN-01,TT,1.2031,1.1802,44.7875,112.3997,12.3876,4.0779,0.4678,2360.74,13.0748,0.849,0.4032,3.02,27.24,2.24,53.9184,0.13523,54.11618,25,148.13,2,PASS,NORMAL
TST-000137,WFR-18,DIE-1032,EQP-103,STN-01,FF,1.1962,1.1782,43.584,151.2127,12.4098,4.2395,0.4437,2722.47,12.3155,0.8562,0.4247,1.5208,27.08,2.08,53.5389,0.18088,53.69557,25,148.86,3,PASS,NORMAL
TST-000138,WFR-19,DIE-1745,EQP-101,STN-03,FS,1.2133,1.2042,46.4828,131.1809,12.6443,4.1504,0.454,2515.96,12.651,0.8058,0.4058,2.4417,26.63,1.63,52.788,0.15916,52.82725,25,151.84,1,PASS,NORMAL
TST-000139,WFR-20,DIE-2408,EQP-102,STN-01,SS,1.2007,1.1761,44.496,139.2132,12.7527,4.0948,0.4746,2369.5,13.371,0.8526,0.4207,2.6576,28.5,3.5,50.7545,0.16715,50.94205,25,155.14,3,PASS,NORMAL
TST-000140,WFR-01,DIE-3121,EQP-104,STN-01,TT,1.1983,1.186,46.1386,117.5816,12.1007,4.3915,0.4568,2507.53,12.8737,0.8703,0.4303,2.208,29.04,4.04,51.219,0.1409,51.30825,25,145.23,3,PASS,NORMAL
TST-000141,WFR-02,DIE-3834,EQP-104,STN-02,SF,1.2084,1.1918,47.4009,123.2587,12.7412,4.2878,0.4515,2505.3,11.7999,0.816,0.4429,3.3503,28.24,3.24,51.8226,0.14895,51.96648,25,156.33,1,PASS,NORMAL
TST-000142,WFR-03,DIE-4547,EQP-102,STN-04,TT,1.1788,1.1648,43.9562,144.1105,12.7954,4.2201,0.4441,2496.77,12.7766,0.796,0.4345,2.4481,28.07,3.07,52.8423,0.16988,52.96056,25,141.42,4,PASS,NORMAL
TST-000143,WFR-04,DIE-0210,EQP-103,STN-04,FF,1.1981,1.1738,45.6304,154.5392,12.8031,4.1641,0.4622,2622.86,11.7903,0.8595,0.4466,2.6007,27.46,2.46,51.1027,0.18515,51.36065,25,154.3,2,PASS,NORMAL
TST-000144,WFR-05,DIE-0923,EQP-105,STN-02,FF,1.1864,1.1707,45.1834,115.65,12.8377,4.0583,0.46,2500.42,11.9902,0.8759,0.4389,3.1312,27.89,2.89,51.9335,0.13721,52.02362,25,158.12,1,PASS,NORMAL
TST-000145,WFR-06,DIE-1636,EQP-105,STN-01,SS,1.2211,1.207,45.7853,121.6263,12.5718,4.2886,0.472,2400.38,13.0326,0.8218,0.4167,2.8096,27.6,2.6,52.4715,0.14852,52.57457,25,140.15,4,PASS,NORMAL
TST-000146,WFR-07,DIE-2349,EQP-104,STN-03,SS,1.201,1.1795,44.6935,138.388,13.2884,4.1387,0.4854,2340.87,14.118,0.846,0.4167,2.1237,28.57,3.57,49.3537,0.1662,49.52622,25,153.34,3,PASS,NORMAL
TST-000147,WFR-08,DIE-3012,EQP-101,STN-04,FF,1.2095,1.1852,44.8183,130.6368,12.9755,4.0682,0.4499,2651.87,11.5376,0.8573,0.4136,2.6888,26.51,1.51,58.236,0.15801,58.42714,25,149.67,2,PASS,NORMAL
TST-000148,WFR-09,DIE-3725,EQP-105,STN-04,SF,1.1845,1.165,45.7091,117.4235,12.7282,4.2154,0.428,2493.42,12.3245,0.8165,0.4103,2.9012,27.94,2.94,54.6023,0.13909,54.75447,25,149.2,3,PASS,NORMAL
TST-000149,WFR-10,DIE-4438,EQP-101,STN-03,SF,1.1992,1.1779,44.2678,127.424,12.8211,4.3511,0.448,2512.16,12.2382,0.8121,0.448,2.8723,25.94,0.94,56.2603,0.15281,56.3629,25,149.23,1,PASS,NORMAL
TST-000150,WFR-11,DIE-0101,EQP-104,STN-03,FF,1.21,1.1949,47.1733,156.7012,11.7974,4.0662,0.4342,2689.69,11.3651,0.8602,0.4331,2.6463,26.61,1.61,56.8103,0.18961,57.02031,25,148.57,1,PASS,NORMAL
TST-000151,WFR-12,DIE-0814,EQP-103,STN-04,TT,1.183,1.1673,43.0926,131.1388,13.1886,4.3013,0.4388,2471.85,12.4425,0.8279,0.4358,2.9118,29.13,4.13,54.0466,0.15514,54.1985,25,149.11,5,PASS,NORMAL
TST-000152,WFR-13,DIE-1527,EQP-103,STN-02,FF,1.1939,1.1806,46.807,147.975,12.4901,4.1283,0.4605,2508.53,12.1481,0.8383,0.4243,2.9592,27.68,2.68,51.765,0.17667,51.97335,25,143.29,1,PASS,NORMAL
TST-000153,WFR-14,DIE-2240,EQP-101,STN-04,FF,1.1653,1.1409,44.7083,114.7644,11.6354,4.4213,0.4697,2423.89,12.5719,0.8764,0.4146,3.0541,27.12,2.12,52.7462,0.13373,52.95589,25,152.74,1,PASS,NORMAL
TST-000154,WFR-15,DIE-2903,EQP-102,STN-03,FF,1.1834,1.1621,43.2459,115.8082,12.0554,4.2658,0.4533,2562.78,11.8947,0.7866,0.3957,2.9268,27.11,2.11,51.31,0.13705,51.45126,25,146.81,4,PASS,NORMAL
TST-000155,WFR-16,DIE-3616,EQP-104,STN-02,TT,1.2091,1.1858,46.4249,120.5601,12.8115,4.408,0.4421,2613.78,12.5771,0.8293,0.4259,1.8971,27.56,2.56,54.8198,0.14577,55.06198,25,145.25,3,PASS,NORMAL
TST-000156,WFR-17,DIE-4329,EQP-103,STN-04,FF,1.2128,1.1887,44.9338,138.5752,12.7504,3.9742,0.4463,2737.02,11.9019,0.853,0.4053,1.8595,27.03,2.03,52.2529,0.16806,52.42706,25,147.21,3,PASS,NORMAL
TST-000157,WFR-18,DIE-5042,EQP-103,STN-03,FS,1.1917,1.1713,45.3663,124.4912,12.3926,4.0786,0.4676,2402.38,13.4144,0.862,0.4215,2.3738,28.27,3.27,55.5906,0.14836,55.7717,25,146.02,3,PASS,NORMAL
TST-000158,WFR-19,DIE-0705,EQP-102,STN-02,SS,1.2073,1.1922,44.87,118.38,12.0331,4.0504,0.4511,2381.02,12.6295,0.8934,0.3883,3.2766,28.12,3.12,56.5806,0.14292,56.84047,25,148.67,2,PASS,NORMAL
TST-000159,WFR-20,DIE-1418,EQP-101,STN-03,FF,1.2079,1.1967,45.2579,160.2432,12.408,4.1579,0.4314,2839.53,10.3389,0.8087,0.4203,2.9392,26.53,1.53,56.8322,0.19356,57.1381,25,149.2,1,PASS,NORMAL
TST-000160,WFR-01,DIE-2131,EQP-105,STN-03,FS,1.1931,1.1686,43.5452,133.0386,12.4716,4.1471,0.4542,2426.13,12.8943,0.833,0.3873,2.7599,26.42,1.42,54.1831,0.15873,54.33392,25,149.79,2,PASS,NORMAL
TST-000161,WFR-02,DIE-2844,EQP-102,STN-03,FS,1.1944,1.1772,42.1921,150.4652,12.3016,4.1548,0.4442,2541.75,11.846,0.8956,0.4256,2.9956,27.18,2.18,53.2744,0.17972,53.44021,25,152.03,4,PASS,NORMAL
TST-000162,WFR-03,DIE-3507,EQP-103,STN-01,FS,1.1848,1.1613,44.9089,150.6671,12.1708,4.1727,0.455,2422.97,12.4022,0.8369,0.3922,3.2696,26.88,1.88,53.2357,0.17851,53.45539,25,147.63,3,PASS,NORMAL
TST-000163,WFR-04,DIE-4220,EQP-105,STN-01,FS,1.2358,1.2151,47.9045,158.5759,12.5787,4.0201,0.4338,2742.52,11.4616,0.8628,0.3983,2.2607,29,4,59.5432,0.19597,59.70166,25,142.16,3,PASS,NORMAL
TST-000164,WFR-05,DIE-4933,EQP-101,STN-01,FF,1.1754,1.1564,43.5641,138.5655,12.3508,4.1559,0.4397,2631.06,12.3061,0.8143,0.4278,2.0826,27.18,2.18,52.154,0.16287,52.32413,25,143.88,4,PASS,NORMAL
TST-000165,WFR-06,DIE-0646,EQP-102,STN-04,FS,1.2114,1.1855,41.6235,133.9903,11.7982,4.4948,0.4427,2531.86,12.0653,0.8033,0.4229,2.9301,27.12,2.12,53.8994,0.16232,54.04197,25,147.81,2,PASS,NORMAL
TST-000166,WFR-07,DIE-1309,EQP-104,STN-01,SS,1.2213,1.2115,50.843,212.9437,12.1404,4.2753,0.4855,2356.11,13.2213,0.8441,0.4246,2.9117,32.23,7.23,54.312,0.26007,54.49445,25,156.46,2,FAIL,HIGH_LEAKAGE
TST-000167,WFR-08,DIE-2022,EQP-103,STN-01,SS,1.1826,1.1645,46.1702,143.7116,12.2793,4.1988,0.4602,2300.64,13.3928,0.8042,0.422,3.1895,29.57,4.57,49.4986,0.16995,49.5919,25,153.71,3,PASS,NORMAL
TST-000168,WFR-09,DIE-2735,EQP-102,STN-02,FF,1.1979,1.1823,45.0319,139.8247,12.3303,4.1397,0.4452,2742.99,11.796,0.7443,0.4207,2.0423,27.48,2.48,54.105,0.1675,54.23059,25,147.3,1,PASS,NORMAL
TST-000169,WFR-10,DIE-3448,EQP-104,STN-01,SS,1.1043,1.0885,43.3828,102.8476,12.3548,4.2388,0.4789,2064.93,15.0951,0.7936,0.411,3.4824,27.62,2.62,51.7436,0.11357,51.87871,25,151.04,5,FAIL,LOW_VOLTAGE
TST-000170,WFR-11,DIE-4111,EQP-102,STN-01,SF,1.2147,1.1953,45.8054,242.7789,12.6204,4.1093,0.4292,2664.74,11.6642,0.8263,0.4118,2.5203,32.85,7.85,55.6439,0.2949,55.8799,25,154.07,1,FAIL,HIGH_LEAKAGE
TST-000171,WFR-12,DIE-4824,EQP-102,STN-01,FS,1.1809,1.1306,46.2377,121.2306,13.3095,4.2099,0.4659,2372.13,12.9793,0.8724,0.3942,3.0108,27.96,2.96,53.0752,0.14316,53.21675,25,150.62,2,FAIL,EQUIPMENT_DRIFT
TST-000172,WFR-13,DIE-0537,EQP-101,STN-02,TT,1.2088,1.1914,44.6485,139.5193,12.6121,4.0219,0.4605,2469.84,12.5446,0.893,0.4371,2.7578,28.08,3.08,54.5661,0.16865,54.70181,25,150.67,5,PASS,NORMAL
TST-000173,WFR-14,DIE-1250,EQP-103,STN-03,TT,1.1751,1.1247,42.8592,125.6758,12.5547,4.2902,0.4472,2418.45,13.079,0.8611,0.4034,2.5994,27.23,2.23,52.3648,0.14768,52.48011,25,154.07,4,FAIL,EQUIPMENT_DRIFT
TST-000174,WFR-15,DIE-1913,EQP-104,STN-03,FS,1.1924,1.1684,46.83,151.0254,12.3156,4.1074,0.4383,2509.01,12.0785,0.9067,0.3908,2.9573,28.5,3.5,52.192,0.18008,52.31703,25,152.33,1,PASS,NORMAL
TST-000175,WFR-16,DIE-2626,EQP-101,STN-03,FF,1.2094,1.1884,46.7412,157.5565,12.8495,4.2645,0.4439,2748.48,11.7452,0.8079,0.442,2.0004,25.7,0.7,53.2238,0.19055,53.39557,25,150.95,4,PASS,NORMAL
TST-000176,WFR-17,DIE-3339,EQP-105,STN-01,FS,1.1747,1.1626,44.6309,129.3246,12.5409,4.3564,0.4431,2506.95,13.0919,0.8781,0.4324,1.9856,27.55,2.55,50.5626,0.15192,50.75203,25,147.47,5,PASS,NORMAL
TST-000177,WFR-18,DIE-4002,EQP-101,STN-01,SF,1.1987,1.1774,43.726,154.8499,12.2588,4.3292,0.4502,2502.99,12.0198,0.8747,0.4241,3.0864,27.29,2.29,52.9233,0.18562,53.15435,25,149.6,1,PASS,NORMAL
TST-000178,WFR-19,DIE-4715,EQP-105,STN-02,TT,1.2164,1.2044,46.8797,101.4208,12.2772,4.1232,0.458,2539.92,11.9144,0.8499,0.3982,2.9842,26.9,1.9,54.3435,0.12337,54.46603,25,153.86,2,PASS,NORMAL
TST-000179,WFR-20,DIE-0428,EQP-103,STN-02,TT,1.1972,1.1806,44.1139,116.5131,12.3164,4.1239,0.4576,2372.54,12.8529,0.8485,0.4072,3.1582,27.24,2.24,55.5933,0.13949,55.75373,25,141.02,3,PASS,NORMAL
TST-000180,WFR-01,DIE-1141,EQP-101,STN-01,SF,1.2182,1.1986,44.5722,127.4538,11.7789,4.2827,0.4697,2475.47,12.1802,0.87,0.4208,3.1083,28.87,3.87,54.8381,0.15526,54.95102,25,151.38,1,PASS,NORMAL
TST-000181,WFR-02,DIE-1804,EQP-104,STN-03,FS,1.2161,1.2005,47.1247,137.5818,12.1401,4.304,0.4555,2494.98,12.4029,0.844,0.4311,2.7853,27.26,2.26,56.6363,0.16731,56.80651,25,150.94,4,PASS,NORMAL
TST-000182,WFR-03,DIE-2517,EQP-103,STN-02,FF,1.2035,1.1792,42.7389,134.5195,12.7909,4.2453,0.454,2589.21,11.7451,0.8657,0.4096,2.8379,26.76,1.76,55.4405,0.16189,55.70699,25,154.76,4,PASS,NORMAL
TST-000183,WFR-04,DIE-3230,EQP-103,STN-03,FF,1.2105,1.1821,47.182,129.1028,13.2954,4.4399,0.4703,2512.33,11.9072,0.8614,0.4476,3.1529,27.97,2.97,56.5966,0.15628,56.74904,25,144.25,4,FAIL,PROCESS_VARIATION
TST-000184,WFR-05,DIE-3943,EQP-103,STN-04,TT,1.183,1.1625,45.4232,136.2562,12.3158,4.2105,0.4479,2462.96,12.7122,0.8271,0.438,2.7013,28.28,3.28,54.3797,0.16119,54.55962,25,150.49,1,PASS,NORMAL
TST-000185,WFR-06,DIE-4606,EQP-104,STN-03,SF,1.0094,0.9927,45.9279,135.0355,12.6317,4.1551,0.4544,2154.23,14.6218,0.8294,0.4349,3.1169,28.06,3.06,49.7878,0.1363,49.9397,25,149.15,3,FAIL,LOW_VOLTAGE
TST-000186,WFR-07,DIE-0319,EQP-105,STN-04,FS,1.2207,1.1926,43.2799,122.8157,12.078,3.9379,0.4633,2540.34,12.0237,0.8259,0.4295,2.8963,27.25,2.25,53.1707,0.14992,53.3481,25,152.83,5,PASS,NORMAL
TST-000187,WFR-08,DIE-1032,EQP-105,STN-04,FS,1.2119,1.2005,45.806,129.1464,12.5948,4.2428,0.438,2626.37,12.7275,0.8829,0.4307,1.6197,28.97,3.97,55.5972,0.15651,55.78468,25,146.13,2,PASS,NORMAL
TST-000188,WFR-09,DIE-1745,EQP-104,STN-01,TT,1.2169,1.2021,48.8725,119.3938,12.5975,4.2284,0.4408,2589.13,12.3716,0.8593,0.4155,2.2183,28.19,3.19,52.4516,0.14529,52.54421,25,146.03,5,PASS,NORMAL
TST-000189,WFR-10,DIE-2408,EQP-103,STN-03,FF,1.218,1.2029,44.7186,155.129,12.7753,4.3249,0.4496,2752.4,11.1473,0.8313,0.4222,2.5542,26.77,1.77,55.3147,0.18895,55.44795,25,153.43,3,PASS,NORMAL
TST-000190,WFR-11,DIE-3121,EQP-101,STN-02,SF,1.1853,1.1656,44.3361,118.5993,12.3456,4.3875,0.4494,2420.76,12.7325,0.8326,0.4224,2.9586,26.75,1.75,54.4089,0.14058,54.64948,25,150.84,1,PASS,NORMAL
TST-000191,WFR-12,DIE-3834,EQP-102,STN-04,TT,1.1961,1.1722,44.4787,159.984,12.0237,4.094,0.4501,2476.56,12.2925,0.8358,0.4174,3.0231,28.29,3.29,55.6758,0.19136,55.95445,25,147.4,4,PASS,NORMAL
TST-000192,WFR-13,DIE-4547,EQP-102,STN-03,SF,1.2249,1.2046,43.5071,135.2604,12.9516,4.4012,0.4419,2622.34,11.8384,0.8041,0.4084,2.6111,27.67,2.67,53.9684,0.16568,54.12795,25,152.49,5,PASS,NORMAL
TST-000193,WFR-14,DIE-0210,EQP-105,STN-02,SF,1.2084,1.1926,46.2007,102.8965,11.9597,4.0743,0.4442,2511.71,11.9699,0.8436,0.4072,3.1119,27.24,2.24,55.2182,0.12434,55.33914,25,153.71,1,PASS,NORMAL
TST-000194,WFR-15,DIE-0923,EQP-101,STN-01,FF,1.1932,1.1692,46.2612,126.5503,12.7306,4.2168,0.4508,2682.52,11.8386,0.8372,0.4107,2.2356,27.6,2.6,48.3887,0.151,48.62705,25,152.04,4,PASS,NORMAL
TST-000195,WFR-16,DIE-1636,EQP-103,STN-02,SS,1.2014,1.1837,43.7786,111.1223,12.6312,4.2068,0.468,2355.38,13.3362,0.8282,0.4098,2.818,27.73,2.73,56.3764,0.1335,56.6577,25,151.43,3,PASS,NORMAL
TST-000196,WFR-17,DIE-2349,EQP-101,STN-01,TT,1.186,1.1634,43.5459,110.9041,13.0834,4.0113,0.4648,2337.2,12.5472,0.8548,0.4275,3.7125,26.95,1.95,50.9411,0.13153,51.05503,25,147.46,1,PASS,NORMAL
TST-000197,WFR-18,DIE-3012,EQP-104,STN-02,SS,1.1867,1.1641,44.7872,122.7935,12.0791,4.1558,0.4622,2287.29,13.468,0.8593,0.3972,3.1606,28.06,3.06,53.6889,0.14572,53.8914,25,153.98,4,PASS,NORMAL
TST-000198,WFR-19,DIE-3725,EQP-102,STN-02,SF,1.2021,1.178,44.7719,150.0977,12.2609,4.3388,0.46,2471.83,13.048,0.8426,0.4025,2.2917,28,3,54.4665,0.18043,54.68816,25,151.16,3,PASS,NORMAL
TST-000199,WFR-20,DIE-4438,EQP-105,STN-04,FF,1.237,1.2184,49.0137,133.196,12.2893,4.2151,0.4527,2783.6,11.4024,0.8726,0.4129,2.0949,28.98,3.98,52.7772,0.16476,52.86867,25,150.87,1,PASS,NORMAL
TST-000200,WFR-01,DIE-0101,EQP-103,STN-01,FS,1.1984,1.1746,44.65,164.876,12.2955,4.169,0.4595,2434.48,12.5774,0.8482,0.3882,3.005,28.38,3.38,53.0962,0.19759,53.25508,25,148.84,5,PASS,NORMAL
TST-000201,WFR-02,DIE-0814,EQP-101,STN-04,FF,1.1939,1.1698,49.6604,120.7664,12.0899,4.1128,0.445,2655.72,12.1307,0.8466,0.4368,2.0845,45.49,20.49,54.3207,0.14418,54.35239,25,152.33,3,FAIL,THERMAL_ANOMALY
TST-000202,WFR-03,DIE-1527,EQP-105,STN-01,SF,1.2007,1.1749,45.8014,151.9959,12.8141,4.151,0.4577,2537.81,12.9423,0.8398,0.3873,1.9795,28.08,3.08,56.3161,0.1825,56.49545,25,145.68,2,PASS,NORMAL
TST-000203,WFR-04,DIE-2240,EQP-105,STN-04,FF,1.2065,1.1918,47.2398,129.745,13.2095,4.1004,0.4392,2714.35,11.3247,0.8389,0.3945,2.5729,27.87,2.87,55.3696,0.15654,55.4935,25,154.03,3,PASS,NORMAL
TST-000204,WFR-05,DIE-2903,EQP-101,STN-04,TT,1.2154,1.1971,47.0363,127.9995,12.4826,4.0752,0.4591,2505.98,12.1622,0.8752,0.4242,2.9244,27.65,2.65,52.8463,0.15557,53.05617,25,155.89,5,PASS,NORMAL
TST-000205,WFR-06,DIE-3616,EQP-101,STN-03,FF,1.2048,1.1907,43.0393,133.7116,12.4044,4.062,0.4657,2627.45,11.4558,0.8202,0.4379,2.9479,28.61,3.61,50.5842,0.1611,50.64914,25,152.38,3,PASS,NORMAL
TST-000206,WFR-07,DIE-4329,EQP-104,STN-04,FS,1.2098,1.1875,44.2312,118.3857,12.162,4.1524,0.4719,2382.98,12.6808,0.8672,0.416,3.2377,28.52,3.52,51.8466,0.14322,51.94705,25,142.89,4,PASS,NORMAL
TST-000207,WFR-08,DIE-5042,EQP-103,STN-03,SF,1.1821,1.1662,43.8463,155.4753,12.0004,4.2028,0.462,2308.32,13.4467,0.8714,0.4376,3.0105,29.07,4.07,48.1347,0.18379,48.3265,25,145.27,5,PASS,NORMAL
TST-000208,WFR-09,DIE-0705,EQP-101,STN-03,FF,1.1844,1.1663,44.7907,168.163,12.1011,4.2428,0.4374,2624.83,12.2666,0.8131,0.393,2.1594,26.96,1.96,54.8908,0.19917,55.1396,25,146.59,2,PASS,NORMAL
TST-000209,WFR-10,DIE-1418,EQP-103,STN-01,TT,1.2057,1.1889,45.5254,169.0462,12.841,4.0554,0.4803,2396.48,12.8767,0.8024,0.4238,3.012,27.53,2.53,51.9556,0.20382,52.21286,25,146.8,1,PASS,NORMAL
TST-000210,WFR-11,DIE-2131,EQP-105,STN-04,TT,1.2169,1.1909,45.8099,116.6265,12.4737,4.2211,0.4733,2500.94,12.1517,0.816,0.3903,3.0263,28.29,3.29,55.3216,0.14192,55.39146,25,146,5,PASS,NORMAL
TST-000211,WFR-12,DIE-2844,EQP-102,STN-01,TT,1.1869,1.1651,46.0827,119.8536,12.6161,4.0716,0.4599,2410.63,13.4469,0.8636,0.4621,2.2827,26.32,1.32,53.4767,0.14225,53.54103,25,144.27,2,PASS,NORMAL
TST-000212,WFR-13,DIE-3507,EQP-102,STN-04,FS,1.2051,1.185,48.4081,135.6503,11.7102,4.0934,0.4538,2506.49,12.9409,0.7955,0.415,2.2222,31.53,6.53,64.4265,0.16347,64.58114,25,156.86,4,FAIL,POWER_ANOMALY
TST-000213,WFR-14,DIE-4220,EQP-101,STN-04,TT,1.1985,1.1887,46.655,81.8229,11.6452,4.0124,0.4652,2395.78,12.9738,0.8846,0.3946,2.8376,26.21,1.21,55.9492,0.09806,56.02755,25,150.81,3,PASS,NORMAL
TST-000214,WFR-15,DIE-4933,EQP-101,STN-01,FF,1.1963,1.1762,44.0679,150.1922,12.4869,4.3219,0.4533,2574.12,12.0492,0.8457,0.4341,2.6444,26.99,1.99,55.0202,0.17967,55.09615,25,148.65,5,PASS,NORMAL
TST-000215,WFR-16,DIE-0646,EQP-101,STN-02,SS,1.213,1.1945,44.4763,122.6256,12.1766,4.2265,0.4468,2425.99,12.3611,0.8867,0.4307,3.2403,27.95,2.95,55.0623,0.14874,55.19606,25,150.65,3,PASS,NORMAL
TST-000216,WFR-17,DIE-1309,EQP-102,STN-03,FF,1.1815,1.156,45.8087,115.7102,12.5003,4.2645,0.467,2531.28,12.1029,0.8937,0.4215,2.8057,27.83,2.83,54.6225,0.13671,54.72654,25,153.21,3,PASS,NORMAL
TST-000217,WFR-18,DIE-2022,EQP-104,STN-01,FS,1.1624,1.1465,46.7757,139.6093,12.7545,3.957,0.4472,2342.92,13.2881,0.8986,0.4166,2.886,27.26,2.26,51.0489,0.16228,51.33436,25,148.75,1,PASS,NORMAL
TST-000218,WFR-19,DIE-2735,EQP-102,STN-04,SF,1.2231,1.2036,47.7788,84.854,12.0176,4.1001,0.451,2604.13,12.6859,0.8653,0.4161,1.809,32.73,7.73,56.7256,0.10378,56.77878,25,145.35,3,FAIL,THERMAL_ANOMALY
TST-000219,WFR-20,DIE-3448,EQP-101,STN-01,FF,1.2143,1.1935,45.4157,142.9904,13.0391,4.4568,0.4504,2646.09,11.4508,0.8068,0.4437,2.859,27.24,2.24,55.1075,0.17363,55.28271,25,153.13,2,PASS,NORMAL
TST-000220,WFR-01,DIE-4111,EQP-102,STN-01,FS,1.1966,1.1775,42.4038,122.7937,12.5388,4.2909,0.4309,2593.02,12.2086,0.8505,0.4274,2.3669,28.11,3.11,55.3552,0.14693,55.52559,25,151.07,4,PASS,NORMAL
TST-000221,WFR-02,DIE-4824,EQP-102,STN-01,SF,1.178,1.1577,44.645,125.2859,13.0039,4.0457,0.4517,2427.42,12.8794,0.8331,0.4264,2.7659,27.56,2.56,49.112,0.14759,49.27386,25,148.32,2,PASS,NORMAL
TST-000222,WFR-03,DIE-0537,EQP-103,STN-03,TT,1.2232,1.2016,45.6713,112.6707,12.6629,4.306,0.4449,2575.9,11.8895,0.8412,0.4185,2.7979,27.84,2.84,55.7605,0.13782,55.9091,25,148.32,1,PASS,NORMAL
TST-000223,WFR-04,DIE-1250,EQP-105,STN-02,FF,1.1761,1.1558,44.5209,129.8883,12.6292,4.1146,0.4513,2553.28,12.1445,0.866,0.418,2.6556,26.46,1.46,53.5892,0.15276,53.7764,25,152.29,3,PASS,NORMAL
TST-000224,WFR-05,DIE-1913,EQP-104,STN-04,FF,1.1814,1.1615,44.1845,157.9403,13.0213,4.2495,0.4542,2541.57,12.8062,0.8439,0.4186,2.0882,26.59,1.59,52.7346,0.18659,52.89854,25,153.54,4,PASS,NORMAL
TST-000225,WFR-06,DIE-2626,EQP-103,STN-02,TT,1.2011,1.1782,43.5822,117.9411,12.7209,4.283,0.4423,2587.24,12.2724,0.8386,0.4041,2.3495,26.38,1.38,53.196,0.14166,53.39443,25,148.68,4,PASS,NORMAL
TST-000226,WFR-07,DIE-3339,EQP-105,STN-01,SS,1.2019,1.1827,45.7534,154.5074,12.0397,4.154,0.4574,2406.48,12.5664,0.8105,0.4212,3.2449,28.6,3.6,50.1691,0.1857,50.33415,25,153.36,3,PASS,NORMAL
TST-000227,WFR-08,DIE-4002,EQP-104,STN-01,FS,1.1965,1.1841,46.1457,136.3922,12.3494,3.8719,0.4473,2498.36,12.7983,0.8738,0.4048,2.3384,28.36,3.36,54.6979,0.16319,54.76707,25,147.98,2,PASS,NORMAL
TST-000228,WFR-09,DIE-4715,EQP-104,STN-04,FF,1.2061,1.1806,46.4786,169.5871,12.6483,4.197,0.4714,2591.57,12.6117,0.8716,0.4477,1.9514,27.22,2.22,57.267,0.20454,57.51453,25,145.42,2,PASS,NORMAL
TST-000229,WFR-10,DIE-0428,EQP-101,STN-01,FS,1.2184,1.1885,44.973,123.2322,12.5905,4.1843,0.4547,2569.71,12.0021,0.8428,0.3992,2.7211,27.71,2.71,57.5963,0.15015,57.74657,25,144.35,5,PASS,NORMAL
TST-000230,WFR-11,DIE-1141,EQP-101,STN-04,FS,1.1836,1.1587,42.0275,131.0032,12.2209,4.1303,0.456,2368.92,13.5471,0.792,0.4389,2.5462,29.1,4.1,55.6229,0.15506,55.69667,25,149.91,2,PASS,NORMAL
TST-000231,WFR-12,DIE-1804,EQP-101,STN-04,FS,1.178,1.1643,45.3571,148.8305,12.4238,4.2394,0.4257,2555.6,12.7348,0.8698,0.4503,2.0473,27.31,2.31,53.5531,0.17532,53.73846,25,153.23,3,PASS,NORMAL
TST-000232,WFR-13,DIE-2517,EQP-101,STN-02,SF,1.1824,1.1687,44.2055,131.9787,12.5996,4.2866,0.4383,2528.57,12.9417,0.8504,0.4486,2.0271,27.72,2.72,51.2706,0.15605,51.48037,25,153.57,4,PASS,NORMAL
TST-000233,WFR-14,DIE-3230,EQP-101,STN-04,FF,1.1969,1.1759,45.9476,185.6447,12.4049,4.2549,0.4375,2706.98,11.4493,0.8288,0.4306,2.4985,26.87,1.87,51.5932,0.2222,51.90155,25,152.53,3,PASS,NORMAL
TST-000234,WFR-15,DIE-3943,EQP-103,STN-03,FS,1.2233,1.2132,45.6372,126.6808,11.9931,4.1059,0.4337,2671.97,11.4738,0.8679,0.4432,2.6285,28.16,3.16,60.6669,0.15497,60.82099,25,153.74,4,PASS,NORMAL
TST-000235,WFR-16,DIE-4606,EQP-101,STN-03,FF,1.2172,1.1924,45.1023,171.0443,12.535,4.2919,0.4615,2587.11,11.1569,0.8159,0.4037,3.4885,28.64,3.64,55.9744,0.2082,56.1262,25,151.41,4,PASS,NORMAL
TST-000236,WFR-17,DIE-0319,EQP-101,STN-01,SF,1.2065,1.1922,51.1799,112.4262,12.5849,4.4449,0.4602,2511.91,13.2765,0.8451,0.4427,1.8025,31.66,6.66,76.2171,0.13564,76.29738,25,151.59,5,FAIL,POWER_ANOMALY
TST-000237,WFR-18,DIE-1032,EQP-104,STN-03,TT,1.1892,1.1712,47.2579,143.2258,13.402,4.0671,0.4455,2460.5,12.9728,0.8415,0.4482,2.4426,28.57,3.57,49.1338,0.17032,49.33401,25,152.06,4,PASS,NORMAL
TST-000238,WFR-19,DIE-1745,EQP-101,STN-01,TT,1.1875,1.1691,43.818,131.647,12.7723,4.2629,0.4324,2468.69,11.9698,0.8833,0.403,3.3498,25.7,0.7,52.8049,0.15633,52.90664,25,150.86,2,PASS,NORMAL
TST-000239,WFR-20,DIE-2408,EQP-103,STN-02,SF,1.196,1.1735,45.5147,119.2059,13.0364,4.1482,0.4751,2414.07,13.4042,0.8665,0.3684,2.2988,28.73,3.73,51.8588,0.14257,52.04042,25,152.22,4,PASS,NORMAL
TST-000240,WFR-01,DIE-3121,EQP-105,STN-02,FS,1.2186,1.1981,45.8916,131.9165,12.2332,4.1988,0.4639,2588.6,12.7149,0.8042,0.419,1.9333,26.78,1.78,57.3849,0.16075,57.56914,25,156.26,2,PASS,NORMAL
TST-000241,WFR-02,DIE-3834,EQP-101,STN-04,TT,1.1891,1.1634,46.1685,125.9767,12.2659,4.1442,0.4539,2466.09,12.9537,0.8527,0.4095,2.4136,27.84,2.84,52.9488,0.1498,53.03932,25,156.9,5,PASS,NORMAL
TST-000242,WFR-03,DIE-4547,EQP-103,STN-04,SS,1.2161,1.194,45.627,134.3599,12.9395,4.1245,0.4858,2134.03,18.4624,1.0101,0.4165,-3.0127,26.56,1.56,55.5434,0.1634,55.7472,25,150.22,2,FAIL,TIMING_FAILURE
TST-000243,WFR-04,DIE-0210,EQP-104,STN-03,FS,1.1984,1.1713,45.4577,113.479,13.2756,4.3155,0.4581,2393.57,12.548,0.7715,0.4163,3.3919,27.04,2.04,56.204,0.13599,56.38128,25,152.89,3,PASS,NORMAL
TST-000244,WFR-05,DIE-0923,EQP-104,STN-02,FF,1.1932,1.1639,46.1208,140.5712,12.9304,4.0543,0.4483,2687.93,12.3014,0.8946,0.4063,1.6853,28.46,3.46,55.7524,0.16773,55.87794,25,145.46,2,PASS,NORMAL
TST-000245,WFR-06,DIE-1636,EQP-105,STN-02,FS,1.2151,1.1979,43.1783,134.1997,13.2214,4.0503,0.46,2509.49,11.5191,0.8448,0.4181,3.5756,28.2,3.2,53.8937,0.16307,54.02904,25,154.7,1,PASS,NORMAL
TST-000246,WFR-07,DIE-2349,EQP-101,STN-03,FF,1.2487,1.2274,47.2911,121.4754,12.7697,4.2202,0.4584,2739.05,11.1542,0.8499,0.3836,2.5995,26.09,1.09,61.5612,0.15169,61.6981,25,152.6,2,PASS,NORMAL
TST-000247,WFR-08,DIE-3012,EQP-101,STN-01,SF,1.1984,1.172,43.4542,128.8363,13.0018,4.0843,0.4499,2447.95,12.3721,0.8293,0.4074,3.1388,27.68,2.68,54.6992,0.1544,54.81175,25,155.76,4,PASS,NORMAL
TST-000248,WFR-09,DIE-3725,EQP-104,STN-01,FF,1.2297,1.1999,48.1619,144.1545,12.3682,4.1823,0.4583,2767.55,10.6448,0.872,0.412,2.9364,27.43,2.43,57.5419,0.17727,57.75679,25,150.23,5,PASS,NORMAL
TST-000249,WFR-10,DIE-4438,EQP-105,STN-03,FS,1.195,1.1743,45.8377,126.601,12.692,4.3159,0.4305,2578.74,12.2454,0.8596,0.4004,2.4065,27.24,2.24,53.3986,0.15129,53.55415,25,154.94,4,PASS,NORMAL
TST-000250,WFR-11,DIE-0101,EQP-104,STN-01,SS,1.199,1.1768,45.703,130.6146,13.1642,4.2622,0.4615,2400.95,13.6416,0.8941,0.4217,2.1244,27.32,2.32,57.4391,0.15661,57.63197,25,146.4,2,PASS,NORMAL
TST-000251,WFR-12,DIE-0814,EQP-104,STN-04,SS,1.2324,1.2077,46.8292,127.13,12.4167,4.1355,0.4722,2470.95,13.0167,0.8465,0.4227,2.3249,28.03,3.03,55.268,0.15668,55.43912,25,154.21,2,PASS,NORMAL
TST-000252,WFR-13,DIE-1527,EQP-102,STN-02,SS,1.1956,1.1752,43.619,130.3141,11.8754,4.121,0.4581,2381.91,13.0634,0.8227,0.4448,2.9071,27.43,2.43,54.2878,0.1558,54.3848,25,150.69,4,PASS,NORMAL
TST-000253,WFR-14,DIE-2240,EQP-103,STN-03,SS,1.199,1.1811,45.0056,128.7155,12.3666,4.1264,0.4562,2383.5,13.1415,0.8468,0.407,2.7937,28.36,3.36,53.8422,0.15433,53.99354,25,153.89,3,PASS,NORMAL
TST-000254,WFR-15,DIE-2903,EQP-104,STN-01,FF,1.1841,1.1708,46.3322,140.3409,12.8835,4.1949,0.4381,2606.13,12.2154,0.8835,0.401,2.2495,25.69,0.69,47.0303,0.16618,47.20773,25,147.99,4,PASS,NORMAL
TST-000255,WFR-16,DIE-3616,EQP-103,STN-01,SS,1.1858,1.1673,43.3635,138.0879,12.1956,4.1351,0.4497,2430.49,12.7356,0.8625,0.4433,2.8595,27.19,2.19,49.8375,0.16374,50.05097,25,150.02,1,PASS,NORMAL
TST-000256,WFR-17,DIE-4329,EQP-105,STN-04,SF,1.2088,1.1907,43.8947,133.1818,12.9841,4.1874,0.4683,2430.83,12.8605,0.7671,0.424,2.8277,27.62,2.62,55.4793,0.16099,55.75267,25,150.85,4,PASS,NORMAL
TST-000257,WFR-18,DIE-5042,EQP-101,STN-03,SS,1.2015,1.1804,46.7097,149.2661,12.6011,4.2218,0.4728,2322.61,13.517,0.8985,0.4325,2.8065,26.73,1.73,49.9802,0.17934,50.15176,25,148.69,3,PASS,NORMAL
TST-000258,WFR-19,DIE-0705,EQP-102,STN-03,SS,1.1985,1.1794,45.3036,143.2457,12.1266,4.1358,0.4579,2427.32,13.4857,0.8747,0.4328,2.1187,28.86,3.86,52.0472,0.17168,52.29432,25,150.34,1,PASS,NORMAL
TST-000259,WFR-20,DIE-1418,EQP-104,STN-03,SF,1.1996,1.1721,42.5461,136.2682,12.0571,4.1802,0.4521,2471.43,12.1314,0.8701,0.4204,3.1835,28.94,3.94,56.8304,0.16347,56.97339,25,152.05,5,PASS,NORMAL
TST-000260,WFR-01,DIE-2131,EQP-101,STN-04,SF,1.1852,1.1616,43.6065,102.3603,12.118,4.048,0.4606,2401.97,13.072,0.8714,0.4191,2.7096,27.08,2.08,57.1561,0.12132,57.3041,25,145.92,3,PASS,NORMAL
TST-000261,WFR-02,DIE-2844,EQP-102,STN-02,FF,1.2139,1.1858,45.4359,151.1863,13.0786,4.1397,0.4471,2736.85,11.6239,0.8666,0.4415,2.1248,26.08,1.08,50.678,0.18353,50.80048,25,145.64,5,PASS,NORMAL
TST-000262,WFR-03,DIE-3507,EQP-102,STN-02,TT,1.165,1.1405,44.1735,125.4287,12.3123,4.3271,0.4604,2306.38,13.3103,0.8598,0.4302,3.1731,26.53,1.53,56.3349,0.14612,56.45985,25,151.05,5,PASS,NORMAL
TST-000263,WFR-04,DIE-4220,EQP-101,STN-03,FF,1.2061,1.1902,44.2011,152.3803,12.4259,4.0619,0.4519,2669.27,12.052,0.8415,0.4137,2.0919,27.9,2.9,51.409,0.18379,51.57235,25,152.75,2,PASS,NORMAL
TST-000264,WFR-05,DIE-4933,EQP-101,STN-03,SS,1.2057,1.1842,45.0757,119.7353,12.4836,4.1648,0.4764,2314.01,13.7338,0.8013,0.4214,2.7509,26.22,1.22,54.7529,0.14436,54.89455,25,156.66,5,PASS,NORMAL
TST-000265,WFR-06,DIE-0646,EQP-104,STN-03,TT,1.2012,1.1789,43.8002,118.4089,11.9718,4.0212,0.425,2596.12,12.5746,0.8506,0.4279,1.9824,26.98,1.98,56.0501,0.14223,56.13012,25,149.6,5,PASS,NORMAL
TST-000266,WFR-07,DIE-1309,EQP-103,STN-04,TT,1.2232,1.2083,45.3706,101.4429,13.1517,4.2641,0.4517,2577.35,12.2967,0.858,0.4216,2.3651,29.23,4.23,55.9782,0.12408,56.12226,25,157.19,1,PASS,NORMAL
TST-000267,WFR-08,DIE-2022,EQP-103,STN-04,SF,1.1681,1.1412,41.8001,138.6666,12.202,4.2084,0.4412,2450.52,12.8939,0.8434,0.4193,2.5858,27.2,2.2,55.2916,0.16198,55.37708,25,143.98,5,PASS,NORMAL
TST-000268,WFR-09,DIE-2735,EQP-104,STN-01,FS,1.1797,1.156,43.3696,125.8522,12.8731,4.2505,0.4433,2451.7,11.8216,0.8327,0.4209,3.6609,27.05,2.05,48.4186,0.14847,48.55169,25,151.48,1,PASS,NORMAL
TST-000269,WFR-10,DIE-3448,EQP-102,STN-02,SS,1.1963,1.1735,43.5917,97.2614,12.4019,4.2324,0.4746,2362.69,13.9213,0.8548,0.4179,2.1538,27.8,2.8,50.4138,0.11635,50.50509,25,144.75,5,PASS,NORMAL
TST-000270,WFR-11,DIE-4111,EQP-105,STN-02,TT,1.203,1.1809,45.7637,123.9418,12.6389,4.0425,0.448,2502.14,12.4657,0.8165,0.406,2.7041,26.33,1.33,57.3243,0.1491,57.44501,25,149.67,3,PASS,NORMAL
TST-000271,WFR-12,DIE-4824,EQP-105,STN-03,SF,1.1777,1.1574,45.7002,123.7963,12.5299,4.0845,0.4396,2423.83,12.7823,0.871,0.4025,2.8495,26.02,1.02,55.3122,0.14579,55.48309,25,150.88,2,PASS,NORMAL
TST-000272,WFR-13,DIE-0537,EQP-102,STN-02,TT,1.1976,1.1779,41.2483,110.1537,13.1275,4.2309,0.4479,2519.68,12.7317,0.814,0.4265,2.3293,27.77,2.77,51.0233,0.13192,51.14245,25,145.3,5,PASS,NORMAL
TST-000273,WFR-14,DIE-1250,EQP-104,STN-02,FS,1.2101,1.1852,45.5723,144.3035,12.7341,4.0078,0.457,2512.92,12.698,0.8736,0.4273,2.3461,27.6,2.6,59.8285,0.17462,60.15109,25,160,4,PASS,NORMAL
TST-000274,WFR-15,DIE-1913,EQP-104,STN-01,SF,1.2083,1.1938,43.983,134.2926,12.4296,4.2573,0.4364,2555.27,12.6642,0.8558,0.4095,2.1339,27.4,2.4,54.0421,0.16227,54.1861,25,148.72,2,PASS,NORMAL
TST-000275,WFR-16,DIE-2626,EQP-101,STN-04,TT,1.2025,1.1892,45.6681,129.7883,12.8464,4.2546,0.4824,2486.6,13.2302,0.8186,0.405,2.0374,27.28,2.28,53.0424,0.15607,53.19515,25,153.07,4,PASS,NORMAL
TST-000276,WFR-17,DIE-3339,EQP-101,STN-02,TT,1.2051,1.1817,44.0957,150.2988,13.5104,4.3997,0.4426,2575.5,11.8278,0.8289,0.444,2.8743,27.93,2.93,56.5901,0.18113,56.74544,25,150.24,3,PASS,NORMAL
TST-000277,WFR-18,DIE-4002,EQP-101,STN-03,TT,1.2185,1.1923,45.1627,127.0662,12.6867,4.0286,0.4566,2584.7,12.2264,0.8568,0.4141,2.3925,27.67,2.67,54.5126,0.15483,54.55593,25,154.47,1,PASS,NORMAL
TST-000278,WFR-19,DIE-4715,EQP-102,STN-02,FF,1.1517,1.1295,44.3594,121.7817,11.9336,4.1257,0.4532,2486.18,12.6058,0.8028,0.4048,2.6803,26.63,1.63,54.6939,0.14026,54.89764,25,158,5,FAIL,LOW_VOLTAGE
TST-000279,WFR-20,DIE-0428,EQP-105,STN-03,FF,1.2051,1.1893,44.3313,137.1906,12.0459,4.1734,0.4179,2890.68,11.9171,0.8621,0.4198,1.0584,28.4,3.4,54.9527,0.16533,55.04489,25,147.67,3,PASS,NORMAL
TST-000280,WFR-01,DIE-1141,EQP-103,STN-01,FS,1.2056,1.1886,43.847,127.194,12.446,4.1702,0.4597,2517.06,12.9915,0.8176,0.4061,2.0825,27.56,2.56,51.0623,0.15335,51.18639,25,150.25,1,PASS,NORMAL
TST-000281,WFR-02,DIE-1804,EQP-102,STN-02,TT,1.1895,1.1654,44.7531,123.5417,12.6087,4.3832,0.4469,2476.8,12.8144,0.8483,0.4468,2.4872,26.32,1.32,57.0594,0.14695,57.13206,25,149.29,1,PASS,NORMAL
TST-000282,WFR-03,DIE-2517,EQP-101,STN-03,TT,1.1858,1.1715,46.6713,136.9417,13.7848,4.1423,0.4522,2384.58,12.949,0.855,0.4209,2.9704,28.44,3.44,54.4086,0.16239,54.58129,25,148.52,1,PASS,NORMAL
TST-000283,WFR-04,DIE-3230,EQP-104,STN-04,FS,1.2036,1.185,45.7525,112.8376,11.9564,4.1089,0.4526,2493.14,12.6148,0.7987,0.4118,2.6305,28.14,3.14,55.6484,0.13581,55.76341,25,155.54,5,PASS,NORMAL
TST-000284,WFR-05,DIE-3943,EQP-105,STN-04,TT,1.2196,1.1995,45.9808,99.3488,12.5575,4.233,0.4474,2501.08,13.5469,0.9568,0.4293,0.8789,26.91,1.91,51.8663,0.12117,51.97153,25,152.5,3,FAIL,TIMING_FAILURE
TST-000285,WFR-06,DIE-4606,EQP-105,STN-02,FS,1.1847,1.1648,41.5797,124.5075,12.4091,4.2849,0.4301,2533.23,12.0442,0.8944,0.4139,2.8515,26.82,1.82,51.0318,0.1475,51.12559,25,147.14,4,PASS,NORMAL
TST-000286,WFR-07,DIE-0319,EQP-103,STN-03,TT,1.1805,1.164,45.8978,110.1482,13.1383,4.2168,0.4397,2460.38,12.7259,0.8539,0.445,2.6779,27.82,2.82,52.1025,0.13003,52.14022,25,154.37,4,PASS,NORMAL
TST-000287,WFR-08,DIE-1032,EQP-105,STN-01,SS,1.1893,1.1693,42.2177,123.6338,12.6874,4.0666,0.453,2398.55,13.4155,0.8377,0.4055,2.4235,25.71,0.71,51.5234,0.14704,51.61204,25,149.64,1,PASS,NORMAL
TST-000288,WFR-09,DIE-1745,EQP-102,STN-02,SF,1.2263,1.2052,45.4978,135.9449,12.5463,4.3853,0.4704,2483.43,12.2721,0.8427,0.4404,2.992,27.26,2.26,54.5307,0.16671,54.69206,25,149.62,3,PASS,NORMAL
TST-000289,WFR-10,DIE-2408,EQP-103,STN-04,SS,1.2086,1.1899,47.2777,127.6172,12.6995,4.1009,0.4819,2376.39,13.3288,0.8109,0.4248,2.6926,28.28,3.28,53.7678,0.15424,53.89383,25,151.81,3,PASS,NORMAL
TST-000290,WFR-11,DIE-3121,EQP-105,STN-01,FS,1.1879,1.1625,42.9933,122.8154,12.132,3.9261,0.4298,2539.27,12.3995,0.8251,0.4636,2.528,25.48,0.48,52.9795,0.14589,53.07813,25,143.36,1,PASS,NORMAL
TST-000291,WFR-12,DIE-3834,EQP-101,STN-02,SS,1.1989,1.1819,46.1578,159.4289,11.8618,4.2942,0.4723,2371.34,13.6771,0.8518,0.3992,2.3392,27.86,2.86,52.6221,0.19114,52.72719,25,155.85,1,PASS,NORMAL
TST-000292,WFR-13,DIE-4547,EQP-101,STN-01,FS,1.2212,1.2028,50.0201,224.9835,12.7979,4.0609,0.4536,2639.3,12.0624,0.8497,0.43,2.2434,31.22,6.22,62.1434,0.27475,62.47795,25,156.43,2,FAIL,HIGH_LEAKAGE
TST-000293,WFR-14,DIE-0210,EQP-103,STN-03,TT,1.1723,1.1516,41.3819,144.8822,11.3795,4.2168,0.4469,2369.24,12.789,0.8816,0.4335,3.2125,29.26,4.26,49.0334,0.16985,49.21841,25,147.84,5,PASS,NORMAL
TST-000294,WFR-15,DIE-0923,EQP-101,STN-01,SS,1.1953,1.1693,43.9006,113.9826,12.0391,4.13,0.4753,2348.31,13.165,0.805,0.4303,3.0635,27.15,2.15,48.9699,0.13624,49.10709,25,162.64,2,PASS,NORMAL
TST-000295,WFR-16,DIE-1636,EQP-102,STN-03,SS,1.1933,1.1757,48.3435,103.1267,13.1969,4.0703,0.4673,2306.27,13.3248,0.8729,0.3963,3.1463,27.41,2.41,50.1568,0.12306,50.29911,25,155.01,3,PASS,NORMAL
TST-000296,WFR-17,DIE-2349,EQP-102,STN-03,SF,1.1726,1.1589,44.9475,107.7114,12.2218,4.0675,0.4378,2417.25,13.0023,0.9138,0.4188,2.6316,27.26,2.26,52.0955,0.1263,52.21595,25,150,1,PASS,NORMAL
TST-000297,WFR-18,DIE-3012,EQP-101,STN-01,FF,1.1895,1.1653,48.4124,191.4462,12.1274,4.0001,0.4288,2617.8,11.1618,0.7881,0.4061,3.3301,31.61,6.61,52.9459,0.22773,53.14959,25,151.23,1,FAIL,HIGH_LEAKAGE
TST-000298,WFR-19,DIE-3725,EQP-101,STN-04,FF,1.1945,1.1074,45.4568,95.2625,13.4881,4.2921,0.4639,2562.02,12.2006,0.9039,0.4164,2.5082,28.67,3.67,51.6373,0.11379,51.87483,25,152.74,3,FAIL,EQUIPMENT_DRIFT
TST-000299,WFR-20,DIE-4438,EQP-101,STN-03,FS,1.2214,1.217,47.533,139.8236,12.7591,4.0094,0.463,2569.49,12.2131,0.8427,0.4059,2.5115,27.91,2.91,58.1291,0.17078,58.23624,25,152.51,4,PASS,NORMAL
TST-000300,WFR-01,DIE-0101,EQP-102,STN-02,SS,1.2182,1.1987,42.9164,139.0974,12.6059,4.2594,0.4486,2517.72,11.9564,0.8441,0.4285,3.0869,26.79,1.79,52.3091,0.16945,52.48269,25,146.88,4,PASS,NORMAL
TST-000301,WFR-02,DIE-0814,EQP-103,STN-01,SF,1.2023,1.1879,45.4826,152.82,12.5211,4.2498,0.4566,2454.56,13.1248,0.8978,0.3916,2.2736,27.5,2.5,60.8668,0.18374,61.0503,25,145.39,5,PASS,NORMAL
TST-000302,WFR-03,DIE-1527,EQP-101,STN-03,FS,1.206,1.1814,44.6998,139.3259,12.4461,4.032,0.4448,2581.22,12.1445,0.7996,0.405,2.5524,26.58,1.58,57.267,0.16803,57.34658,25,150.19,3,PASS,NORMAL
TST-000303,WFR-04,DIE-2240,EQP-102,STN-04,FS,1.2186,1.2006,47.2754,129.4551,11.9821,4.1522,0.4812,2510.09,12.5559,0.8341,0.4142,2.5457,28.33,3.33,55.4507,0.15775,55.68899,25,147.94,1,PASS,NORMAL
TST-000304,WFR-05,DIE-2903,EQP-105,STN-04,SF,1.2117,1.1888,44.6945,115.8267,11.9696,4.1821,0.4605,2594.28,12.3159,0.8984,0.406,2.2042,26.64,1.64,57.1889,0.14035,57.29513,25,152.47,1,PASS,NORMAL
TST-000305,WFR-06,DIE-3616,EQP-104,STN-04,FF,1.1863,1.1638,47.153,146.2439,12.1413,4.2486,0.4555,2590.66,11.7972,0.8535,0.4216,2.7894,27.58,2.58,51.7731,0.17349,51.89133,25,147.84,4,PASS,NORMAL
TST-000306,WFR-07,DIE-4329,EQP-104,STN-01,FS,1.223,1.2029,46.2601,155.805,12.431,4.2908,0.4404,2662.24,11.8508,0.8325,0.4413,2.3416,27.11,2.11,49.9245,0.19055,50.17636,25,151.46,2,PASS,NORMAL
TST-000307,WFR-08,DIE-5042,EQP-103,STN-03,SS,1.2006,1.1766,46.9255,107.7696,13.2075,4.1972,0.4834,2327.27,13.4258,0.8386,0.4213,2.9231,26.96,1.96,53.4526,0.12939,53.57591,25,144.28,3,PASS,NORMAL
TST-000308,WFR-09,DIE-0705,EQP-105,STN-03,FS,1.1991,1.1807,47.3935,145.7916,12.2581,4.1919,0.4351,2637.63,12.9929,0.8261,0.41,1.3461,27.7,2.7,54.146,0.17482,54.36868,25,152.98,4,PASS,NORMAL
TST-000309,WFR-10,DIE-1418,EQP-104,STN-03,FF,1.1797,1.1655,45.1057,133.9808,12.0097,4.1156,0.4478,2514.44,13.6276,0.9428,0.4062,0.8535,27.29,2.29,52.4473,0.15806,52.53942,25,146.04,1,FAIL,TIMING_FAILURE
TST-000310,WFR-11,DIE-2131,EQP-105,STN-02,FF,1.1959,1.1687,46.1231,98.7954,12.372,4.1087,0.4598,2616.8,11.7365,0.8217,0.4159,2.7276,26.76,1.76,50.8894,0.11815,50.96157,25,154.32,5,PASS,NORMAL
TST-000311,WFR-12,DIE-2844,EQP-105,STN-03,TT,1.2088,1.1885,42.366,146.4062,12.7567,4.0285,0.4511,2556.45,11.2706,0.8445,0.4445,3.5316,27.94,2.94,47.5085,0.17698,47.63145,25,148.66,4,PASS,NORMAL
TST-000312,WFR-13,DIE-3507,EQP-104,STN-03,SF,1.223,1.205,45.4385,123.061,12.1319,4.0728,0.4698,2498.87,13.1093,0.8922,0.423,2.0057,28.02,3.02,52.4834,0.1505,52.5731,25,146.73,4,PASS,NORMAL
TST-000313,WFR-14,DIE-4220,EQP-103,STN-04,SS,1.1836,1.1732,43.3846,159.4886,12.6165,4.0373,0.4794,2251.92,13.2527,0.7871,0.429,3.7228,28.23,3.23,56.6093,0.18877,56.85245,25,152.69,2,PASS,NORMAL
TST-000314,WFR-15,DIE-4933,EQP-101,STN-02,TT,1.2169,1.1938,49.5026,128.7077,12.1548,4.1991,0.4335,2655.78,11.4018,0.8844,0.4212,2.7753,27.39,2.39,55.0062,0.15662,55.0949,25,151.35,3,PASS,NORMAL
TST-000315,WFR-16,DIE-0646,EQP-101,STN-01,SS,1.2327,1.2037,46.8473,110.1868,12.2435,4.3389,0.476,2518.83,13.0773,0.8477,0.4156,1.9554,26.7,1.7,58.1774,0.13583,58.29551,25,145.11,5,PASS,NORMAL
TST-000316,WFR-17,DIE-1309,EQP-103,STN-04,FS,1.1953,1.1769,44.1685,115.7122,11.6576,4.3298,0.4337,2554.98,11.9759,0.8042,0.4249,2.8756,27.11,2.11,54.2787,0.13831,54.51479,25,150.41,5,PASS,NORMAL
TST-000317,WFR-18,DIE-2022,EQP-101,STN-03,FS,1.1748,1.1562,47.5889,119.3989,12.6945,4.0448,0.4282,2495.97,11.9876,0.8825,0.4159,3.1557,28.67,3.67,50.3566,0.14027,50.54228,25,153.53,5,PASS,NORMAL
TST-000318,WFR-19,DIE-2735,EQP-102,STN-04,FS,1.2027,1.1831,43.6477,133.5982,12.183,4.0267,0.4473,2546.96,12.4771,0.8148,0.4222,2.4131,29.04,4.04,51.5269,0.16068,51.63446,25,157.75,1,PASS,NORMAL
TST-000319,WFR-20,DIE-3448,EQP-101,STN-02,FS,1.2146,1.1927,46.9173,125.6121,12.9344,4.1262,0.4414,2589.24,11.5283,0.8145,0.4126,3.1057,26.75,1.75,57.7017,0.15257,57.80075,25,152.14,3,PASS,NORMAL
TST-000320,WFR-01,DIE-4111,EQP-103,STN-02,SF,1.2171,1.2032,45.4206,142.0071,12.7832,4.0439,0.4687,2558.99,12.3657,0.9026,0.4299,2.3629,27.42,2.42,58.1515,0.17284,58.32538,25,152.14,2,PASS,NORMAL
TST-000321,WFR-02,DIE-4824,EQP-103,STN-03,SS,1.1959,1.1747,45.3896,142.9442,12.2925,4.012,0.455,2165.99,17.9319,0.9926,0.4223,-1.779,28.81,3.81,50.8233,0.17095,51.03388,25,150.02,2,FAIL,TIMING_FAILURE
TST-000322,WFR-03,DIE-0537,EQP-101,STN-03,TT,1.1989,1.1836,44.9658,127.7924,12.941,4.2648,0.4493,2514.83,12.2499,0.8297,0.416,2.826,26.82,1.82,52.7182,0.15321,52.83476,25,148.2,4,PASS,NORMAL
TST-000323,WFR-04,DIE-1250,EQP-101,STN-04,TT,1.2259,1.1996,46.1997,152.3839,12.5917,4.2324,0.447,2672.79,11.8845,0.8508,0.4,2.2303,27.49,2.49,57.2723,0.18681,57.41495,25,145.13,4,PASS,NORMAL
TST-000324,WFR-05,DIE-1913,EQP-104,STN-04,FF,1.1811,1.1577,44.4121,144.8332,12.8255,4.3794,0.4603,2510.58,12.1258,0.8521,0.4275,2.9547,27.4,2.4,49.496,0.17106,49.61513,25,147.65,4,PASS,NORMAL
TST-000325,WFR-06,DIE-2626,EQP-103,STN-04,SF,1.2128,1.1847,44.7971,139.0773,12.0529,4.4564,0.4765,2368.32,12.8049,0.8415,0.4316,3.2432,27.69,2.69,56.3874,0.16867,56.42307,25,144.46,5,PASS,NORMAL
TST-000326,WFR-07,DIE-3339,EQP-102,STN-02,FS,1.2123,1.1967,44.0124,116.6957,12.4518,4.2889,0.4293,2586.07,11.9308,0.8564,0.4083,2.6803,27.71,2.71,51.2147,0.14147,51.37953,25,144.94,1,PASS,NORMAL
TST-000327,WFR-08,DIE-4002,EQP-104,STN-03,SS,1.2228,1.1987,48.0467,113.2356,12.2166,4.0661,0.4501,2489.14,12.6915,0.8278,0.4198,2.5505,28.68,3.68,52.6749,0.13846,52.82675,25,150.51,4,PASS,NORMAL
TST-000328,WFR-09,DIE-4715,EQP-105,STN-04,FF,1.2084,1.1929,46.3395,152.1529,12.6509,4.2689,0.4289,2795.18,10.9432,0.867,0.3993,2.5001,28.96,3.96,55.7627,0.18386,55.8623,25,151.37,5,PASS,NORMAL
TST-000329,WFR-10,DIE-0428,EQP-105,STN-03,SS,1.2031,1.1798,44.1913,135.5672,12.4687,4.0712,0.4567,2334.55,13.1849,0.8361,0.4273,3.1129,26.81,1.81,54.5835,0.1631,54.77237,25,147.25,2,PASS,NORMAL
TST-000330,WFR-11,DIE-1141,EQP-103,STN-01,SS,1.2075,1.1824,48.7263,116.7066,12.4175,4.1639,0.474,2294.35,13.3325,0.868,0.4326,3.2336,27.91,2.91,58.3949,0.14092,58.49528,25,146.98,5,PASS,NORMAL
TST-000331,WFR-12,DIE-1804,EQP-103,STN-03,TT,1.2061,1.1874,44.0106,128.1531,12.7889,4.2265,0.4401,2585.81,12.6199,0.7877,0.4149,2.0614,27.9,2.9,55.925,0.15457,56.14709,25,144.88,3,PASS,NORMAL
TST-000332,WFR-13,DIE-2517,EQP-101,STN-01,TT,1.1857,1.1657,47.0789,153.0927,12.2296,4.0506,0.4468,2504.49,11.9349,0.8772,0.4311,3.1592,26.65,1.65,54.682,0.18152,54.8893,25,155.28,4,PASS,NORMAL
TST-000333,WFR-14,DIE-3230,EQP-105,STN-03,FS,1.1952,1.1805,45.0206,153.9863,13.0556,4.2037,0.4672,2414.02,12.9195,0.8834,0.416,2.767,28.11,3.11,54.1662,0.18404,54.25162,25,154.06,2,PASS,NORMAL
TST-000334,WFR-15,DIE-3943,EQP-102,STN-01,FF,1.1978,1.1842,43.1606,155.251,12.0352,4.1928,0.4543,2594.85,11.9047,0.8418,0.4347,2.6686,26.77,1.77,52.8944,0.18596,53.10163,25,153,1,PASS,NORMAL
TST-000335,WFR-16,DIE-4606,EQP-105,STN-03,TT,1.1914,1.1746,45.4273,144.8709,11.9262,4.0764,0.4343,2518.06,12.29,0.8738,0.4375,2.7214,27.41,2.41,55.9399,0.1726,56.09709,25,147.83,2,PASS,NORMAL
TST-000336,WFR-17,DIE-0319,EQP-104,STN-01,FS,1.1883,1.1714,43.0217,127.5954,12.1718,4.2919,0.4435,2533.53,12.8526,0.8417,0.4215,2.0939,26.93,1.93,47.2305,0.15162,47.45865,25,151.97,1,PASS,NORMAL
TST-000337,WFR-18,DIE-1032,EQP-101,STN-04,SF,1.2101,1.1927,45.3447,134.5644,12.9731,4.3072,0.4549,2474.54,12.624,0.8697,0.4263,2.6709,28.04,3.04,56.2579,0.16284,56.39877,25,145.07,1,PASS,NORMAL
TST-000338,WFR-19,DIE-1745,EQP-102,STN-01,FF,1.2043,1.182,44.7598,156.5093,13.2473,4.413,0.4635,2567.06,12.6703,0.8588,0.4125,2.0529,27.1,2.1,51.3065,0.18848,51.43938,25,149.52,2,FAIL,PROCESS_VARIATION
TST-000339,WFR-20,DIE-2408,EQP-102,STN-04,SF,1.1816,1.1547,40.6068,123.7794,12.9964,4.2255,0.457,2478.16,13.3592,0.8743,0.4325,1.9075,26.8,1.8,57.1766,0.14626,57.33293,25,151.24,2,PASS,NORMAL
TST-000340,WFR-01,DIE-3121,EQP-102,STN-02,FF,1.209,1.1868,45.7875,89.2666,12.4765,4.1726,0.4594,2635.8,11.9,0.8373,0.4241,2.4384,27.08,2.08,53.0365,0.10792,53.17753,25,149.32,5,PASS,NORMAL
TST-000341,WFR-02,DIE-3834,EQP-105,STN-04,FF,1.2178,1.2026,45.737,125.5953,13.0091,4.1796,0.4588,2658.32,11.4556,0.8564,0.4167,2.7351,25.75,0.75,51.899,0.15295,52.06232,25,149.89,3,PASS,NORMAL
TST-000342,WFR-03,DIE-4547,EQP-104,STN-04,FS,1.2004,1.1855,47.9557,92.9087,12.3581,4.3628,0.4543,2459.7,12.5936,0.8342,0.4335,2.8343,42.71,17.71,56.663,0.11153,56.83261,25,149.26,2,FAIL,THERMAL_ANOMALY
TST-000343,WFR-04,DIE-0210,EQP-105,STN-01,SF,1.2104,1.1881,47.761,129.5439,12.7507,4.1382,0.4568,2591.83,12.3479,0.8374,0.4255,2.2478,26.53,1.53,54.8945,0.1568,54.99674,25,152.01,3,PASS,NORMAL
TST-000344,WFR-05,DIE-0923,EQP-104,STN-03,TT,1.1766,1.1519,44.7863,152.4123,13.095,4.1196,0.4452,2427.68,12.5425,0.8215,0.3998,3.1126,27.94,2.94,51.3202,0.17933,51.48559,25,149.75,1,PASS,NORMAL
TST-000345,WFR-06,DIE-1636,EQP-104,STN-03,FF,1.1963,1.1795,45.613,141.2624,12.6468,4.328,0.4414,2794.34,12.016,0.8489,0.4276,1.4498,27.72,2.72,58.1184,0.16899,58.24173,25,152.81,5,PASS,NORMAL
TST-000346,WFR-07,DIE-2349,EQP-102,STN-03,SS,1.2247,1.1954,47.287,88.5857,12.8075,4.066,0.4692,2410.27,11.5405,0.8624,0.404,4.1928,28.41,3.41,58.2449,0.10849,58.38268,25,150.29,3,PASS,NORMAL
TST-000347,WFR-08,DIE-3012,EQP-101,STN-03,TT,1.1962,1.1702,45.9342,101.9916,13.0058,3.8755,0.4453,2535.56,12.3385,0.8468,0.4332,2.5903,25.81,0.81,57.721,0.122,57.8946,25,151.95,3,PASS,NORMAL
TST-000348,WFR-09,DIE-3725,EQP-101,STN-01,SS,1.1968,1.18,46.6781,138.1972,12.2594,4.2086,0.4581,2383.85,13.4025,0.8514,0.4392,2.5257,27.43,2.43,51.5317,0.16539,51.63447,25,149.78,4,PASS,NORMAL
TST-000349,WFR-10,DIE-4438,EQP-101,STN-01,TT,1.1899,1.168,45.9977,133.2099,12.638,4.0822,0.4437,2499.3,11.5299,0.8828,0.4405,3.5918,28.69,3.69,54.0309,0.15851,54.22195,25,143,4,PASS,NORMAL
TST-000350,WFR-11,DIE-0101,EQP-103,STN-04,SS,1.1903,1.1632,43.9529,164.6446,12.2168,3.9561,0.4831,2236.58,13.8504,0.8545,0.4328,3.1795,27.62,2.62,54.4972,0.19598,54.63562,25,151.98,2,PASS,NORMAL
TST-000351,WFR-12,DIE-0814,EQP-101,STN-02,FS,1.1921,1.0933,49.8971,121.8549,13.3546,4.1768,0.4622,2401.63,12.9688,0.8509,0.4144,2.8357,26.91,1.91,52.5332,0.14526,52.72698,25,154.7,5,FAIL,EQUIPMENT_DRIFT
TST-000352,WFR-13,DIE-1527,EQP-103,STN-03,SS,1.1931,1.1674,45.3036,138.0103,12.8338,4.2364,0.4651,2294.37,13.3521,0.8073,0.453,3.2746,27.82,2.82,55.9814,0.16466,56.12651,25,159.03,4,PASS,NORMAL
TST-000353,WFR-14,DIE-2240,EQP-102,STN-04,SS,1.0565,1.0446,42.5521,112.6639,12.2865,4.0729,0.4765,2123.88,14.5165,0.8494,0.4288,3.4676,27.91,2.91,50.272,0.11903,50.35328,25,150.37,4,FAIL,LOW_VOLTAGE
TST-000354,WFR-15,DIE-2903,EQP-105,STN-02,TT,1.1975,1.1745,44.3343,94.8609,11.1627,4.2681,0.4795,2387.51,12.7314,0.874,0.4253,3.1485,25.58,0.58,54.9919,0.1136,55.11116,25,155.05,4,PASS,NORMAL
TST-000355,WFR-16,DIE-3616,EQP-105,STN-03,TT,1.2017,1.1794,42.8285,141.278,12.2595,4.1931,0.4398,2540.55,12.4362,0.8451,0.4364,2.4633,27.54,2.54,57.6644,0.16977,57.86968,25,153.57,2,PASS,NORMAL
TST-000356,WFR-17,DIE-4329,EQP-105,STN-03,SF,1.1837,1.1612,44.5095,129.0253,12.3476,4.2652,0.4556,2432.14,12.2794,0.8474,0.4235,3.3196,27.38,2.38,51.9899,0.15273,52.14864,25,152.95,4,PASS,NORMAL
TST-000357,WFR-18,DIE-5042,EQP-101,STN-04,FF,1.2143,1.1948,42.5906,135.0948,12.9092,4.1584,0.4596,2654.81,12.2094,0.8336,0.4123,2.024,28.15,3.15,58.5494,0.16405,58.67835,25,148.66,1,PASS,NORMAL
TST-000358,WFR-19,DIE-0705,EQP-101,STN-04,FS,1.2013,1.1872,45.229,117.7472,12.2203,3.949,0.445,2549.34,12.2996,0.8332,0.3988,2.5575,28.27,3.27,53.5896,0.14145,53.72251,25,153.63,1,PASS,NORMAL
TST-000359,WFR-20,DIE-1418,EQP-101,STN-03,FS,1.2014,1.1889,45.0828,125.4008,12.9782,4.2507,0.46,2457.06,12.6538,0.8894,0.4384,2.7364,27.21,2.21,54.4822,0.15066,54.66427,25,155.91,4,PASS,NORMAL
TST-000360,WFR-01,DIE-2131,EQP-103,STN-02,FF,1.2048,1.1875,45.9523,155.8948,12.6839,4.1481,0.439,2691.42,11.453,0.8373,0.3858,2.5717,28.44,3.44,55.2069,0.18782,55.46701,25,148.52,4,PASS,NORMAL
TST-000361,WFR-02,DIE-2844,EQP-102,STN-01,TT,1.2113,1.1926,42.5722,135.4762,13.0525,4.1351,0.4521,2507.17,12.885,0.8419,0.4044,2.2273,26.5,1.5,55.8952,0.1641,56.06655,25,148.16,2,PASS,NORMAL
TST-000362,WFR-03,DIE-3507,EQP-104,STN-04,FF,1.187,1.17,43.7583,139.9311,12.1896,4.272,0.4351,2647.93,11.4985,0.8955,0.4224,2.7121,27.17,2.17,55.574,0.1661,55.81251,25,152.19,5,PASS,NORMAL
TST-000363,WFR-04,DIE-4220,EQP-101,STN-04,SS,1.1777,1.1581,44.541,160.2329,12.7538,4.2267,0.4685,2234.45,13.2713,0.8438,0.4275,3.7864,27.22,2.22,49.6322,0.18871,49.81244,25,152.36,3,PASS,NORMAL
TST-000364,WFR-05,DIE-4933,EQP-102,STN-04,SS,1.201,1.1868,42.6696,159.0064,13.1663,4.3194,0.4732,2330.59,12.8997,0.8543,0.4117,3.409,27.76,2.76,58.7845,0.19097,58.95829,25,149.33,1,PASS,NORMAL
TST-000365,WFR-06,DIE-0646,EQP-101,STN-03,TT,1.2089,1.1993,46.8484,160.9893,11.0884,4.2381,0.4658,2508.17,12.7076,0.8503,0.4054,2.39,26.73,1.73,54.451,0.19462,54.63281,25,147.75,4,PASS,NORMAL
TST-000366,WFR-07,DIE-1309,EQP-102,STN-04,TT,1.2165,1.1966,47.789,140.5029,12.274,4.1083,0.4554,2567.73,12.3224,0.8687,0.4538,2.3869,27.95,2.95,57.852,0.17092,57.95934,25,150.99,2,PASS,NORMAL
TST-000367,WFR-08,DIE-2022,EQP-105,STN-02,TT,1.1919,1.1701,43.2372,141.7772,11.5937,4.2532,0.4509,2472.99,12.2839,0.861,0.4133,3.0299,27.41,2.41,52.1407,0.16898,52.33557,25,146.28,3,PASS,NORMAL
TST-000368,WFR-09,DIE-2735,EQP-101,STN-03,FS,1.1959,1.1765,44.8443,144.6314,12.7333,4.2214,0.4479,2546.49,12.2255,0.8325,0.4496,2.6499,26.99,1.99,52.8583,0.17296,53.08032,25,145.47,2,PASS,NORMAL
TST-000369,WFR-10,DIE-3448,EQP-101,STN-02,TT,1.2073,1.1806,44.7423,113.3648,12.9366,4.1941,0.4383,2531.38,12.2171,0.8075,0.4114,2.7771,27.11,2.11,52.3477,0.13687,52.51152,25,154.26,2,PASS,NORMAL
TST-000370,WFR-11,DIE-4111,EQP-105,STN-01,FF,1.2025,1.1862,48.6888,133.5578,12.8175,4.2947,0.4571,2676.02,11.8996,0.899,0.4208,2.149,27.06,2.06,53.189,0.1606,53.33964,25,151.71,1,PASS,NORMAL
TST-000371,WFR-12,DIE-4824,EQP-105,STN-03,SS,1.1948,1.1763,45.3777,110.0979,12.2216,4.2519,0.4501,2435.64,12.4293,0.8844,0.4028,3.1091,27.45,2.45,54.1868,0.13154,54.33416,25,143.05,5,PASS,NORMAL
TST-000372,WFR-13,DIE-0537,EQP-101,STN-01,SS,1.1886,1.1627,42.7343,139.7568,12.2996,4.1021,0.4601,2341.24,13.2755,0.9116,0.4033,2.8979,28.34,3.34,55.061,0.16611,55.22461,25,155.29,4,PASS,NORMAL
TST-000373,WFR-14,DIE-1250,EQP-105,STN-01,SS,1.2208,1.1982,46.1625,114.8312,12.4274,4.0949,0.4732,2345.53,13.1034,0.8458,0.4227,3.1045,27.58,2.58,55.6951,0.14019,55.79188,25,153.49,5,PASS,NORMAL
TST-000374,WFR-15,DIE-1913,EQP-101,STN-04,SF,1.2233,1.2005,45.3733,133.5088,12.7876,4.3898,0.4701,2275.98,18.5017,1.0918,0.4404,-4.0018,26.72,1.72,60.2194,0.16332,60.43585,25,148.53,4,FAIL,TIMING_FAILURE
TST-000375,WFR-16,DIE-2626,EQP-101,STN-04,SF,1.1938,1.1667,44.342,155.0379,12.4766,3.9571,0.4429,2505.06,12.464,0.8594,0.4232,2.6443,28.21,3.21,56.3755,0.18508,56.5652,25,149.63,5,PASS,NORMAL
TST-000376,WFR-17,DIE-3339,EQP-102,STN-04,FF,1.205,1.1855,43.5611,167.5317,13.0307,4.2433,0.4484,2647.59,11.1214,0.8655,0.4159,3.1212,27.4,2.4,57.9675,0.20188,58.21053,25,144.79,5,PASS,NORMAL
TST-000377,WFR-18,DIE-4002,EQP-102,STN-03,TT,1.189,1.1627,43.2198,101.0484,12.4991,4.1246,0.4628,2399.48,12.7641,0.869,0.4443,3.0372,26.69,1.69,50.3543,0.12015,50.39313,25,146.8,2,PASS,NORMAL
TST-000378,WFR-19,DIE-4715,EQP-103,STN-01,SF,1.2067,1.191,53.2129,62.6535,12.0517,3.9955,0.4463,2589.82,12.7242,0.9095,0.4205,1.8114,41.88,16.88,56.3112,0.0756,56.44382,25,143.51,4,FAIL,THERMAL_ANOMALY
TST-000379,WFR-20,DIE-0428,EQP-102,STN-01,SS,1.198,1.1789,44.8026,121.6522,12.3131,4.1453,0.4716,2312.9,13.3996,0.8848,0.4246,3.0099,26.71,1.71,53.8556,0.14574,53.96108,25,153.76,3,PASS,NORMAL
TST-000380,WFR-01,DIE-1141,EQP-102,STN-04,FS,1.1932,1.1726,45.0045,132.3514,12.5301,4.3545,0.4559,2410.06,12.6787,0.8478,0.3851,3.0706,26.89,1.89,54.3233,0.15792,54.49983,25,152.09,1,PASS,NORMAL
TST-000381,WFR-02,DIE-1804,EQP-105,STN-02,TT,1.1983,1.1703,45.4966,126.7216,12.4398,4.2102,0.4409,2561.49,11.8025,0.8793,0.4148,2.9341,27.52,2.52,50.8468,0.15185,50.95629,25,146.01,2,PASS,NORMAL
TST-000382,WFR-03,DIE-2517,EQP-103,STN-04,FS,1.196,1.1757,44.1496,129.7887,13.3964,4.2286,0.4216,2601.92,11.6794,0.8922,0.4061,2.8017,27.25,2.25,52.4727,0.15523,52.65139,25,151.92,3,PASS,NORMAL
TST-000383,WFR-04,DIE-3230,EQP-104,STN-03,SF,1.215,1.198,45.3398,127.9927,12.4154,4.1539,0.4639,2519.44,12.3203,0.8567,0.4238,2.6995,28.19,3.19,49.3125,0.15551,49.50815,25,147.64,5,PASS,NORMAL
TST-000384,WFR-05,DIE-3943,EQP-104,STN-01,SF,1.1993,1.183,45.6258,129.7695,12.7857,4.1568,0.4433,2514.75,11.7957,0.8521,0.4306,3.2584,28.44,3.44,56.6395,0.15563,56.82484,25,150.47,4,PASS,NORMAL
TST-000385,WFR-06,DIE-4606,EQP-105,STN-01,SF,1.207,1.1827,43.8567,147.7971,12.4256,4.1648,0.4497,2579.27,12.4407,0.8644,0.4053,2.2032,26.89,1.89,51.2126,0.17839,51.34662,25,150.71,3,PASS,NORMAL
TST-000386,WFR-07,DIE-0319,EQP-104,STN-02,SF,1.1971,1.1724,43.8424,125.0358,12.7453,4.2053,0.4564,2523.66,12.7568,0.8054,0.4213,2.2878,28.05,3.05,57.9714,0.14968,58.18427,25,148.91,2,PASS,NORMAL
TST-000387,WFR-08,DIE-1032,EQP-103,STN-02,SS,1.2263,1.2107,47.2243,150.5455,12.3105,4.1278,0.4734,2417.79,13.3283,0.8846,0.4097,2.3311,27.32,2.32,58.1681,0.18461,58.34556,25,143.5,4,PASS,NORMAL
TST-000388,WFR-09,DIE-1745,EQP-103,STN-03,TT,1.1829,1.1642,47.7632,126.7789,12.4484,4.2484,0.4499,2399.64,12.459,0.8636,0.3988,3.3466,27.2,2.2,55.633,0.14997,55.88522,25,139.46,3,PASS,NORMAL
TST-000389,WFR-10,DIE-2408,EQP-104,STN-03,FS,1.2184,1.2147,47.267,121.8571,12.3768,4.2925,0.43,2655.58,12.2646,0.8677,0.43,1.9303,28.09,3.09,53.9328,0.14847,54.02266,25,150.21,1,PASS,NORMAL
TST-000390,WFR-11,DIE-3121,EQP-105,STN-02,FS,1.19,1.1632,46.6951,119.8468,13.0422,4.2691,0.4709,2356.52,13.1231,0.8416,0.4189,3.0095,27.37,2.37,52.3938,0.14262,52.5986,25,150.03,1,PASS,NORMAL
TST-000391,WFR-12,DIE-3834,EQP-101,STN-02,FS,1.1833,1.1685,46.2313,113.8151,12.5108,4.2092,0.4443,2501.49,12.8961,0.876,0.4143,2.2184,26.61,1.61,52.7348,0.13468,52.86875,25,149.54,5,PASS,NORMAL
TST-000392,WFR-13,DIE-4547,EQP-101,STN-02,TT,1.1975,1.1797,43.3643,142.4847,12.9377,4.1241,0.4607,2477.16,12.3729,0.8721,0.4057,2.9025,27.12,2.12,57.2495,0.17063,57.43096,25,142.39,2,PASS,NORMAL
TST-000393,WFR-14,DIE-0210,EQP-101,STN-02,FF,1.1844,1.1656,42.351,157.013,12.4483,4.3182,0.4364,2674.57,11.5878,0.8662,0.4392,2.5017,26.34,1.34,52.6345,0.18597,52.76231,25,154.32,1,PASS,NORMAL
TST-000394,WFR-15,DIE-0923,EQP-102,STN-01,FF,1.1925,1.1754,42.8778,152.9169,12.2838,4.3842,0.4502,2611.57,11.8379,0.8702,0.4289,2.6084,27.76,2.76,57.5054,0.18235,57.62373,25,153.11,2,PASS,NORMAL
TST-000395,WFR-16,DIE-1636,EQP-105,STN-02,SF,1.1825,1.1562,44.4998,132.229,11.8144,4.2528,0.4585,2360.64,13.3784,0.8959,0.4349,2.6703,29.18,4.18,47.6024,0.15636,47.67519,25,149.33,1,PASS,NORMAL
TST-000396,WFR-17,DIE-2349,EQP-105,STN-02,FS,1.1543,1.1377,44.3725,136.4811,12.0057,4.1903,0.4645,2203.18,13.8089,0.8244,0.3888,3.5223,27.17,2.17,49.1337,0.15754,49.31226,25,145.26,3,PASS,NORMAL
TST-000397,WFR-18,DIE-3012,EQP-105,STN-03,FS,1.2211,1.1981,45.665,122.9673,12.6975,4.1826,0.4688,2563.86,11.9627,0.8905,0.4289,2.7483,27.28,2.28,57.9606,0.15016,58.10884,25,150.31,2,PASS,NORMAL
TST-000398,WFR-19,DIE-3725,EQP-103,STN-04,FF,1.1847,1.17,44.607,169.0016,12.1781,4.2739,0.4167,2706.68,11.149,0.8899,0.4359,2.7394,28.6,3.6,51.8607,0.20022,52.12125,25,145.59,4,PASS,NORMAL
TST-000399,WFR-20,DIE-4438,EQP-101,STN-03,SF,1.1838,1.1679,43.3004,143.3767,12.809,3.825,0.4883,2292.09,13.4198,0.8587,0.3944,3.1728,28.62,3.62,52.1405,0.16973,52.22688,25,155.5,2,PASS,NORMAL
TST-000400,WFR-01,DIE-0101,EQP-102,STN-02,SS,1.23,1.2056,47.3495,137.4853,13.2023,4.3023,0.4634,2498.83,12.5926,0.8641,0.408,2.5508,28.89,3.89,61.5435,0.16911,61.68932,25,148.94,3,PASS,NORMAL
TST-000401,WFR-02,DIE-0814,EQP-101,STN-04,FF,1.2167,1.1869,46.8084,138.9329,12.9746,4.1276,0.4562,2637.47,11.9091,0.8683,0.4041,2.3886,26.45,1.45,53.3526,0.16904,53.45774,25,147.68,5,PASS,NORMAL
TST-000402,WFR-03,DIE-1527,EQP-104,STN-04,FS,1.1913,1.1729,44.5066,130.2417,12.5608,3.9393,0.4439,2420.21,12.6224,0.8509,0.4272,3.0542,25.77,0.77,51.4094,0.15516,51.65102,25,147.69,2,PASS,NORMAL
TST-000403,WFR-04,DIE-2240,EQP-101,STN-03,SS,1.2045,1.1828,43.0406,109.6557,12.0291,4.1757,0.4632,2354.84,13.1474,0.8298,0.4168,3.0091,27.68,2.68,52.4987,0.13208,52.66659,25,145.65,1,PASS,NORMAL
TST-000404,WFR-05,DIE-2903,EQP-104,STN-04,SS,1.2112,1.1831,44.9536,128.7153,12.4507,4.158,0.4832,2336.7,13.5729,0.8791,0.4304,2.6662,26.97,1.97,52.0192,0.1559,52.11162,25,154.89,1,PASS,NORMAL
TST-000405,WFR-06,DIE-3616,EQP-104,STN-02,SF,1.216,1.1914,44.9648,129.1484,12.3228,4.2472,0.4415,2523.59,11.8693,0.8495,0.3943,3.1316,28.52,3.52,57.2643,0.15704,57.3683,25,149.67,4,PASS,NORMAL
TST-000406,WFR-07,DIE-4329,EQP-103,STN-03,FS,1.1922,1.1746,45.7305,146.9078,12.3861,4.1108,0.4166,2642.34,12.1033,0.8494,0.4117,2.1854,27.96,2.96,53.7433,0.17514,53.93356,25,150.98,5,PASS,NORMAL
TST-000407,WFR-08,DIE-5042,EQP-104,STN-03,FF,1.1953,1.1762,44.0037,125.0136,11.9875,4.1899,0.4484,2620.86,12.0247,0.8401,0.4124,2.3974,28.71,3.71,55.5094,0.14943,55.63175,25,153.79,5,PASS,NORMAL
TST-000408,WFR-09,DIE-0705,EQP-104,STN-04,FS,1.2025,1.1806,45.7887,133.7895,12.9129,4.2693,0.4561,2469.81,12.8374,0.8632,0.4248,2.495,27.22,2.22,52.5507,0.16088,52.65899,25,147.59,2,PASS,NORMAL
TST-000409,WFR-10,DIE-1418,EQP-105,STN-04,FS,1.1987,1.1773,45.8137,129.0222,11.9779,4.1659,0.4534,2486.26,12.6469,0.8789,0.4184,2.5626,27.3,2.3,51.2413,0.15466,51.49533,25,154.2,2,PASS,NORMAL
TST-000410,WFR-11,DIE-2131,EQP-101,STN-04,SF,1.2064,1.1884,44.9955,136.1809,12.3539,4.3588,0.4484,2507.86,12.257,0.9019,0.4085,2.791,27.72,2.72,56.6835,0.16429,56.77795,25,148.38,2,PASS,NORMAL
TST-000411,WFR-12,DIE-2844,EQP-104,STN-03,SS,1.2004,1.1841,43.928,154.8966,12.4895,4.2615,0.4915,2282.17,13.6488,0.8186,0.4201,3.0598,27.76,2.76,56.4734,0.18594,56.67728,25,149.3,4,PASS,NORMAL
TST-000412,WFR-13,DIE-3507,EQP-101,STN-02,SF,1.1899,1.173,43.5147,116.1627,13.0284,4.1588,0.4484,2492.34,12.9226,0.8246,0.4197,2.302,27.42,2.42,51.1547,0.13822,51.18269,25,147.3,5,PASS,NORMAL
TST-000413,WFR-14,DIE-4220,EQP-102,STN-03,FS,1.2151,1.196,45.686,96.4357,12.6799,4.2731,0.4125,2674.85,11.8359,0.9283,0.4262,2.1899,28.85,3.85,61.1235,0.11718,61.20702,25,145.93,1,PASS,NORMAL
TST-000414,WFR-15,DIE-4933,EQP-105,STN-01,SS,1.2144,1.198,45.2592,139.7331,12.6963,4.1162,0.4584,2442.07,12.6567,0.8975,0.4038,2.8253,27.58,2.58,58.4664,0.16969,58.60314,25,144.32,4,PASS,NORMAL
TST-000415,WFR-16,DIE-0646,EQP-104,STN-03,SS,1.2244,1.2037,44.712,127.6971,12.398,4.0328,0.4969,2322.15,13.5427,0.8563,0.3974,2.8264,27.81,2.81,57.5724,0.15635,57.71579,25,148.92,3,PASS,NORMAL
TST-000416,WFR-17,DIE-1309,EQP-102,STN-04,FF,1.1822,1.1711,44.5324,157.5013,12.1184,4.1653,0.4485,2491.45,11.4826,0.8747,0.3989,3.6976,27.07,2.07,53.7509,0.1862,53.87134,25,149.14,3,PASS,NORMAL
TST-000417,WFR-18,DIE-2022,EQP-102,STN-03,SS,1.1945,1.1858,44.3649,139.4936,12.9634,4.0792,0.4789,2253.97,13.9485,0.8814,0.4045,2.9166,25.79,0.79,56.1106,0.16663,56.26087,25,150.28,1,PASS,NORMAL
TST-000418,WFR-19,DIE-2735,EQP-104,STN-02,SS,1.199,1.1738,44.5359,113.8562,13.5926,4.6325,0.509,2143.55,13.339,0.8376,0.4228,4.484,27.52,2.52,52.5547,0.13651,52.72317,25,157.03,3,FAIL,PROCESS_VARIATION
TST-000419,WFR-20,DIE-3448,EQP-104,STN-04,TT,1.1966,1.1713,46.8903,169.9414,12.0697,4.2337,0.4534,2423.28,12.7977,0.848,0.4026,2.8609,28.61,3.61,53.3942,0.20335,53.64431,25,159.43,2,PASS,NORMAL
TST-000420,WFR-01,DIE-4111,EQP-103,STN-01,TT,1.1972,1.1803,43.6758,145.65,12.0016,4.1518,0.4387,2598.09,12.3841,0.8666,0.4255,2.1452,27.77,2.77,54.5131,0.17437,54.67734,25,146.08,1,PASS,NORMAL
TST-000421,WFR-02,DIE-4824,EQP-103,STN-04,FF,1.1939,1.1674,47.5555,171.0717,11.8311,4.3041,0.4575,2636.71,11.816,0.8337,0.4225,2.5207,27.25,2.25,54.1848,0.20424,54.42288,25,149.42,5,PASS,NORMAL
TST-000422,WFR-03,DIE-0537,EQP-102,STN-02,FF,1.2052,1.1818,46.8855,117.7013,11.5981,4.2194,0.4557,2686.24,11.1785,0.885,0.4302,2.8272,44.54,19.54,55.2899,0.14185,55.414,25,143.34,5,FAIL,THERMAL_ANOMALY
TST-000423,WFR-04,DIE-1250,EQP-103,STN-04,FF,1.1941,1.1772,45.7549,121.0541,14.1998,4.7151,0.4978,2420.32,12.7299,0.811,0.4622,2.9858,26.12,1.12,55.6679,0.14455,55.7311,25,153.9,4,FAIL,PROCESS_VARIATION
TST-000424,WFR-05,DIE-1913,EQP-101,STN-02,SF,1.2283,1.2102,44.5899,146.8797,12.7115,4.2901,0.4473,2377.43,15.7416,1.0226,0.413,-1.3136,27.32,2.32,56.2937,0.18041,56.51833,25,148.67,4,FAIL,TIMING_FAILURE
TST-000425,WFR-06,DIE-2626,EQP-105,STN-04,SF,1.1857,1.1601,43.4161,134.806,12.9081,4.3178,0.4375,2426.83,12.5399,0.9023,0.4498,3.0402,27.92,2.92,54.1622,0.15984,54.36846,25,155.61,4,PASS,NORMAL
TST-000426,WFR-07,DIE-3339,EQP-102,STN-01,SF,1.1844,1.1645,43.109,120.5237,12.481,4.0931,0.4414,2521.04,12.7264,0.8264,0.4427,2.3137,27.42,2.42,50.2147,0.14275,50.38035,25,148.64,1,PASS,NORMAL
TST-000427,WFR-08,DIE-4002,EQP-103,STN-03,SF,1.1989,1.1773,44.3274,99.1029,12.4776,4.1588,0.4629,2454.23,12.9244,0.8657,0.4182,2.5083,27.23,2.23,53.3521,0.11881,53.5506,25,146.49,4,PASS,NORMAL
TST-000428,WFR-09,DIE-4715,EQP-101,STN-03,SF,1.2175,1.1888,44.06,120.5713,12.1358,4.2096,0.4691,2504.7,12.4209,0.8448,0.4335,2.7043,27.25,2.25,56.8931,0.1468,57.10729,25,155.32,4,PASS,NORMAL
TST-000429,WFR-10,DIE-0428,EQP-104,STN-02,SF,1.2036,1.1831,44.4072,127.2439,12.3878,4.2326,0.4389,2608.89,12.5323,0.828,0.3969,1.9719,26.11,1.11,55.1081,0.15315,55.1818,25,148.7,5,PASS,NORMAL
TST-000430,WFR-11,DIE-1141,EQP-101,STN-01,FS,1.2197,1.2037,45.9447,106.3167,12.7828,4.3792,0.4659,2575.94,11.663,0.8678,0.4419,2.9975,26.57,1.57,54.0971,0.12967,54.25581,25,146.66,1,PASS,NORMAL
TST-000431,WFR-12,DIE-1804,EQP-101,STN-03,SS,1.2174,1.2031,45.6027,133.4177,12.2265,4.1868,0.4455,2494.56,12.403,0.8514,0.4431,2.7805,28.24,3.24,55.6115,0.16242,55.80722,25,144.95,5,PASS,NORMAL
TST-000432,WFR-13,DIE-2517,EQP-101,STN-01,SF,1.2049,1.1827,45.8617,118.5939,12.2066,4.3758,0.4328,2598.88,11.8529,0.8683,0.462,2.67,27.78,2.78,51.7598,0.14289,51.96815,25,150.15,1,PASS,NORMAL
TST-000433,WFR-14,DIE-3230,EQP-101,STN-02,FF,1.2009,1.1734,44.1712,146.2397,12.565,4.0093,0.4624,2434.84,14.198,1.0386,0.4403,-0.0332,27.69,2.69,53.5809,0.17562,53.74237,25,150.23,1,FAIL,TIMING_FAILURE
TST-000434,WFR-15,DIE-3943,EQP-105,STN-01,FS,1.1937,1.1758,45.8974,90.6829,12.7938,4.0366,0.4453,2504.84,13.0147,0.8304,0.3978,2.124,26.9,1.9,53.878,0.10825,53.95258,25,146.15,4,PASS,NORMAL
TST-000435,WFR-16,DIE-4606,EQP-104,STN-04,TT,1.206,1.183,45.4599,121.4296,12.8584,4.2997,0.4704,2462.1,13.1646,0.8121,0.4076,2.2696,27.39,2.39,56.7973,0.14644,56.93001,25,149.16,2,PASS,NORMAL
TST-000436,WFR-17,DIE-0319,EQP-102,STN-02,SF,1.1789,1.1576,42.6446,149.0815,12.7826,4.256,0.4558,2292.11,13.8856,0.8552,0.4295,2.7104,28.05,3.05,53.1367,0.17575,53.27781,25,150.96,4,PASS,NORMAL
TST-000437,WFR-18,DIE-1032,EQP-103,STN-04,FS,1.2192,1.201,43.6075,151.327,12.7842,4.2756,0.4615,2467.79,12.3234,0.9216,0.4392,2.9638,27.86,2.86,60.2881,0.1845,60.5319,25,151.06,5,PASS,NORMAL
TST-000438,WFR-19,DIE-1745,EQP-104,STN-01,SS,1.1988,1.1821,48.2454,117.0942,12.8504,4.3406,0.4822,2236.64,13.757,0.854,0.4093,3.273,28.72,3.72,52.7461,0.14037,52.91121,25,141.61,2,PASS,NORMAL
TST-000439,WFR-20,DIE-2408,EQP-102,STN-02,SS,1.2106,1.1908,44.2154,141.3193,12.6626,4.0513,0.4755,2402.87,12.7639,0.8719,0.4186,3.011,28.3,3.3,52.2669,0.17108,52.42872,25,154.37,3,PASS,NORMAL
TST-000440,WFR-01,DIE-3121,EQP-102,STN-03,TT,1.2117,1.185,47.0513,130.4862,12.7979,4.1061,0.4491,2554.98,12.4367,0.7878,0.4296,2.4312,28.83,3.83,61.3627,0.15811,61.57661,25,143.72,4,PASS,NORMAL
TST-000441,WFR-02,DIE-3834,EQP-104,STN-03,FF,1.1947,1.1783,44.3886,165.8161,12.4431,4.1096,0.454,2630.38,12.3192,0.8451,0.4439,2.0426,27.29,2.29,54.0311,0.1981,54.24953,25,151.42,3,PASS,NORMAL
TST-000442,WFR-03,DIE-4547,EQP-104,STN-01,SF,1.1855,1.1652,46.8331,137.6432,12.3934,4.2287,0.4697,2323.62,12.9051,0.8749,0.4358,3.4345,27.96,2.96,51.0677,0.16318,51.2376,25,146.54,2,PASS,NORMAL
TST-000443,WFR-04,DIE-0210,EQP-101,STN-02,FF,1.1783,1.1578,43.01,190.4751,12.6379,4.4505,0.4552,2512.78,12.3254,0.86,0.4109,2.7332,27.66,2.66,51.5469,0.22444,51.78555,25,150.92,1,PASS,NORMAL
TST-000444,WFR-05,DIE-0923,EQP-105,STN-04,TT,1.1925,1.1771,44.5168,127.1034,12.1944,4.3235,0.4311,2585.71,12.4204,0.8406,0.4419,2.2086,26.73,1.73,52.1727,0.15157,52.27568,25,151.87,2,PASS,NORMAL
TST-000445,WFR-06,DIE-1636,EQP-105,STN-04,FS,1.1931,1.179,45.0152,130.6506,12.8277,4.3657,0.437,2500.12,12.611,0.8392,0.4411,2.549,26.16,1.16,55.5023,0.15588,55.7707,25,155.48,3,PASS,NORMAL
TST-000446,WFR-07,DIE-2349,EQP-104,STN-03,SS,1.1986,1.1831,45.4335,128.3499,13.0767,4.3477,0.4613,2369.62,13.5509,0.8246,0.4147,2.5048,27.76,2.76,55.3212,0.15384,55.47572,25,156.51,1,PASS,NORMAL
TST-000447,WFR-08,DIE-3012,EQP-103,STN-04,SF,1.2188,1.2043,47.1292,110.2756,11.7887,4.1847,0.455,2579.75,12.3488,0.8623,0.4228,2.2943,26.91,1.91,55.7072,0.1344,55.81941,25,149.4,4,PASS,NORMAL
TST-000448,WFR-09,DIE-3725,EQP-103,STN-01,SF,1.1874,1.1691,44.2482,156.4744,12.537,4.1705,0.4535,2426.53,12.7218,0.8664,0.3981,2.8962,27.86,2.86,54.0738,0.1858,54.31205,25,147.58,4,PASS,NORMAL
TST-000449,WFR-10,DIE-4438,EQP-103,STN-03,FS,1.2162,1.1963,44.8893,131.5009,12.4948,4.2668,0.443,2600.01,11.7849,0.83,0.4281,2.7697,27.8,2.8,57.5584,0.15993,57.75876,25,154.15,3,PASS,NORMAL
TST-000450,WFR-11,DIE-0101,EQP-104,STN-04,FS,1.2099,1.1901,47.4756,112.8693,12.3518,3.9592,0.4407,2578.43,11.9422,0.8168,0.4332,2.7543,26.54,1.54,56.5111,0.13656,56.62398,25,157.92,1,PASS,NORMAL
TST-000451,WFR-12,DIE-0814,EQP-103,STN-01,FS,1.1916,1.1735,43.8941,125.3652,12.5001,4.2283,0.4488,2491.37,12.3267,0.8638,0.3923,2.8649,27.21,2.21,51.1377,0.14939,51.3195,25,151.26,1,PASS,NORMAL
TST-000452,WFR-13,DIE-1527,EQP-101,STN-03,FF,1.1866,1.1619,42.7646,110.8033,12.3546,4.332,0.459,2605.64,12.0689,0.8948,0.4331,2.3876,26.38,1.38,51.1657,0.13148,51.36881,25,150.68,4,PASS,NORMAL
TST-000453,WFR-14,DIE-2240,EQP-102,STN-04,SF,1.188,1.1752,44.7882,115.5162,12.8424,4.093,0.4816,2272.33,13.573,0.8825,0.4125,3.1476,27.2,2.2,51.978,0.13723,52.09421,25,145.08,4,PASS,NORMAL
TST-000454,WFR-15,DIE-2903,EQP-104,STN-03,TT,1.211,1.1971,45.8601,138.5932,12.6137,3.9755,0.4494,2509.75,12.1002,0.857,0.403,2.9806,27.39,2.39,57.0017,0.16784,57.0972,25,150.46,4,PASS,NORMAL
TST-000455,WFR-16,DIE-3616,EQP-104,STN-01,SS,1.1996,1.1801,46.1066,150.8565,12.1857,4.3157,0.4698,2362.87,13.4696,0.7965,0.4355,2.6625,26.9,1.9,54.906,0.18097,55.08777,25,140.99,1,PASS,NORMAL
TST-000456,WFR-17,DIE-4329,EQP-104,STN-03,FS,1.1861,1.1681,46.1093,114.7623,12.7752,4.2753,0.4684,2423.46,12.6058,0.8312,0.3945,3.0683,26.44,1.44,54.4374,0.13612,54.54193,25,150.44,2,PASS,NORMAL
TST-000457,WFR-18,DIE-5042,EQP-103,STN-02,FS,1.1938,1.1779,44.8154,125.6834,12.3884,4.0766,0.4533,2429.85,12.7238,0.8392,0.43,2.8989,26.33,1.33,56.1914,0.15004,56.35029,25,154.89,4,PASS,NORMAL
TST-000458,WFR-19,DIE-0705,EQP-102,STN-01,SS,1.1813,1.161,44.7064,109.5403,12.2013,4.2086,0.4763,2295.99,13.6422,0.8338,0.4241,2.9457,27.45,2.45,55.1549,0.1294,55.23401,25,152.74,4,PASS,NORMAL
TST-000459,WFR-20,DIE-1418,EQP-104,STN-02,FF,1.2184,1.1984,46.2962,140.9137,11.9049,4.1009,0.4525,2668.65,11.9645,0.9018,0.4127,2.1226,26.78,1.78,54.6527,0.17169,54.87934,25,154.44,4,PASS,NORMAL
TST-000460,WFR-01,DIE-2131,EQP-103,STN-01,TT,1.2,1.1829,41.5714,114.6012,11.816,3.9926,0.4359,2554.94,12.232,0.8752,0.4404,2.5487,27.74,2.74,51.2802,0.13752,51.4198,25,147.26,2,PASS,NORMAL
TST-000461,WFR-02,DIE-2844,EQP-104,STN-02,SS,1.1902,1.1739,45.7581,124.8886,12.6818,4.163,0.456,2391.18,13.5292,0.8405,0.4294,2.3584,26.5,1.5,51.338,0.14864,51.52578,25,155.22,3,PASS,NORMAL
TST-000462,WFR-03,DIE-3507,EQP-103,STN-02,SS,1.2098,1.1915,48.3812,212.2484,12.7167,4.1025,0.4907,2325.39,13.4153,0.8269,0.4448,2.9592,32.04,7.04,55.0543,0.25678,55.29542,25,150.67,1,FAIL,HIGH_LEAKAGE
TST-000463,WFR-04,DIE-4220,EQP-102,STN-01,SF,1.1989,1.1712,46.8635,130.8631,12.3069,4.1344,0.4509,2462.89,12.3129,0.8256,0.4056,3.1026,27.31,2.31,55.464,0.15689,55.59022,25,148.5,1,PASS,NORMAL
TST-000464,WFR-05,DIE-4933,EQP-105,STN-02,FF,1.2001,1.1813,45.0267,125.8294,12.5229,4.1194,0.4405,2709.17,11.2988,0.8466,0.4067,2.6193,26.77,1.77,52.5746,0.15101,52.73115,25,150.68,2,PASS,NORMAL
TST-000465,WFR-06,DIE-0646,EQP-105,STN-01,FF,1.1881,1.1673,44.3917,164.8755,12.0426,4.1129,0.4434,2654.78,12.1447,0.817,0.4156,2.1055,26.83,1.83,52.4164,0.19589,52.59143,25,148.49,1,PASS,NORMAL
TST-000466,WFR-07,DIE-1309,EQP-105,STN-01,SF,1.2053,1.191,48.1994,196.2,12.9911,4.2985,0.4499,2553.97,12.0844,0.8261,0.4115,2.7514,33.28,8.28,54.2526,0.23648,54.49174,25,151.2,3,FAIL,HIGH_LEAKAGE
TST-000467,WFR-08,DIE-2022,EQP-105,STN-01,SS,1.1999,1.1824,44.38,153.1707,11.5157,4.0545,0.4662,2314.1,14.2689,0.8632,0.4136,2.1532,28.55,3.55,54.8795,0.18379,55.18108,25,143.86,2,PASS,NORMAL
TST-000468,WFR-09,DIE-2735,EQP-102,STN-03,SS,1.2326,1.2114,44.6121,147.7053,12.6371,4.4198,0.4528,2558.26,12.4206,0.887,0.4265,2.328,29.08,4.08,63.1411,0.18206,63.36299,25,152.61,5,PASS,NORMAL
TST-000469,WFR-10,DIE-3448,EQP-105,STN-04,SF,1.2193,1.2014,46.2933,141.2544,12.2298,4.3072,0.4606,2549.6,11.9169,0.8244,0.4075,2.9474,28.88,3.88,54.9605,0.17223,55.23437,25,151.07,1,PASS,NORMAL
TST-000470,WFR-11,DIE-4111,EQP-105,STN-04,TT,1.1832,1.1524,46.0936,144.0671,12.201,4.2099,0.4247,2489.33,11.4394,0.8499,0.4382,3.7793,29.42,4.42,49.5409,0.17046,49.70757,25,151.25,3,PASS,NORMAL
TST-000471,WFR-12,DIE-4824,EQP-104,STN-02,SS,1.205,1.1796,46.313,117.7997,12.2959,4.076,0.4588,2444.36,13.3218,0.8604,0.4079,2.182,26.4,1.4,56.1417,0.14195,56.20827,25,147.54,2,PASS,NORMAL
TST-000472,WFR-13,DIE-0537,EQP-103,STN-02,SF,1.1975,1.1753,45.1274,137.2835,12.2809,4.1149,0.4476,2505.7,12.1136,0.8537,0.4268,2.9963,26.48,1.48,53.8086,0.1644,54.03504,25,144.53,3,PASS,NORMAL
TST-000473,WFR-14,DIE-1250,EQP-101,STN-01,FS,1.1747,1.1546,43.5678,135.0531,13.0907,4.1362,0.4781,2261.07,13.6081,0.8546,0.4116,3.228,26.43,1.43,46.7105,0.15865,46.88949,25,147.29,2,PASS,NORMAL
TST-000474,WFR-15,DIE-1913,EQP-101,STN-01,SS,1.2092,1.192,43.7799,153.2312,13.0951,4.1927,0.4963,2213.96,14.0581,0.8749,0.4135,3.1342,28.42,3.42,53.337,0.18529,53.57194,25,152.15,5,PASS,NORMAL
TST-000475,WFR-16,DIE-2626,EQP-105,STN-04,TT,1.1916,1.1775,43.5476,118.4887,12.5676,4.2064,0.4594,2408.75,12.7648,0.8427,0.3982,2.9986,26.12,1.12,54.0402,0.14119,54.21257,25,146.21,3,PASS,NORMAL
TST-000476,WFR-17,DIE-3339,EQP-102,STN-02,TT,1.2097,1.1895,45.3596,112.5972,11.6751,4.2166,0.4498,2460.01,12.5784,0.8816,0.3916,2.8001,27.47,2.47,57.1954,0.13621,57.34764,25,152.83,2,PASS,NORMAL
TST-000477,WFR-18,DIE-4002,EQP-102,STN-04,FS,1.2226,1.2029,45.6648,103.3372,12.9594,4.1166,0.476,2485.91,12.3216,0.8924,0.3764,2.8767,28.64,3.64,62.0844,0.12634,62.15727,25,152.27,4,PASS,NORMAL
TST-000478,WFR-19,DIE-4715,EQP-103,STN-01,FF,1.2241,1.201,52.1085,100.0387,12.6922,4.2126,0.4752,2685.23,11.7126,0.8378,0.4098,2.3459,42.68,17.68,48.7737,0.12246,48.88398,25,144.79,5,FAIL,THERMAL_ANOMALY
TST-000479,WFR-20,DIE-0428,EQP-101,STN-01,TT,1.1857,1.1774,45.1951,125.8643,12.2965,4.0885,0.4473,2467.92,12.908,0.8911,0.4129,2.4089,27.96,2.96,53.3561,0.14924,53.51036,25,143,5,PASS,NORMAL
TST-000480,WFR-01,DIE-1141,EQP-103,STN-04,TT,1.2152,1.2067,45.6345,151.682,12.5235,4.1958,0.4672,2355.65,16.7145,1.0268,0.4134,-1.9882,29.5,4.5,58.6077,0.18432,58.76526,25,144.26,3,FAIL,TIMING_FAILURE
TST-000481,WFR-02,DIE-1804,EQP-104,STN-02,FS,1.2053,1.1924,47.1671,160.1543,13.0785,4.1055,0.4538,2483.33,12.3276,0.8385,0.4085,2.9413,28.51,3.51,48.4949,0.19303,48.73887,25,148.46,4,PASS,NORMAL
TST-000482,WFR-03,DIE-2517,EQP-103,STN-03,TT,1.2021,1.1816,51.4287,104.3737,11.8609,4.3268,0.4459,2485.72,12.8369,0.8793,0.4267,2.3757,32.83,7.83,86.4233,0.12547,86.55053,25,155.07,3,FAIL,POWER_ANOMALY
TST-000483,WFR-04,DIE-3230,EQP-105,STN-04,TT,1.1854,1.1514,43.8726,110.508,12.4843,4.0337,0.4566,2439.18,12.543,0.8562,0.4242,2.9998,26.92,1.92,54.9402,0.131,55.10571,25,150.32,5,PASS,NORMAL
TST-000484,WFR-05,DIE-3943,EQP-101,STN-03,FF,1.1783,1.1581,45.462,161.3873,12.7937,4.1362,0.4443,2650.58,11.981,0.8874,0.3976,2.2226,27.51,2.51,50.4011,0.19016,50.56083,25,151.08,2,PASS,NORMAL
TST-000485,WFR-06,DIE-4606,EQP-105,STN-01,FF,1.1972,1.1749,44.6578,144.9889,12.7293,4.3282,0.4409,2483.51,16.1937,1.059,0.4269,-3.3865,28.46,3.46,55.1767,0.17358,55.39721,25,147.95,3,FAIL,TIMING_FAILURE
TST-000486,WFR-07,DIE-0319,EQP-102,STN-01,FF,1.2426,1.2213,44.5852,152.211,12.8243,4.243,0.4523,2906.59,11.1742,0.8423,0.4066,1.7453,27.19,2.19,55.4062,0.18914,55.63344,25,155.86,2,PASS,NORMAL
TST-000487,WFR-08,DIE-1032,EQP-101,STN-04,FF,1.1942,1.1747,44.288,120.2279,12.7643,4.1366,0.4491,2709.98,11.455,0.8636,0.4342,2.4417,27.7,2.7,50.2248,0.14358,50.27859,25,141.16,5,PASS,NORMAL
TST-000488,WFR-09,DIE-1745,EQP-101,STN-01,SS,1.193,1.1757,44.4279,147.5072,12.1663,4.2715,0.4782,2320.28,12.5487,0.8417,0.423,3.8489,27.54,2.54,56.0526,0.17598,56.16262,25,145.73,2,PASS,NORMAL
TST-000489,WFR-10,DIE-2408,EQP-101,STN-01,SF,1.2157,1.1936,45.1397,137.9547,11.9411,4.3625,0.4346,2595.06,11.4802,0.8344,0.4109,3.0993,28.03,3.03,59.7455,0.16771,59.88803,25,151.01,5,PASS,NORMAL
TST-000490,WFR-11,DIE-3121,EQP-101,STN-04,FF,1.2042,1.182,42.2828,104.155,12.4177,4.2886,0.4605,2581.11,11.7208,0.7968,0.409,2.9796,27.03,2.03,53.638,0.12542,53.75354,25,154.75,1,PASS,NORMAL
TST-000491,WFR-12,DIE-3834,EQP-105,STN-02,SS,1.1926,1.1768,41.4507,130.2137,12.7383,4.3293,0.4576,2407.43,13.351,0.8622,0.4229,2.402,27,2,59.3622,0.15529,59.56803,25,151.95,4,PASS,NORMAL
TST-000492,WFR-13,DIE-4547,EQP-105,STN-01,TT,1.219,1.2001,46.1009,115.5005,12.0831,4.2638,0.4366,2679.82,11.9159,0.8747,0.4291,2.1358,27.53,2.53,53.63,0.1408,53.77311,25,152.35,3,PASS,NORMAL
TST-000493,WFR-14,DIE-0210,EQP-105,STN-02,SS,1.206,1.1857,48.0648,103.2988,12.4572,4.1927,0.4519,2425.31,12.5843,0.7716,0.4004,3.1368,28.32,3.32,58.3553,0.12458,58.50221,25,146.72,1,PASS,NORMAL
TST-000494,WFR-15,DIE-0923,EQP-103,STN-04,SF,1.1836,1.1572,46.0971,120.1194,12.5586,4.1627,0.447,2502.43,12.6577,0.881,0.3961,2.4458,28.85,3.85,49.1318,0.14217,49.2296,25,153.45,2,PASS,NORMAL
TST-000495,WFR-16,DIE-1636,EQP-101,STN-02,FS,1.1977,1.1709,43.9415,136.5966,12.1933,4.3158,0.4761,2435.32,12.8295,0.8328,0.3995,2.7626,27.19,2.19,56.7552,0.1636,56.85455,25,151.77,5,PASS,NORMAL
TST-000496,WFR-17,DIE-2349,EQP-104,STN-01,FF,1.2183,1.2036,46.197,148.213,12.6254,4.3057,0.4401,2761.71,11.0506,0.8385,0.4216,2.5947,26.63,1.63,54.7342,0.18057,55.03436,25,149.47,2,PASS,NORMAL
TST-000497,WFR-18,DIE-3012,EQP-104,STN-01,FF,1.221,1.1986,48.1353,161.7859,12.9064,4.1576,0.4504,2679.02,11.4646,0.8548,0.4227,2.6114,27.91,2.91,58.7326,0.19754,58.91924,25,149.49,5,PASS,NORMAL
TST-000498,WFR-19,DIE-3725,EQP-105,STN-04,SF,1.2246,1.2105,45.8264,115.709,12.715,3.9951,0.4476,2637.6,12.0361,0.8508,0.4325,2.2784,27.49,2.49,60.1185,0.1417,60.32951,25,151.31,5,PASS,NORMAL
TST-000499,WFR-20,DIE-4438,EQP-103,STN-01,SS,1.1832,1.1568,46.0188,142.7779,12.2737,4.2258,0.4801,2304.07,13.3421,0.8626,0.434,3.1559,27.71,2.71,51.5994,0.16893,51.76689,25,148.85,3,PASS,NORMAL
TST-000500,WFR-01,DIE-0101,EQP-105,STN-04,FF,1.2052,1.1882,45.6416,164.675,12.2156,4.3315,0.4454,2730.45,11.0379,0.8625,0.432,2.7492,27.38,2.38,51.0296,0.19847,51.13401,25,145,4,PASS,NORMAL
TST-000501,WFR-02,DIE-0814,EQP-102,STN-03,FF,1.2045,1.183,43.7993,128.104,12.8849,3.9554,0.4374,2762.02,11.3279,0.8388,0.4359,2.3155,28.16,3.16,53.5989,0.1543,53.83264,25,155.76,4,PASS,NORMAL
TST-000502,WFR-03,DIE-1527,EQP-101,STN-02,SS,1.22,1.1966,44.5971,111.5703,12.3248,4.3432,0.4819,2393.15,12.2598,0.8526,0.4146,3.602,27.56,2.56,54.8652,0.13612,54.9905,25,152.68,2,PASS,NORMAL
TST-000503,WFR-04,DIE-2240,EQP-101,STN-04,FS,1.195,1.1724,45.6465,117.9668,12.7317,3.836,0.4593,2415.4,12.3122,0.8686,0.4226,3.3796,28.55,3.55,56.2726,0.14097,56.39596,25,153.03,2,PASS,NORMAL
TST-000504,WFR-05,DIE-2903,EQP-101,STN-03,TT,1.1984,1.1728,44.931,116.8226,12.3233,4.2339,0.4575,2559.65,12.6361,0.8718,0.4294,2.1192,26.6,1.6,53.594,0.14,53.79725,25,148.35,3,PASS,NORMAL
TST-000505,WFR-06,DIE-3616,EQP-102,STN-02,SS,1.1892,1.1703,43.8993,140.1276,12.5987,4.169,0.4665,2265.54,13.7635,0.8468,0.407,3.0455,26.83,1.83,53.4896,0.16664,53.70808,25,154.51,4,PASS,NORMAL
TST-000506,WFR-07,DIE-4329,EQP-102,STN-01,FS,1.1848,1.1601,43.7585,144.0592,12.1918,4.1658,0.4563,2458.25,12.9421,0.8422,0.4268,2.4874,27.82,2.82,52.307,0.17068,52.42356,25,151.36,3,PASS,NORMAL
TST-000507,WFR-08,DIE-5042,EQP-104,STN-01,SS,1.1787,1.1511,43.7857,138.3505,12.8834,4.2806,0.452,2341.48,13.6983,0.8809,0.398,2.504,28.5,3.5,54.4046,0.16307,54.58695,25,152.52,3,PASS,NORMAL
TST-000508,WFR-09,DIE-0705,EQP-105,STN-02,TT,1.215,1.1975,46.5077,127.5756,12.5724,4.2795,0.4293,2376.42,17.681,1.0104,0.4139,-3.2394,27.78,2.78,53.2682,0.155,53.4211,25,141.46,5,FAIL,TIMING_FAILURE
TST-000509,WFR-10,DIE-1418,EQP-104,STN-01,FF,1.1687,1.1605,45.6692,141.132,12.6732,4.1347,0.4537,2582.46,12.1247,0.8455,0.4221,2.5189,27.63,2.63,52.1767,0.16494,52.35505,25,153.59,2,PASS,NORMAL
TST-000510,WFR-11,DIE-2131,EQP-104,STN-02,FF,1.2086,1.1861,46.9936,141.6144,12.9566,4.0514,0.4426,2735.27,11.5609,0.9112,0.4378,2.1517,28.03,3.03,54.6543,0.17116,54.75953,25,153.92,3,PASS,NORMAL
TST-000511,WFR-12,DIE-2844,EQP-105,STN-03,SF,1.1313,1.1137,45.3524,111.1214,12.4396,4.173,0.4499,2352.53,13.6769,0.8102,0.4168,2.5159,27.49,2.49,56.9027,0.12571,57.00122,25,148.24,1,FAIL,LOW_VOLTAGE
TST-000512,WFR-13,DIE-3507,EQP-104,STN-03,FS,1.1987,1.1746,45.5028,119.309,12.6058,4.2325,0.4568,2374.94,12.1866,0.8516,0.4136,3.8043,26.19,1.19,54.1642,0.14302,54.34573,25,147.6,3,PASS,NORMAL
TST-000513,WFR-14,DIE-4220,EQP-102,STN-03,TT,1.2123,1.1879,45.606,118.7582,12.7956,4.3509,0.4592,2561.03,12.0969,0.857,0.4469,2.6648,26.42,1.42,56.1549,0.14397,56.32189,25,154.1,5,PASS,NORMAL
TST-000514,WFR-15,DIE-4933,EQP-102,STN-03,TT,1.2049,1.1885,48.3989,101.3157,12.0936,4.2547,0.4505,2532.07,12.2788,0.7866,0.4169,2.732,26.24,1.24,56.2207,0.12208,56.28627,25,145.01,2,PASS,NORMAL
TST-000515,WFR-16,DIE-0646,EQP-105,STN-01,SS,1.201,1.1853,43.5653,147.4789,12.2592,4.0664,0.478,2290.97,13.4064,0.8131,0.4277,3.2404,28.33,3.33,57.4451,0.17712,57.61933,25,145.6,3,PASS,NORMAL
TST-000516,WFR-17,DIE-1309,EQP-105,STN-03,SF,1.1953,1.1852,42.5063,132.5618,12.8493,4.2246,0.4555,2534.69,12.8111,0.7905,0.4302,2.1794,26.61,1.61,55.9842,0.15845,56.12378,25,146.23,1,PASS,NORMAL
TST-000517,WFR-18,DIE-2022,EQP-102,STN-04,FS,1.2051,1.1824,43.7044,138.0453,12.7498,3.9838,0.4345,2627.46,11.8723,0.8504,0.4307,2.5011,28.06,3.06,55.0189,0.16636,55.18045,25,148.14,1,PASS,NORMAL
TST-000518,WFR-19,DIE-2735,EQP-105,STN-04,SS,1.2033,1.1779,43.9571,133.5137,12.5692,4.3105,0.4719,2295.29,13.3628,0.8706,0.4152,3.1936,27.92,2.92,53.9018,0.16066,54.08118,25,147.18,2,PASS,NORMAL
TST-000519,WFR-20,DIE-3448,EQP-102,STN-03,SS,1.2013,1.1887,42.7629,120.2115,12.7149,4.2918,0.4569,2446.73,12.9484,0.845,0.4536,2.555,27.99,2.99,48.557,0.14441,48.66945,25,159.2,4,PASS,NORMAL
TST-000520,WFR-01,DIE-4111,EQP-103,STN-03,SF,1.201,1.1808,46.3068,128.0719,11.7897,4.3001,0.4371,2556.4,11.9774,0.8334,0.4388,2.8362,28.09,3.09,52.4948,0.15381,52.66798,25,149.31,2,PASS,NORMAL
TST-000521,WFR-02,DIE-4824,EQP-101,STN-04,SS,1.1994,1.1743,43.6985,153.0981,13.009,4.1828,0.4746,2330.62,13.242,0.8411,0.4332,3.0797,27.39,2.39,51.8924,0.18363,52.06887,25,150.52,5,PASS,NORMAL
TST-000522,WFR-03,DIE-0537,EQP-102,STN-02,FS,1.2023,1.1865,46.0994,144.2065,12.7187,4.0085,0.4665,2395.31,13.2446,0.8394,0.4533,2.6153,28.11,3.11,56.5172,0.17338,56.71728,25,153.41,4,PASS,NORMAL
TST-000523,WFR-04,DIE-1250,EQP-103,STN-02,SF,1.1925,1.1732,45.0301,147.5146,12.1268,4.2772,0.4428,2517.13,12.1179,0.8908,0.4176,2.8824,27.49,2.49,54.7714,0.17591,54.94621,25,155.34,4,PASS,NORMAL
TST-000524,WFR-05,DIE-1913,EQP-104,STN-01,SF,1.1956,1.1811,47.6711,146.6271,12.8571,4.101,0.4654,2335.79,13.0496,0.8725,0.4178,3.2027,27.86,2.86,55.9833,0.17531,56.15056,25,143.26,4,PASS,NORMAL
TST-000525,WFR-06,DIE-2626,EQP-102,STN-04,SS,1.2164,1.1955,46.3805,125.1738,12.3829,4.1324,0.477,2367.98,13.3636,0.8659,0.4286,2.6625,27.53,2.53,54.9262,0.15226,55.10875,25,146.51,1,PASS,NORMAL
TST-000526,WFR-07,DIE-3339,EQP-104,STN-03,SF,1.1853,1.1599,45.4318,108.5504,12.5638,4.0271,0.4561,2366.2,13.3023,0.8056,0.4007,2.7968,27.69,2.69,55.4912,0.12866,55.60153,25,151.68,3,PASS,NORMAL
TST-000527,WFR-08,DIE-4002,EQP-101,STN-02,FF,1.2101,1.1946,43.141,138.1707,12.3758,4.3847,0.4517,2664.23,11.5568,0.8425,0.4324,2.6144,28.44,3.44,54.4421,0.1672,54.66042,25,140.71,1,PASS,NORMAL
TST-000528,WFR-09,DIE-4715,EQP-103,STN-02,FF,1.2087,1.2012,46.0466,170.8037,12.7883,4.3077,0.4471,2755.38,11.5807,0.8039,0.3897,2.1325,28.88,3.88,56.4574,0.20645,56.75002,25,145.8,1,PASS,NORMAL
TST-000529,WFR-10,DIE-0428,EQP-103,STN-02,FS,1.2074,1.186,44.0675,100.2715,11.8586,4.179,0.4232,2663.47,11.6877,0.8468,0.4255,2.4835,26.8,1.8,52.1687,0.12107,52.18758,25,150.45,1,PASS,NORMAL
TST-000530,WFR-11,DIE-1141,EQP-105,STN-03,SF,1.1696,1.1523,41.5483,87.1979,12.8342,4.0758,0.4549,2413.39,12.6201,0.8975,0.4034,3.0566,28.15,3.15,48.2257,0.10199,48.33974,25,151.29,1,PASS,NORMAL
TST-000531,WFR-12,DIE-1804,EQP-101,STN-01,FS,1.1066,1.0965,43.3947,116.5773,12.3126,4.1416,0.4334,2433.78,11.8569,0.9008,0.4149,3.6776,26.39,1.39,56.424,0.129,56.50809,25,148.81,4,FAIL,LOW_VOLTAGE
TST-000532,WFR-13,DIE-2517,EQP-105,STN-02,FS,1.1773,1.1638,44.3077,125.1501,12.3071,4.1787,0.4584,2367.91,12.4738,0.8376,0.4277,3.5811,27.66,2.66,55.458,0.14734,55.63025,25,156.64,4,PASS,NORMAL
TST-000533,WFR-14,DIE-3230,EQP-102,STN-02,SS,1.2058,1.1849,46.6301,130.8457,12.2519,4.0918,0.4621,2403.25,12.9903,0.8585,0.4435,2.7953,27.9,2.9,52.4532,0.15777,52.60278,25,138.54,4,PASS,NORMAL
TST-000534,WFR-15,DIE-3943,EQP-101,STN-01,FF,1.1966,1.1808,42.2668,131.4404,12.5482,3.9041,0.4421,2656.48,11.1875,0.7949,0.4127,3.0751,28.36,3.36,56.3291,0.15728,56.45269,25,149.88,1,PASS,NORMAL
TST-000535,WFR-16,DIE-4606,EQP-102,STN-04,TT,1.2147,1.1828,44.4716,149.7962,12.643,4.2238,0.4544,2517.69,13.0657,0.8282,0.4159,1.9937,27.19,2.19,50.3385,0.18196,50.50838,25,159.51,3,PASS,NORMAL
TST-000536,WFR-17,DIE-0319,EQP-103,STN-04,TT,1.1987,1.1785,47.3542,140.2369,12.1068,4.0795,0.4483,2463.81,12.4092,0.843,0.4141,2.9828,27.3,2.3,53.3039,0.1681,53.44632,25,156.06,3,PASS,NORMAL
TST-000537,WFR-18,DIE-1032,EQP-102,STN-03,FS,1.1872,1.1704,46.2567,117.9915,12.5736,4.2395,0.4468,2441.45,12.4116,0.8237,0.426,3.1484,26.77,1.77,53.3965,0.14008,53.59675,25,153.28,3,PASS,NORMAL
TST-000538,WFR-19,DIE-1745,EQP-104,STN-02,FF,1.1778,1.1551,46.0181,127.6415,12.4496,4.1852,0.4541,2489.99,12.7475,0.8736,0.4097,2.4432,26.92,1.92,52.0339,0.15034,52.20845,25,156.89,1,PASS,NORMAL
TST-000539,WFR-20,DIE-2408,EQP-104,STN-03,FF,1.2218,1.2018,43.7547,169.8589,12.8401,4.2787,0.4644,2725.37,12.2156,0.8073,0.388,1.654,27.34,2.34,58.0269,0.20753,58.26164,25,159.13,3,PASS,NORMAL
TST-000540,WFR-01,DIE-3121,EQP-101,STN-03,TT,1.1933,1.1704,46.7651,119.6481,13.0187,4.3225,0.4561,2462.09,12.6588,0.8299,0.4436,2.7577,28.01,3.01,55.9836,0.14278,56.15253,25,150.51,4,PASS,NORMAL
TST-000541,WFR-02,DIE-3834,EQP-101,STN-04,FS,1.189,1.1641,45.3712,133.5647,13.2149,4.1972,0.458,2430.86,13.1849,0.8442,0.4097,2.426,28.7,3.7,50.8829,0.15881,51.01225,25,153.49,3,PASS,NORMAL
TST-000542,WFR-03,DIE-4547,EQP-103,STN-02,FF,1.2072,1.1933,43.5923,164.81,12.152,4.1911,0.4497,2675.69,11.2379,0.8356,0.4356,2.8759,29.19,4.19,55.5455,0.19896,55.70712,25,148.66,3,PASS,NORMAL
TST-000543,WFR-04,DIE-0210,EQP-103,STN-04,FS,1.2016,1.1712,47.9208,130.7038,12.9402,4.0464,0.4349,2536.08,12.0114,0.879,0.4045,2.882,26.84,1.84,57.7701,0.15705,57.93086,25,148.46,1,PASS,NORMAL
TST-000544,WFR-05,DIE-0923,EQP-102,STN-02,SF,1.1646,1.1483,42.6032,114.1393,12.519,4.0628,0.4481,2367.34,12.9366,0.8083,0.426,3.1517,26.01,1.01,53.7466,0.13293,53.90918,25,148.09,3,PASS,NORMAL
TST-000545,WFR-06,DIE-1636,EQP-105,STN-03,SF,1.2146,1.1946,46.8092,147.8783,12.2523,4.0128,0.4619,2583.98,12.4384,0.8818,0.4273,2.1598,29.25,4.25,51.8575,0.17961,52.00079,25,154.96,1,PASS,NORMAL
TST-000546,WFR-07,DIE-2349,EQP-103,STN-03,FS,1.1985,1.1824,44.4023,141.7457,12.4811,4.2604,0.4328,2616.69,12.6401,0.8564,0.4433,1.79,28.64,3.64,55.2256,0.16988,55.38094,25,146.93,5,PASS,NORMAL
TST-000547,WFR-08,DIE-3012,EQP-103,STN-02,FF,1.2006,1.1811,45.1474,143.2019,13.1113,4.3951,0.4476,2750.31,11.7907,0.8428,0.4062,1.9103,27.31,2.31,52.396,0.17193,52.58236,25,153.75,3,PASS,NORMAL
TST-000548,WFR-09,DIE-3725,EQP-104,STN-01,FF,1.2222,1.2035,46.9888,133.448,12.9376,4.2126,0.4552,2719.13,11.3221,0.8576,0.4016,2.5309,28.64,3.64,63.9766,0.1631,64.09927,25,149.24,5,PASS,NORMAL
TST-000549,WFR-10,DIE-4438,EQP-102,STN-02,FF,1.1924,1.1718,43.5402,104.3435,12.651,4.199,0.4403,2709.98,11.9322,0.7878,0.3978,2.0403,27.5,2.5,54.1539,0.12442,54.23903,25,151.73,3,PASS,NORMAL
TST-000550,WFR-11,DIE-0101,EQP-103,STN-02,FF,1.1864,1.1652,43.0887,136.9682,12.5965,4.3331,0.4468,2600.3,11.8084,0.8506,0.4218,2.7238,26.5,1.5,53.4059,0.1625,53.55164,25,140.52,5,PASS,NORMAL
TST-000551,WFR-12,DIE-0814,EQP-101,STN-04,TT,1.1611,1.143,42.895,102.9281,12.9525,4.363,0.4525,2323.69,12.5802,0.8688,0.4255,3.765,27.09,2.09,51.4665,0.11951,51.59677,25,151.14,3,PASS,NORMAL
TST-000552,WFR-13,DIE-1527,EQP-101,STN-02,TT,1.2161,1.2072,47.2191,129.4401,12.9167,4.0983,0.4627,2488.95,12.5858,0.8007,0.4254,2.6845,27.83,2.83,56.0327,0.15741,56.13571,25,148.04,5,PASS,NORMAL
TST-000553,WFR-14,DIE-2240,EQP-101,STN-04,FS,1.2133,1.1954,45.266,121.4774,12.5404,4.3009,0.4701,2484.66,12.6232,0.8472,0.4207,2.6284,26.77,1.77,58.1921,0.14739,58.34715,25,147.29,5,PASS,NORMAL
TST-000554,WFR-15,DIE-2903,EQP-103,STN-02,FS,1.1976,1.1804,46.6797,123.5203,12.8563,4.2745,0.4486,2434.17,12.332,0.8747,0.4312,3.226,27.05,2.05,55.9066,0.14793,56.05546,25,150.6,4,PASS,NORMAL
TST-000555,WFR-16,DIE-3616,EQP-105,STN-03,SF,1.2139,1.1921,43.823,131.2123,12.5008,4.4893,0.4324,2725.91,11.4834,0.8265,0.4514,2.3641,28.82,3.82,52.6176,0.15928,52.80998,25,152.44,5,PASS,NORMAL
TST-000556,WFR-17,DIE-4329,EQP-105,STN-01,FF,1.1559,1.1394,40.2348,156.0404,14.1087,4.5721,0.4991,2216.48,14.651,0.8294,0.4017,2.5662,26.37,1.37,51.4363,0.18037,51.6802,25,157.6,1,FAIL,PROCESS_VARIATION
TST-000557,WFR-18,DIE-5042,EQP-102,STN-04,TT,1.1797,1.1569,45.9202,145.8041,12.7103,4.2668,0.4357,2472.4,12.4162,0.8482,0.4099,2.9142,28.4,3.4,51.1257,0.17201,51.38303,25,153.16,4,PASS,NORMAL
TST-000558,WFR-19,DIE-0705,EQP-105,STN-01,TT,1.1752,1.1466,44.4416,154.2352,12.0965,4.3243,0.4671,2379.64,13.1885,0.8719,0.4233,2.7489,27.43,2.43,51.6793,0.18126,51.86842,25,158.05,4,PASS,NORMAL
TST-000559,WFR-20,DIE-1418,EQP-101,STN-01,TT,1.1913,1.1734,44.4847,117.1271,13.5106,4.1432,0.4507,2453.84,12.5797,0.8781,0.4247,2.8432,28.17,3.17,50.2807,0.13953,50.34528,25,151.55,5,PASS,NORMAL
TST-000560,WFR-01,DIE-2131,EQP-101,STN-01,SS,1.1941,1.1663,44.9214,90.3298,12.3607,4.1199,0.4709,2314.27,13.4001,0.8303,0.396,3.0537,27.77,2.77,50.5105,0.10786,50.60479,25,151.35,4,PASS,NORMAL
TST-000561,WFR-02,DIE-2844,EQP-104,STN-04,FS,1.2173,1.1939,53.507,114.1724,11.7816,4.2756,0.4589,2568.84,13.0129,0.8847,0.4268,1.6736,33.06,8.06,78.3133,0.13898,78.42962,25,151.47,2,FAIL,POWER_ANOMALY
TST-000562,WFR-03,DIE-3507,EQP-103,STN-01,SS,1.1973,1.1795,45.7541,152.8534,13.0727,4.375,0.45,2344.84,12.5738,0.8269,0.4222,3.658,26.99,1.99,53.0138,0.18301,53.2897,25,144.11,2,PASS,NORMAL
TST-000563,WFR-04,DIE-4220,EQP-103,STN-03,TT,1.2158,1.1983,47.7452,125.1523,12.5483,4.1345,0.4503,2568.6,12.6283,0.8342,0.4099,2.1102,26.36,1.36,55.7744,0.15216,55.90963,25,146.34,1,PASS,NORMAL
TST-000564,WFR-05,DIE-4933,EQP-101,STN-02,SF,1.1995,1.175,47.308,110.1464,12.0726,4.0931,0.4319,2572.36,12.3507,0.8709,0.4397,2.3283,26.61,1.61,52.0766,0.13212,52.28032,25,155.69,3,PASS,NORMAL
TST-000565,WFR-06,DIE-0646,EQP-105,STN-03,FS,1.1774,1.1614,49.5729,89.7771,12.6358,4.2623,0.4547,2365.8,13.0826,0.8484,0.431,2.9766,38.62,13.62,47.6486,0.1057,47.68275,25,149.58,4,FAIL,THERMAL_ANOMALY
TST-000566,WFR-07,DIE-1309,EQP-104,STN-02,FF,1.1874,1.1584,46.3406,144.8336,12.3757,4.0439,0.4674,2575.45,12.6165,0.8119,0.4007,2.1029,27.09,2.09,56.5316,0.17198,56.72659,25,151.65,3,PASS,NORMAL
TST-000567,WFR-08,DIE-2022,EQP-105,STN-03,SS,1.1768,1.1507,44.3437,135.9585,12.439,4.282,0.4731,2173.12,13.6783,0.8037,0.4171,3.9247,26.54,1.54,54.5568,0.16,54.60614,25,153.2,4,PASS,NORMAL
TST-000568,WFR-09,DIE-2735,EQP-102,STN-03,SS,1.2029,1.1914,46.5139,113.295,12.6996,4.1889,0.4742,2368.46,13.2249,0.843,0.4397,2.8207,27.27,2.27,52.1117,0.13628,52.21014,25,147.45,4,PASS,NORMAL
TST-000569,WFR-10,DIE-3448,EQP-104,STN-04,TT,1.1885,1.1679,45.3189,143.7882,12.3665,4.1713,0.4494,2489.52,12.5202,0.8444,0.3985,2.7028,28.54,3.54,53.9749,0.17089,54.12689,25,150.78,1,PASS,NORMAL
TST-000570,WFR-11,DIE-4111,EQP-104,STN-03,FS,1.2113,1.1855,45.5267,129.0866,12.7205,4.0613,0.4641,2471.47,12.4935,0.8532,0.4393,2.838,28.88,3.88,57.8438,0.15636,58.0713,25,147.02,2,PASS,NORMAL
TST-000571,WFR-12,DIE-4824,EQP-102,STN-01,TT,1.0572,1.0312,43.6877,130.4283,12.976,4.3046,0.4656,2164.48,14.5962,0.8778,0.4267,3.0062,27.32,2.32,54.5899,0.13789,54.70194,25,152.99,4,FAIL,LOW_VOLTAGE
TST-000572,WFR-13,DIE-0537,EQP-101,STN-01,FF,1.2111,1.1965,46.0256,122.6206,12.6472,4.161,0.4192,2838.51,11.3364,0.881,0.3702,1.8745,26.34,1.34,54.6569,0.14851,54.75657,25,150.58,2,PASS,NORMAL
TST-000573,WFR-14,DIE-1250,EQP-103,STN-04,SF,1.2047,1.1851,48.8915,150.9477,12.7077,4.1094,0.4367,2568.63,12.3482,0.8673,0.406,2.357,32.23,7.23,51.1938,0.18185,51.33845,25,150.71,2,FAIL,HIGH_LEAKAGE
TST-000574,WFR-15,DIE-1913,EQP-104,STN-01,TT,1.2094,1.1918,45.7589,135.3937,12.3528,4.2373,0.4515,2505.95,12.6145,0.8211,0.4094,2.5264,26.82,1.82,52.1225,0.16375,52.26151,25,149.97,2,PASS,NORMAL
TST-000575,WFR-16,DIE-2626,EQP-101,STN-03,FS,1.1899,1.1542,44.343,158.4378,12.0692,4.1404,0.4552,2501.03,12.3474,0.815,0.4198,2.831,28.38,3.38,56.279,0.18853,56.48183,25,154.54,3,FAIL,EQUIPMENT_DRIFT
TST-000576,WFR-17,DIE-3339,EQP-103,STN-01,FS,1.1865,1.1717,45.3665,125.1812,12.6663,4.2854,0.4416,2529.35,12.6708,0.7956,0.4202,2.3479,27.7,2.7,55.529,0.14853,55.71236,25,149.88,2,PASS,NORMAL
TST-000577,WFR-18,DIE-4002,EQP-104,STN-02,TT,1.2121,1.2018,43.9806,143.7273,12.5508,4.0764,0.4443,2650.54,12.4803,0.8253,0.3967,1.7857,27.81,2.81,56.2656,0.17421,56.42842,25,149.04,3,PASS,NORMAL
TST-000578,WFR-19,DIE-4715,EQP-105,STN-01,TT,1.1948,1.1722,45.2407,136.9615,12.2161,3.8951,0.4339,2502.74,12.1961,0.8938,0.4243,2.8926,28.19,3.19,56.374,0.16364,56.50712,25,147.2,4,PASS,NORMAL
TST-000579,WFR-20,DIE-0428,EQP-102,STN-04,FS,1.1903,1.1697,46.5215,107.8198,12.6032,4.1973,0.4665,2436.47,13.016,0.8171,0.4343,2.5841,28.1,3.1,54.666,0.12834,54.75025,25,147.4,4,PASS,NORMAL
TST-000580,WFR-01,DIE-1141,EQP-103,STN-01,FS,1.2152,1.1965,43.5784,154.0981,13.121,4.268,0.4463,2592.23,12.4012,0.7939,0.4136,2.2356,28.99,3.99,55.5642,0.18726,55.75466,25,154.67,2,PASS,NORMAL
TST-000581,WFR-02,DIE-1804,EQP-104,STN-01,SS,1.2211,1.1942,45.559,114.0804,12.769,4.0255,0.4518,2492.07,12.6928,0.8435,0.4168,2.5146,27.8,2.8,54.6771,0.1393,54.81133,25,153.13,3,PASS,NORMAL
TST-000582,WFR-03,DIE-2517,EQP-104,STN-04,FF,1.2073,1.1916,44.4754,140.0564,11.7807,4.3047,0.4404,2791.44,11.722,0.907,0.4177,1.7005,27.83,2.83,55.0086,0.16909,55.09943,25,151.73,3,PASS,NORMAL
TST-000583,WFR-04,DIE-3230,EQP-103,STN-01,SF,1.1956,1.1774,43.4597,102.9112,12.6433,4.0021,0.4555,2457.38,12.5872,0.8552,0.4259,2.8351,26.91,1.91,55.3312,0.12304,55.48123,25,155.66,4,PASS,NORMAL
TST-000584,WFR-05,DIE-3943,EQP-104,STN-03,FF,1.1813,1.1599,46.7567,142.0281,12.9458,4.2131,0.4621,2497.57,12.247,0.8078,0.4382,2.9608,26.47,1.47,52.7133,0.16778,52.82728,25,148.85,3,PASS,NORMAL
TST-000585,WFR-06,DIE-4606,EQP-102,STN-02,FF,1.2069,1.1855,44.3102,137.4732,12.2578,4.2433,0.4789,2577.76,12.2054,0.8691,0.4314,2.4428,26.71,1.71,53.3783,0.16592,53.50852,25,154.01,1,PASS,NORMAL
TST-000586,WFR-07,DIE-0319,EQP-103,STN-03,SS,1.2089,1.1848,46.4673,120.9313,13.2958,4.267,0.5182,2170.15,14.2936,0.8587,0.4322,3.2796,28.37,3.37,55.6946,0.14619,55.79538,25,151.29,3,FAIL,PROCESS_VARIATION
TST-000587,WFR-08,DIE-1032,EQP-101,STN-01,FS,1.1982,1.1793,45.7824,130.5137,12.4739,4.1026,0.447,2478.67,12.2369,0.8463,0.4094,3.0545,27.46,2.46,57.4099,0.15638,57.54664,25,149.37,3,PASS,NORMAL
TST-000588,WFR-09,DIE-1745,EQP-101,STN-02,FF,1.1788,1.1541,44.4051,129.8779,12.546,4.0663,0.4444,2630.08,11.8802,0.8871,0.4387,2.4414,27.68,2.68,52.5904,0.1531,52.83278,25,151.7,5,PASS,NORMAL
TST-000589,WFR-10,DIE-2408,EQP-104,STN-04,SF,1.2032,1.182,46.5654,151.9567,12.4243,4.2021,0.4425,2509.48,11.8167,0.8541,0.4226,3.2688,28.07,3.07,53.151,0.18283,53.22677,25,157.42,3,PASS,NORMAL
TST-000590,WFR-11,DIE-3121,EQP-104,STN-04,SF,1.2058,1.1864,46.4876,156.5168,12.5437,4.1317,0.4535,2545.58,12.0567,0.8433,0.413,2.8135,27.98,2.98,52.4553,0.18873,52.65922,25,153.48,5,PASS,NORMAL
TST-000591,WFR-12,DIE-3834,EQP-104,STN-01,TT,1.2047,1.1792,45.423,119.3172,12.7459,4.2532,0.4429,2575.52,12.4914,0.8376,0.3946,2.2018,27.79,2.79,51.4309,0.14374,51.58763,25,146.1,3,PASS,NORMAL
TST-000592,WFR-13,DIE-4547,EQP-105,STN-04,FS,1.1823,1.161,49.3954,85.9663,13.2767,4.0652,0.4591,2412.07,12.765,0.8657,0.413,2.9526,36.61,11.61,50.936,0.10164,51.08029,25,143.01,1,FAIL,THERMAL_ANOMALY
TST-000593,WFR-14,DIE-0210,EQP-101,STN-03,SF,1.1884,1.1693,46.3903,124.7427,12.705,4.341,0.4685,2349.25,12.3854,0.8182,0.412,3.8231,28.05,3.05,55.6057,0.14824,55.74208,25,152.14,5,PASS,NORMAL
TST-000594,WFR-15,DIE-0923,EQP-102,STN-03,TT,1.2073,1.1904,49.429,224.8699,12.0218,4.1961,0.4533,2458.94,12.1876,0.796,0.414,3.2836,34.42,9.42,56.1625,0.27149,56.5267,25,142.81,1,FAIL,HIGH_LEAKAGE
TST-000595,WFR-16,DIE-1636,EQP-105,STN-04,SF,1.2381,1.2208,46.2999,135.8468,11.3502,4.2332,0.4629,2573.35,11.9694,0.841,0.4153,2.7335,26.71,1.71,63.7565,0.16819,63.84674,25,150.08,5,PASS,NORMAL
TST-000596,WFR-17,DIE-2349,EQP-105,STN-02,SF,1.1967,1.184,43.5009,150.5356,12.6638,4.075,0.4428,2500.01,12.3306,0.876,0.4252,2.7933,26.71,1.71,54.0071,0.18015,54.15202,25,148.99,4,PASS,NORMAL
TST-000597,WFR-18,DIE-3012,EQP-103,STN-01,SF,1.214,1.1939,44.7787,140.3479,11.5266,4.0787,0.4578,2449.6,12.2535,0.8578,0.4219,3.2179,28.3,3.3,55.3228,0.17038,55.5658,25,146.98,4,PASS,NORMAL
TST-000598,WFR-19,DIE-3725,EQP-103,STN-03,FS,1.2155,1.2047,44.1989,141.7781,13.2935,4.2323,0.4621,2526.8,12.2781,0.8223,0.4339,2.7299,28.36,3.36,57.3348,0.17233,57.51197,25,151.1,3,PASS,NORMAL
TST-000599,WFR-20,DIE-4438,EQP-104,STN-02,TT,1.157,1.1298,44.4979,140.1845,12.4084,4.2872,0.4649,2342.33,13.8206,0.8069,0.402,2.4495,27.3,2.3,47.363,0.16219,47.59685,25,147.7,2,PASS,NORMAL
TST-000600,WFR-01,DIE-0101,EQP-101,STN-01,FS,1.2149,1.201,45.5876,134.5139,11.9523,4.2758,0.4584,2468.91,11.9799,0.8824,0.4246,3.3392,26.43,1.43,54.5792,0.16342,54.62912,25,154.06,4,PASS,NORMAL
TST-000601,WFR-02,DIE-0814,EQP-105,STN-03,SS,1.1837,1.1717,42.9863,158.5482,12.1193,4.3604,0.478,2249.84,13.4194,0.8507,0.4213,3.5089,27.28,2.28,51.0986,0.18767,51.26198,25,155.07,5,PASS,NORMAL
TST-000602,WFR-03,DIE-1527,EQP-104,STN-01,FS,1.1776,1.153,42.6346,146.4294,12.6503,4.2025,0.4584,2418.13,12.4377,0.8327,0.4203,3.2713,27.53,2.53,50.6401,0.17244,50.94381,25,148.03,1,PASS,NORMAL
TST-000603,WFR-04,DIE-2240,EQP-103,STN-02,TT,1.1893,1.1735,43.2648,92.6573,12.5622,4.0149,0.4523,2392.58,12.5446,0.9184,0.4337,3.2554,27.04,2.04,54.1151,0.1102,54.2454,25,153.65,2,PASS,NORMAL
TST-000604,WFR-05,DIE-2903,EQP-101,STN-02,SS,1.186,1.1679,50.7981,70.0523,12.7093,4.1412,0.4846,2244.72,13.7931,0.8693,0.4316,3.1572,38.09,13.09,53.7473,0.08308,53.88087,25,145.95,1,FAIL,THERMAL_ANOMALY
TST-000605,WFR-06,DIE-3616,EQP-104,STN-02,SF,1.2124,1.195,47.0783,135.9224,12.4623,4.1705,0.4496,2535.02,12.0794,0.8475,0.43,2.8521,27.7,2.7,53.0795,0.16479,53.25063,25,150.72,1,PASS,NORMAL
TST-000606,WFR-07,DIE-4329,EQP-104,STN-03,SS,1.2071,1.1793,44.0072,122.8226,12.1367,4.2255,0.4676,2387.64,13.215,0.8098,0.4196,2.7281,27.92,2.92,54.3008,0.14826,54.42592,25,149.43,3,PASS,NORMAL
TST-000607,WFR-08,DIE-5042,EQP-101,STN-02,FS,1.1804,1.1589,44.0736,142.6129,12.216,4.2439,0.4598,2363.99,13.5096,0.8125,0.4087,2.5984,27.98,2.98,48.556,0.16834,48.69263,25,158.55,2,PASS,NORMAL
TST-000608,WFR-09,DIE-0705,EQP-101,STN-01,SS,1.2183,1.1876,46.308,149.015,12.1003,4.3983,0.4827,2419.94,13.2691,0.8272,0.4218,2.433,28.25,3.25,55.2746,0.18154,55.34277,25,149.94,5,PASS,NORMAL
TST-000609,WFR-10,DIE-1418,EQP-103,STN-04,SF,1.1959,1.1767,41.3609,105.4704,12.7317,3.975,0.4431,2443.5,12.6486,0.8062,0.4321,2.9152,28.18,3.18,49.8338,0.12613,49.96313,25,147.6,3,PASS,NORMAL
TST-000610,WFR-11,DIE-2131,EQP-105,STN-04,SS,1.2125,1.1966,47.4675,116.2605,12.3633,4.2657,0.4538,2456.53,12.4766,0.8711,0.4189,2.9354,27.76,2.76,52.7704,0.14097,52.86597,25,148.16,1,PASS,NORMAL
TST-000611,WFR-12,DIE-2844,EQP-101,STN-03,SF,1.1956,1.1816,45.5701,114.2411,12.7002,4.3441,0.4465,2501.73,13.0622,0.8283,0.4244,2.0984,26.57,1.57,53.1894,0.13659,53.30879,25,152.84,4,PASS,NORMAL
TST-000612,WFR-13,DIE-3507,EQP-104,STN-02,TT,1.1872,1.1716,47.27,138.9507,12.5408,4.2133,0.4651,2331.02,12.664,0.8526,0.4366,3.6433,27.13,2.13,52.0211,0.16496,52.17875,25,154.67,3,PASS,NORMAL
TST-000613,WFR-14,DIE-4220,EQP-102,STN-01,SS,1.1969,1.1757,46.0272,93.7463,12.7656,3.9903,0.4513,2375.15,13.2409,0.8691,0.4251,2.731,33.04,8.04,51.7401,0.1122,51.92573,25,151.61,1,FAIL,THERMAL_ANOMALY
TST-000614,WFR-15,DIE-4933,EQP-104,STN-03,FS,1.2052,1.1825,46.2638,156.7901,12.6123,4.3095,0.4491,2563.89,12.2462,0.8217,0.4266,2.5334,28.24,3.24,51.3715,0.18896,51.59941,25,151.4,1,PASS,NORMAL
TST-000615,WFR-16,DIE-0646,EQP-105,STN-03,FS,1.2064,1.1482,47.3752,105.155,12.659,4.1186,0.4494,2451.89,12.1505,0.821,0.4276,3.3424,28.36,3.36,53.9301,0.12686,54.06826,25,152.6,4,FAIL,EQUIPMENT_DRIFT
TST-000616,WFR-17,DIE-1309,EQP-105,STN-03,SS,1.2036,1.1919,45.7101,151.3439,11.8628,4.3388,0.4857,2326.33,13.8095,0.7948,0.4129,2.5902,29.32,4.32,60.4329,0.18216,60.59298,25,146.67,5,FAIL,POWER_ANOMALY
TST-000617,WFR-18,DIE-2022,EQP-101,STN-01,TT,1.2035,1.1846,42.1742,132.5282,12.6711,4.2596,0.4471,2614.14,11.9228,0.8112,0.4269,2.5674,27.59,2.59,51.7806,0.1595,52.02534,25,148.74,3,PASS,NORMAL
TST-000618,WFR-19,DIE-2735,EQP-105,STN-01,SF,1.1859,1.1606,44.7818,106.6642,12.4457,3.9933,0.4543,2401.45,13.3515,0.8869,0.4155,2.4182,28.83,3.83,52.4293,0.12649,52.56241,25,150.96,1,PASS,NORMAL
TST-000619,WFR-20,DIE-3448,EQP-102,STN-04,SF,1.1898,1.1698,45.3921,122.8829,12.8899,4.3387,0.4626,2365.73,13.2422,0.9079,0.4132,2.758,27.86,2.86,55.0234,0.14621,55.14601,25,147.93,1,PASS,NORMAL
TST-000620,WFR-01,DIE-4111,EQP-105,STN-04,TT,1.2169,1.2088,45.63,139.4375,13.1058,4.2009,0.4345,2684.96,11.2857,0.8543,0.4149,2.7578,27.33,2.33,53.6712,0.16968,53.87876,25,150.57,1,PASS,NORMAL
TST-000621,WFR-02,DIE-4824,EQP-105,STN-04,FF,1.2029,1.186,40.9037,156.3724,12.133,4.2119,0.4551,2630.47,11.3562,0.877,0.4027,2.9732,27.08,2.08,53.4801,0.1881,53.69664,25,156.75,4,PASS,NORMAL
TST-000622,WFR-03,DIE-0537,EQP-105,STN-04,FS,1.2141,1.1973,46.1385,122.6157,12.0044,4.2274,0.4795,2448.17,12.6122,0.8149,0.44,2.9116,27.3,2.3,54.312,0.14887,54.45517,25,149.47,5,PASS,NORMAL
TST-000623,WFR-04,DIE-1250,EQP-101,STN-02,SS,1.1994,1.1822,46.9811,133.5768,13.4393,4.0927,0.4646,2328.66,12.7814,0.8511,0.4394,3.5448,27.91,2.91,53.37,0.16021,53.56595,25,145.1,3,PASS,NORMAL
TST-000624,WFR-05,DIE-1913,EQP-102,STN-02,SF,1.1918,1.1691,47.403,129.844,12.5239,4.2301,0.4456,2488.34,12.3036,0.8518,0.4114,2.9196,27.48,2.48,48.8353,0.15475,48.9437,25,146.93,5,PASS,NORMAL
TST-000625,WFR-06,DIE-2626,EQP-105,STN-01,FS,1.1909,1.1678,42.6641,125.3768,12.5693,4.3125,0.4691,2481.86,12.9277,0.8099,0.4549,2.3793,27.78,2.78,57.9978,0.14931,58.0182,25,146.6,4,PASS,NORMAL
TST-000626,WFR-07,DIE-3339,EQP-105,STN-02,TT,1.1866,1.1638,43.7836,113.7541,12.5246,4.1635,0.4152,2544.63,11.8413,0.8438,0.4242,3.0343,27.22,2.22,51.8404,0.13498,51.9579,25,151.24,4,PASS,NORMAL
TST-000627,WFR-08,DIE-4002,EQP-103,STN-04,FF,1.1945,1.1724,44.672,130.5091,12.7766,4.1094,0.4574,2655.46,12.0158,0.8424,0.4444,2.2051,27.46,2.46,54.2577,0.15589,54.41398,25,146.79,5,PASS,NORMAL
TST-000628,WFR-09,DIE-4715,EQP-101,STN-02,SF,1.1976,1.1823,45.773,96.4989,12.9682,4.1903,0.4467,2452.36,12.379,0.8839,0.417,3.0479,27.29,2.29,53.8505,0.11557,53.95973,25,149.85,4,PASS,NORMAL
TST-000629,WFR-10,DIE-0428,EQP-103,STN-01,FS,1.2185,1.1981,44.7566,82.873,12.8902,4.1723,0.4426,2592.94,12.005,0.842,0.4106,2.5795,27.29,2.29,57.2443,0.10098,57.39115,25,144.47,3,PASS,NORMAL
TST-000630,WFR-11,DIE-1141,EQP-105,STN-02,FF,1.2015,1.1879,56.2396,111.2524,12.2297,4.4272,0.456,2710.02,12.3985,0.8783,0.4491,1.4832,38.08,13.08,73.3983,0.13367,73.68549,25,151.24,4,FAIL,POWER_ANOMALY
TST-000631,WFR-12,DIE-1804,EQP-104,STN-02,FF,1.1946,1.1774,44.0024,160.7473,12.3915,4.3092,0.4466,2683.32,12.0266,0.9032,0.4194,1.9771,27.54,2.54,53.5858,0.19203,53.70368,25,151.11,5,PASS,NORMAL
TST-000632,WFR-13,DIE-2517,EQP-104,STN-01,FS,1.106,1.0865,43.7038,133.6047,12.3936,4.0475,0.4594,2224.21,13.0057,0.869,0.4286,4.1092,28.99,3.99,54.4481,0.14777,54.54565,25,151.96,1,FAIL,LOW_VOLTAGE
TST-000633,WFR-14,DIE-3230,EQP-105,STN-03,SF,1.2012,1.1875,44.7304,140.1273,12.0374,4.1524,0.4447,2490.67,12.0133,0.8675,0.4238,3.1791,26.95,1.95,58.7771,0.16832,58.88914,25,143.76,2,PASS,NORMAL
TST-000634,WFR-15,DIE-3943,EQP-104,STN-03,FS,1.1751,1.1639,43.259,111.7574,12.879,3.9471,0.4421,2455.19,12.7458,0.8523,0.4054,2.6939,26.91,1.91,51.911,0.13133,52.03095,25,154.28,1,PASS,NORMAL
TST-000635,WFR-16,DIE-4606,EQP-101,STN-04,FF,1.1715,1.146,44.0358,152.408,12.0297,4.2202,0.4592,2523.54,12.7062,0.8638,0.4955,2.2807,27.78,2.78,54.2291,0.17855,54.43383,25,146.13,1,PASS,NORMAL
TST-000636,WFR-17,DIE-0319,EQP-105,STN-03,FF,1.2153,1.1944,46.0528,154.3063,12.7297,4.1256,0.4302,2868.15,11.1578,0.8383,0.4185,1.9502,26.45,1.45,53.5987,0.18753,53.77412,25,155.68,4,PASS,NORMAL
TST-000637,WFR-18,DIE-1032,EQP-102,STN-04,SF,1.1989,1.1717,46.1793,126.5969,12.7925,4.3219,0.4694,2425.23,12.3758,0.8389,0.4275,3.2786,28.57,3.57,53.5282,0.15178,53.65118,25,146.5,4,PASS,NORMAL
TST-000638,WFR-19,DIE-1745,EQP-103,STN-02,FF,1.1697,1.1446,42.1969,157.8882,11.7862,4.2186,0.4486,2485.64,12.2203,0.8692,0.4058,3.0029,28.21,3.21,57.1957,0.18468,57.40534,25,143.07,2,PASS,NORMAL
TST-000639,WFR-20,DIE-2408,EQP-103,STN-04,SF,1.2229,1.21,44.8445,107.4846,12.9379,4.3705,0.4427,2620.42,11.9496,0.8227,0.4336,2.4924,27.21,2.21,58.5448,0.13144,58.65988,25,158.23,1,PASS,NORMAL
TST-000640,WFR-01,DIE-3121,EQP-103,STN-04,SF,1.1954,1.1741,45.0082,139.2426,12.7502,4.1784,0.4426,2568.04,11.8948,0.7921,0.4193,2.8892,28.95,3.95,53.1382,0.16645,53.34778,25,148.46,1,PASS,NORMAL
TST-000641,WFR-02,DIE-3834,EQP-104,STN-04,SS,1.1774,1.1562,43.9328,122.1682,12.2609,4.16,0.4736,2267.62,14.0187,0.838,0.4377,2.7829,27,2,53.8132,0.14384,53.9865,25,144.23,3,PASS,NORMAL
TST-000642,WFR-03,DIE-4547,EQP-101,STN-01,FS,1.176,1.1459,42.3896,127.6047,13.0618,4.2822,0.4446,2402.02,12.8838,0.9225,0.4041,2.8464,27.6,2.6,55.2327,0.15006,55.33891,25,149.1,3,PASS,NORMAL
TST-000643,WFR-04,DIE-0210,EQP-101,STN-01,FS,1.1974,1.1603,45.9142,100.1443,12.9167,4.1621,0.4571,2456.5,12.5314,0.8376,0.4265,2.9143,26.68,1.68,56.3345,0.11991,56.51226,25,153,2,FAIL,EQUIPMENT_DRIFT
TST-000644,WFR-05,DIE-0923,EQP-101,STN-01,FF,1.2117,1.1904,44.6803,170.1377,14.2291,4.6915,0.491,2481.09,12.6558,0.8402,0.4116,2.6259,28.08,3.08,58.7041,0.20616,58.91357,25,146.3,1,FAIL,PROCESS_VARIATION
TST-000645,WFR-06,DIE-1636,EQP-105,STN-02,SS,1.2108,1.1964,50.3966,182.1338,12.4115,3.999,0.46,2439.98,12.7921,0.8975,0.4122,2.704,30.38,5.38,54.7441,0.22053,54.96441,25,149.93,4,FAIL,HIGH_LEAKAGE
TST-000646,WFR-07,DIE-2349,EQP-101,STN-02,FS,1.1934,1.1646,46.0534,140.3713,12.0579,4.4617,0.4477,2488.99,13.0278,0.8762,0.4307,2.1668,27.47,2.47,50.8636,0.16752,51.02787,25,146.09,1,PASS,NORMAL
TST-000647,WFR-08,DIE-3012,EQP-104,STN-02,FS,1.083,1.0667,44.7401,119.6688,12.7255,4.2665,0.478,2220.11,14.779,0.8909,0.3868,2.3472,27.82,2.82,55.3112,0.1296,55.45449,25,150.09,3,FAIL,LOW_VOLTAGE
TST-000648,WFR-09,DIE-3725,EQP-102,STN-03,SS,1.1705,1.1455,39.8085,141.966,12.5214,4.1049,0.4714,2200.95,13.9949,0.8662,0.4239,3.3129,27.71,2.71,52.9272,0.16617,53.04348,25,150.1,4,PASS,NORMAL
TST-000649,WFR-10,DIE-4438,EQP-101,STN-04,FF,1.1755,1.1577,46.2337,158.4037,13.1967,4.1848,0.461,2505.23,12.211,0.818,0.4396,2.9376,27.26,2.26,51.2123,0.1862,51.47928,25,144.05,2,PASS,NORMAL
TST-000650,WFR-11,DIE-0101,EQP-105,STN-03,TT,1.2039,1.1889,45.8504,124.4728,12.623,4.0009,0.4504,2515.03,12.1329,0.8522,0.3897,2.9193,27.65,2.65,49.0888,0.14985,49.23314,25,153.08,1,PASS,NORMAL
TST-000651,WFR-12,DIE-0814,EQP-103,STN-01,TT,1.1877,1.1635,43.0151,139.8175,12.6433,4.0618,0.4136,2505.56,12.8123,0.8794,0.4092,1.6786,28.27,3.27,48.0797,0.16606,48.18984,25,148.17,5,FAIL,TIMING_FAILURE
TST-000652,WFR-13,DIE-1527,EQP-104,STN-02,TT,1.1863,1.178,44.2302,101.0514,12.8376,4.3903,0.4649,2370.62,13.3925,0.8392,0.4043,2.6415,26.86,1.86,49.8447,0.11988,49.9313,25,154.48,3,PASS,NORMAL
TST-000653,WFR-14,DIE-2240,EQP-103,STN-02,SF,1.0958,1.0803,44.3824,117.9171,12.6461,4.1519,0.4406,2323.33,13.5089,0.8346,0.4094,2.8732,27.88,2.88,55.2032,0.12921,55.38966,25,154.77,1,FAIL,LOW_VOLTAGE
TST-000654,WFR-15,DIE-2903,EQP-103,STN-03,SS,1.1996,1.1786,45.9765,135.7955,12.3886,4.4312,0.4747,2395.74,13.1739,0.8851,0.4389,2.6373,28.79,3.79,53.4724,0.1629,53.64744,25,145.16,4,PASS,NORMAL
TST-000655,WFR-16,DIE-3616,EQP-104,STN-01,SS,1.2047,1.1829,43.4068,128.2003,12.9509,4.355,0.4692,2384.12,12.9185,0.8431,0.4346,3.0161,27.39,2.39,60.703,0.15444,60.79857,25,149.34,5,PASS,NORMAL
TST-000656,WFR-17,DIE-4329,EQP-101,STN-01,SF,1.1902,1.1793,43.6636,143.4652,12.0597,4.1667,0.472,2327.45,12.9649,0.8916,0.4338,3.3297,29.27,4.27,53.8137,0.17075,54.09412,25,154.96,5,PASS,NORMAL
TST-000657,WFR-18,DIE-5042,EQP-105,STN-03,FS,1.1965,1.1804,48.7437,127.6219,12.4515,4.294,0.4585,2451.81,13.225,0.8503,0.4062,2.2392,31.94,6.94,61.8341,0.1527,61.96698,25,155.45,2,FAIL,POWER_ANOMALY
TST-000658,WFR-19,DIE-0705,EQP-104,STN-03,FS,1.1874,1.1733,44.6726,138.5969,12.1514,4.2332,0.4779,2359.45,13.5023,0.848,0.4501,2.6028,29.01,4.01,51.3354,0.16457,51.47456,25,145.74,5,PASS,NORMAL
TST-000659,WFR-20,DIE-1418,EQP-103,STN-02,FS,1.2179,1.1932,43.5833,128.4029,12.0866,4.2524,0.4566,2503.09,11.8875,0.8129,0.4009,3.2798,26.65,1.65,59.1415,0.15638,59.31074,25,143.78,2,PASS,NORMAL
TST-000660,WFR-01,DIE-2131,EQP-105,STN-02,FS,1.2113,1.1884,44.7129,125.5375,12.185,4.2781,0.4541,2486.56,12.8091,0.8596,0.4036,2.4178,29.03,4.03,51.6502,0.15206,51.79279,25,144.49,3,PASS,NORMAL
TST-000661,WFR-02,DIE-2844,EQP-101,STN-04,FS,1.1827,1.1621,44.1661,155.366,12.4833,4.3118,0.4409,2464.5,13.1245,0.8502,0.3893,2.2558,27.74,2.74,50.628,0.18375,50.96258,25,151.85,4,PASS,NORMAL
TST-000662,WFR-03,DIE-3507,EQP-105,STN-02,FS,1.209,1.1848,44.6585,121.229,12.5656,4.2705,0.4325,2573.07,12.0921,0.833,0.4334,2.6205,28.55,3.55,52.9296,0.14657,53.00044,25,156.35,5,PASS,NORMAL
TST-000663,WFR-04,DIE-4220,EQP-102,STN-01,SF,1.1902,1.1754,42.1996,112.9994,12.1617,4.2908,0.4521,2428.28,12.9364,0.9027,0.4095,2.6335,28.49,3.49,51.3985,0.13449,51.49292,25,146.22,3,PASS,NORMAL
TST-000664,WFR-05,DIE-4933,EQP-104,STN-03,TT,1.1427,1.1259,45.3765,108.6138,12.852,4.0604,0.4453,2440.61,12.8776,0.8186,0.406,2.6931,27.69,2.69,54.4457,0.12411,54.61403,25,148.84,2,FAIL,LOW_VOLTAGE
TST-000665,WFR-06,DIE-0646,EQP-101,STN-02,FF,1.1828,1.1643,51.332,147.3157,12.6507,4.1009,0.4412,2619,11.6374,0.806,0.4282,2.8296,33.71,8.71,70.4761,0.17425,70.64871,25,151.07,2,FAIL,POWER_ANOMALY
TST-000666,WFR-07,DIE-1309,EQP-104,STN-01,FF,1.119,1.1,43.2157,141.3113,12.6148,4.1594,0.4575,2480.25,11.8052,0.8648,0.4119,3.4574,26.4,1.4,55.7655,0.15813,55.90464,25,153.66,3,FAIL,LOW_VOLTAGE
TST-000667,WFR-08,DIE-2022,EQP-104,STN-04,TT,1.208,1.1891,45.0447,119.2458,12.6826,4.131,0.4355,2569.42,12.1205,0.8454,0.4313,2.6018,27.55,2.55,54.7719,0.14405,54.83932,25,140.11,4,PASS,NORMAL
TST-000668,WFR-09,DIE-2735,EQP-105,STN-02,SF,1.188,1.1726,43.3552,123.9775,12.4473,4.2899,0.4809,2339.28,13.3188,0.7955,0.4107,2.985,27.32,2.32,56.5453,0.14729,56.68284,25,149.41,3,PASS,NORMAL
TST-000669,WFR-10,DIE-3448,EQP-105,STN-02,FF,1.1989,1.1453,45.1462,145.0267,13.3407,4.2051,0.4361,2663.75,11.5199,0.8826,0.4217,2.6139,26.4,1.4,59.584,0.17387,59.79475,25,149.71,2,FAIL,EQUIPMENT_DRIFT
TST-000670,WFR-11,DIE-4111,EQP-104,STN-01,FF,1.1879,1.16,45.9737,146.9163,12.0945,4.068,0.4529,2624.12,12.2083,0.8009,0.4444,2.234,26.06,1.06,55.8643,0.17452,56.00001,25,152.37,2,PASS,NORMAL
TST-000671,WFR-12,DIE-4824,EQP-105,STN-03,FS,1.1808,1.16,42.8806,120.079,12.5342,4.2644,0.4352,2539.85,12.9128,0.8801,0.4382,1.9561,27.52,2.52,53.6024,0.14179,53.77118,25,152.34,2,PASS,NORMAL
TST-000672,WFR-13,DIE-0537,EQP-105,STN-02,FF,1.1926,1.1721,45.0452,139.9969,12.5041,4.2451,0.4497,2646.48,11.6259,0.7939,0.4264,2.6946,27.36,2.36,54.7333,0.16696,54.92323,25,144.2,1,PASS,NORMAL
TST-000673,WFR-14,DIE-1250,EQP-104,STN-03,SF,1.2074,1.1866,47.8281,130.013,12.5031,4.3134,0.4533,2534.84,12.8585,0.8332,0.4382,2.0884,31.96,6.96,53.3163,0.15698,53.46095,25,148.12,5,FAIL,HIGH_LEAKAGE
TST-000674,WFR-15,DIE-1913,EQP-104,STN-04,SS,1.2244,1.209,43.7933,105.4058,11.7471,4.2588,0.4873,2326.06,13.1393,0.8606,0.4236,3.1966,25.92,0.92,54.5274,0.12906,54.63719,25,148.5,3,PASS,NORMAL
TST-000675,WFR-16,DIE-2626,EQP-103,STN-02,FS,1.1767,1.161,43.3245,117.7744,12.6263,4.161,0.4621,2335.9,13.4519,0.8957,0.4265,2.7764,28.28,3.28,50.2257,0.13859,50.30247,25,149.74,2,PASS,NORMAL
TST-000676,WFR-17,DIE-3339,EQP-104,STN-03,SS,1.2104,1.1859,45.6302,141.0335,12.1912,4.3303,0.4581,2463.68,13.2251,0.862,0.4399,2.1488,27.41,2.41,56.9741,0.17071,57.24167,25,144.08,2,PASS,NORMAL
TST-000677,WFR-18,DIE-4002,EQP-105,STN-03,TT,1.2119,1.1882,44.6344,134.9723,12.2911,4.2693,0.4496,2465.72,11.8848,0.855,0.4022,3.4826,26.13,1.13,54.0187,0.16357,54.15859,25,148.33,5,PASS,NORMAL
TST-000678,WFR-19,DIE-4715,EQP-101,STN-01,SS,1.1845,1.171,46.083,126.6273,13.0433,3.9911,0.464,2306.77,13.0277,0.8501,0.4199,3.4625,27.42,2.42,50.7971,0.14999,50.94559,25,147.97,4,PASS,NORMAL
TST-000679,WFR-20,DIE-0428,EQP-104,STN-03,FF,1.1789,1.164,43.7568,147.3665,12.4984,4.2709,0.4466,2563.24,12.1378,0.8437,0.4201,2.6237,28.29,3.29,54.9549,0.17373,55.12517,25,150.55,5,PASS,NORMAL
TST-000680,WFR-01,DIE-1141,EQP-105,STN-04,FF,1.2015,1.1824,45.9259,144.1943,12.3609,4.2235,0.4329,2737.1,11.1045,0.8205,0.4187,2.689,28.62,3.62,54.9227,0.17325,55.04182,25,155.95,5,PASS,NORMAL
TST-000681,WFR-02,DIE-1804,EQP-102,STN-04,TT,1.2108,1.1962,46.7327,114.8664,12.6034,3.9474,0.4683,2458.29,13.0451,0.8366,0.4098,2.3898,28.47,3.47,56.2234,0.13908,56.35351,25,148.19,3,PASS,NORMAL
TST-000682,WFR-03,DIE-2517,EQP-103,STN-02,FF,1.1903,1.1737,41.0611,146.0999,11.981,4.3795,0.4591,2609.88,11.8711,0.8243,0.4014,2.631,28.94,3.94,55.8813,0.1739,56.08229,25,144.85,4,PASS,NORMAL
TST-000683,WFR-04,DIE-3230,EQP-101,STN-04,FS,1.2209,1.2053,45.9265,134.6254,13.107,4.2899,0.4402,2685.63,12.6953,0.8629,0.4098,1.3359,26.88,1.88,54.6756,0.16436,54.86855,25,151.9,2,PASS,NORMAL
TST-000684,WFR-05,DIE-3943,EQP-102,STN-04,FF,1.1977,1.1821,44.553,147.5694,12.9242,4.3723,0.4556,2601.62,11.9243,0.8772,0.4413,2.5735,27.58,2.58,54.8073,0.17674,54.89741,25,153.12,2,PASS,NORMAL
TST-000685,WFR-06,DIE-4606,EQP-101,STN-04,SF,1.2037,1.1756,43.5927,132.324,12.5884,3.9782,0.4386,2301.34,18.0825,0.978,0.4229,-4.2424,29.07,4.07,57.7843,0.15928,58.01592,25,149.29,5,FAIL,TIMING_FAILURE
TST-000686,WFR-07,DIE-0319,EQP-101,STN-02,FF,1.2141,1.2002,45.5746,154.9654,12.5965,4.1064,0.4393,2757.35,11.0946,0.872,0.4454,2.5401,28.33,3.33,56.2418,0.18814,56.46255,25,153.01,3,PASS,NORMAL
TST-000687,WFR-08,DIE-1032,EQP-104,STN-02,FF,1.2038,1.1821,44.2821,142.1356,12.8225,4.1905,0.4704,2662.25,12.1206,0.8838,0.426,2.0205,26.18,1.18,53.5888,0.1711,53.77069,25,145.76,2,PASS,NORMAL
TST-000688,WFR-09,DIE-1745,EQP-105,STN-01,FS,1.1829,1.1579,44.6662,138.1235,12.0873,3.9029,0.4639,2407.01,13.193,0.8407,0.4055,2.5844,28.13,3.13,45.0232,0.16339,45.21569,25,151.86,1,PASS,NORMAL
TST-000689,WFR-10,DIE-2408,EQP-102,STN-01,SS,1.2368,1.2173,46.8676,161.5842,12.7317,4.0627,0.4656,2500.56,13.0718,0.8015,0.4479,2.1231,28.69,3.69,58.2028,0.19985,58.39096,25,150.82,4,PASS,NORMAL
TST-000690,WFR-11,DIE-3121,EQP-102,STN-04,FF,1.2209,1.1958,46.4027,139.7349,12.2422,4.2934,0.4592,2697.25,11.6009,0.8827,0.3933,2.3463,28.97,3.97,57.3803,0.1706,57.56126,25,143.77,3,PASS,NORMAL
TST-000691,WFR-12,DIE-3834,EQP-105,STN-01,SS,1.2098,1.1866,47.7156,113.9192,12.9287,4.1524,0.4674,2409.27,12.8169,0.8393,0.4076,2.9463,27.55,2.55,49.7628,0.13782,49.83394,25,161.29,5,PASS,NORMAL
TST-000692,WFR-13,DIE-4547,EQP-105,STN-01,FS,1.1929,1.1696,45.4839,114.4755,12.0101,4.1503,0.4515,2498.87,12.2187,0.8698,0.4201,2.9187,27.86,2.86,52.7613,0.13656,52.98425,25,153.21,3,PASS,NORMAL
TST-000693,WFR-14,DIE-0210,EQP-101,STN-02,SF,1.1931,1.1718,43.4441,131.4101,12.6717,4.1956,0.4497,2514.07,12.5974,0.8838,0.4405,2.4293,28.19,3.19,47.7902,0.15679,47.94391,25,148.47,3,PASS,NORMAL
TST-000694,WFR-15,DIE-0923,EQP-102,STN-02,FF,1.2184,1.1855,46.8759,123.1948,12.4902,4.0632,0.4336,2708.98,10.9884,0.8433,0.4018,2.934,26.94,1.94,50.4709,0.1501,50.63069,25,153.07,3,PASS,NORMAL
TST-000695,WFR-16,DIE-1636,EQP-101,STN-04,TT,1.2075,1.1818,50.8607,282.3448,12.3371,4.4152,0.4428,2520.07,12.6994,0.8607,0.4425,2.3125,38.41,13.41,57.5467,0.34093,57.88987,25,151.97,1,FAIL,HIGH_LEAKAGE
TST-000696,WFR-17,DIE-2349,EQP-101,STN-03,TT,1.1977,1.1764,45.1109,128.2556,11.6847,4.2414,0.4549,2468.7,12.7956,0.8569,0.4281,2.5504,28.33,3.33,53.5941,0.15361,53.7929,25,152.68,5,PASS,NORMAL
TST-000697,WFR-18,DIE-3012,EQP-105,STN-04,FS,1.1946,1.171,44.0063,115.0413,12.4829,4.3629,0.4522,2421.74,12.1394,0.8178,0.427,3.5598,27.74,2.74,53.7,0.13743,53.78234,25,148.06,5,PASS,NORMAL
TST-000698,WFR-19,DIE-3725,EQP-102,STN-04,TT,1.1808,1.1586,44.0128,103.5639,12.686,4.3102,0.4537,2525.26,13.2537,0.8307,0.3934,1.7556,28.24,3.24,55.1015,0.12229,55.1682,25,153.91,4,PASS,NORMAL
TST-000699,WFR-20,DIE-4438,EQP-102,STN-01,SF,1.2087,1.1892,42.2448,141.7056,12.6527,4.2133,0.4587,2510,12.9454,0.7872,0.4209,2.2037,29.49,4.49,55.6737,0.17128,55.80806,25,152.56,1,PASS,NORMAL
TST-000700,WFR-01,DIE-0101,EQP-104,STN-03,TT,1.2164,1.1949,47.4793,123.5833,12.3008,4.3935,0.4479,2567.97,11.8227,0.8472,0.4185,2.9066,26.37,1.37,55.9691,0.15033,56.13522,25,149.28,3,PASS,NORMAL
TST-000701,WFR-02,DIE-0814,EQP-102,STN-03,FF,1.2251,1.2152,44.6482,124.3276,12.2148,4.1374,0.4621,2733.87,11.1877,0.8145,0.4027,2.6291,27.09,2.09,54.0104,0.15231,54.25707,25,149.41,4,PASS,NORMAL
TST-000702,WFR-03,DIE-1527,EQP-101,STN-02,SS,1.1989,1.1789,45.5163,128.7733,12.3179,4.3002,0.4603,2448.1,13.2856,0.872,0.4015,2.1816,27.41,2.41,54.4339,0.15439,54.66601,25,142.57,1,PASS,NORMAL
TST-000703,WFR-04,DIE-2240,EQP-101,STN-03,SF,1.2121,1.19,46.1627,110.9457,12.3792,4.3318,0.4422,2581.25,11.9285,0.8388,0.4162,2.7291,28.38,3.38,55.7218,0.13448,55.87328,25,154.64,2,PASS,NORMAL
TST-000704,WFR-05,DIE-2903,EQP-102,STN-04,SS,1.1931,1.1801,45.0632,145.5066,13.2347,4.2354,0.4814,2339.3,13.7995,0.8319,0.4339,2.4677,26.89,1.89,53.3393,0.1736,53.45668,25,149.07,5,PASS,NORMAL
TST-000705,WFR-06,DIE-3616,EQP-101,STN-02,FS,1.2138,1.192,44.9066,124.8577,12.5557,4.4052,0.4487,2559.29,11.9977,0.9319,0.4332,2.6997,27.23,2.23,54.8829,0.15155,55.07111,25,151.54,3,PASS,NORMAL
TST-000706,WFR-07,DIE-4329,EQP-105,STN-04,TT,1.2151,1.1931,44.7326,111.6453,12.5948,4.1569,0.4441,2616.38,11.3611,0.8687,0.4309,3.0585,27.28,2.28,55.4497,0.13566,55.48937,25,150.72,2,PASS,NORMAL
TST-000707,WFR-08,DIE-5042,EQP-105,STN-04,FF,1.1824,1.1627,43.1659,136.5789,12.8634,4.3624,0.4552,2495.62,12.6632,0.8852,0.3984,2.4797,27.9,2.9,52.8597,0.16149,52.97258,25,149.87,5,PASS,NORMAL
TST-000708,WFR-09,DIE-0705,EQP-101,STN-02,SS,1.2096,1.191,44.8141,137.9258,12.1791,4.1052,0.4486,2459.94,13.2136,0.8615,0.4304,2.1855,29.45,4.45,56.1736,0.16684,56.31418,25,146.14,3,PASS,NORMAL
TST-000709,WFR-10,DIE-1418,EQP-103,STN-03,TT,1.2094,1.1986,44.6565,126.0888,13.0104,4.1288,0.45,2529.97,11.7071,0.8701,0.4356,3.2333,27.5,2.5,55.0732,0.15249,55.22045,25,147.74,3,PASS,NORMAL
TST-000710,WFR-11,DIE-2131,EQP-105,STN-04,FF,1.2077,1.193,43.5001,179.9539,12.6876,4.243,0.4419,2716.19,11.2624,0.8207,0.4041,2.6434,27.28,2.28,54.055,0.21733,54.21503,25,154.79,3,PASS,NORMAL
TST-000711,WFR-12,DIE-2844,EQP-101,STN-01,SS,1.2195,1.192,48.6431,145.299,12.7694,4.3612,0.4777,2402.53,13.2348,0.8901,0.4369,2.5242,26.8,1.8,52.9356,0.17719,53.09727,25,144.26,4,PASS,NORMAL
TST-000712,WFR-13,DIE-3507,EQP-105,STN-02,TT,1.2088,1.1945,46.3706,136.54,12.8127,4.0756,0.4424,2549.96,12.6923,0.843,0.4369,2.1512,27,2,53.3424,0.16505,53.44437,25,144.14,2,PASS,NORMAL
TST-000713,WFR-14,DIE-4220,EQP-104,STN-02,SF,1.1993,1.1814,44.4462,122.6952,12.5288,4.0111,0.4776,2344.06,13.699,0.81,0.4265,2.5554,28.16,3.16,54.2069,0.14715,54.34115,25,146.63,4,PASS,NORMAL
TST-000714,WFR-15,DIE-4933,EQP-103,STN-03,FS,1.082,1.0635,48.8962,137.5707,12.306,4.0826,0.4539,2340.48,13.7274,0.8541,0.4183,2.509,27.77,2.77,55.6419,0.14885,55.76261,25,149.05,1,FAIL,LOW_VOLTAGE
TST-000715,WFR-16,DIE-0646,EQP-104,STN-04,SS,1.1914,1.1492,46.1937,114.685,12.7585,4.5157,0.4746,2301.43,13.7659,0.817,0.4511,2.7976,27.79,2.79,53.2524,0.13664,53.40035,25,153.23,1,FAIL,EQUIPMENT_DRIFT
TST-000716,WFR-17,DIE-1309,EQP-101,STN-02,SS,1.1983,1.1642,47.37,95.2398,12.0626,4.2249,0.4648,2327.93,13.1856,0.8681,0.423,3.1289,27,2,54.2801,0.11413,54.31621,25,146.25,4,PASS,NORMAL
TST-000717,WFR-18,DIE-2022,EQP-105,STN-03,FF,1.1732,1.1507,42.0399,164.7464,12.1512,4.1156,0.4212,2606.32,11.7251,0.8421,0.4118,2.7801,27.85,2.85,50.8732,0.19328,51.04312,25,157.81,1,PASS,NORMAL
TST-000718,WFR-19,DIE-2735,EQP-104,STN-01,FF,1.2088,1.1505,49.6688,155.452,13.1812,3.9857,0.4586,2636.38,11.8754,0.8288,0.4275,2.4681,28.12,3.12,56.2229,0.18791,56.44194,25,149.92,2,FAIL,EQUIPMENT_DRIFT
TST-000719,WFR-20,DIE-3448,EQP-103,STN-02,SF,1.1981,1.1828,45.2984,105.8069,12.8932,4.2097,0.4568,2467.19,12.2142,0.8271,0.4258,3.1715,26.2,1.2,51.8099,0.12677,51.90706,25,152.14,4,PASS,NORMAL
TST-000720,WFR-01,DIE-4111,EQP-102,STN-04,SF,1.1865,1.1755,46.3858,138.4409,12.1121,4.1999,0.4589,2349.73,13.3591,0.8138,0.4172,2.8503,26.87,1.87,49.6895,0.16426,49.7394,25,144.88,4,PASS,NORMAL
TST-000721,WFR-02,DIE-4824,EQP-101,STN-01,FS,1.2143,1.1902,45.8812,123.5647,12.0763,3.9916,0.4415,2588.45,12.169,0.8631,0.4089,2.4212,28.5,3.5,51.2437,0.15004,51.38317,25,148.05,5,PASS,NORMAL
TST-000722,WFR-03,DIE-0537,EQP-104,STN-04,SS,1.1927,1.1652,44.6855,99.1599,12.5561,4.2957,0.4772,2269.72,13.9441,0.8689,0.4151,2.8103,25.61,0.61,54.2708,0.11827,54.45521,25,156.36,4,PASS,NORMAL
TST-000723,WFR-04,DIE-1250,EQP-102,STN-01,SS,1.2086,1.1814,47.1656,93.9496,12.5715,4.342,0.4455,2458.15,12.5433,0.7777,0.4329,2.9514,28.17,3.17,50.8487,0.11355,51.0166,25,147.56,1,PASS,NORMAL
TST-000724,WFR-05,DIE-1913,EQP-104,STN-04,SS,1.1993,1.1774,43.8607,137.0476,13.1311,4.4273,0.513,2212.21,14.1377,0.8677,0.4251,3.0761,27.43,2.43,55.4828,0.16436,55.70445,25,144.58,5,FAIL,PROCESS_VARIATION
TST-000725,WFR-06,DIE-2626,EQP-104,STN-04,FF,1.21,1.1924,44.6905,155.7058,12.0053,4.2779,0.454,2644.12,12.0579,0.7943,0.4243,2.2757,25.66,0.66,55.4205,0.1884,55.58721,25,146.33,4,PASS,NORMAL
TST-000726,WFR-07,DIE-3339,EQP-103,STN-03,SS,1.1665,1.1414,42.5839,136.8437,12.1812,4.2177,0.4934,2126.62,14.3737,0.8534,0.4158,3.5821,28.03,3.03,51.5252,0.15963,51.69347,25,147.32,5,PASS,NORMAL
TST-000727,WFR-08,DIE-4002,EQP-101,STN-02,SF,1.2068,1.192,44.6767,120.1228,12.7236,4.0439,0.433,2549.75,11.9405,0.8581,0.4287,2.8892,28.41,3.41,50.4374,0.14496,50.57323,25,151.29,3,PASS,NORMAL
TST-000728,WFR-09,DIE-4715,EQP-104,STN-01,FS,1.1927,1.1718,46.9645,127.3156,12.694,3.9483,0.4417,2486.43,12.31,0.8782,0.4289,2.8991,26.73,1.73,52.7509,0.15185,52.95521,25,151.34,3,PASS,NORMAL
TST-000729,WFR-10,DIE-0428,EQP-102,STN-04,SF,1.2064,1.1816,44.7864,144.3752,12.8155,4.0889,0.4659,2535.95,11.7117,0.8581,0.4365,3.2034,25.88,0.88,52.153,0.17417,52.34689,25,144.7,3,PASS,NORMAL
TST-000730,WFR-11,DIE-1141,EQP-103,STN-04,FS,1.1964,1.1747,46.8287,140.1231,12.7778,4.3456,0.4621,2469.97,12.4025,0.8727,0.4366,2.9193,27.86,2.86,53.5544,0.16764,53.78129,25,157.43,1,PASS,NORMAL
TST-000731,WFR-12,DIE-1804,EQP-101,STN-02,FF,1.2039,1.1869,44.547,171.8621,12.2027,4.1554,0.4664,2552.65,12.0515,0.8722,0.4371,2.7463,28.24,3.24,49.591,0.2069,49.80397,25,151.75,4,PASS,NORMAL
TST-000732,WFR-13,DIE-2517,EQP-102,STN-03,SF,1.2054,1.1902,46.8552,104.8583,12.5692,4.219,0.4711,2474.69,13.1113,0.8517,0.4155,2.2006,27.2,2.2,53.757,0.1264,53.89595,25,149.09,5,PASS,NORMAL
TST-000733,WFR-14,DIE-3230,EQP-102,STN-01,SS,1.2115,1.1854,49.3254,118.9941,12.6016,4.1876,0.4547,2454.03,13.3607,0.906,0.4223,2.033,27.74,2.74,53.9333,0.14416,54.05792,25,148.67,2,PASS,NORMAL
TST-000734,WFR-15,DIE-3943,EQP-105,STN-01,FS,1.176,1.1576,49.3295,132.5097,12.9109,4.3125,0.4555,2351.08,13.5671,0.8755,0.4107,2.5709,31.61,6.61,63.5723,0.15583,63.8126,25,145.95,2,FAIL,POWER_ANOMALY
TST-000735,WFR-16,DIE-4606,EQP-101,STN-03,FF,1.1725,1.1484,43.5788,134.8041,12.4307,4.2028,0.4559,2561.99,11.9361,0.79,0.4383,2.8868,25.9,0.9,55.8431,0.15806,55.9892,25,142.05,3,PASS,NORMAL
TST-000736,WFR-17,DIE-0319,EQP-102,STN-03,FF,1.1988,1.1763,45.5366,137.1981,12.3671,4.4181,0.4387,2699.84,11.7151,0.8267,0.3995,2.2739,26.69,1.69,53.307,0.16447,53.44755,25,146.08,4,PASS,NORMAL
TST-000737,WFR-18,DIE-1032,EQP-102,STN-03,FS,1.1732,1.1549,51.1514,274.2669,12.6227,4.1267,0.4468,2425.64,13.4201,0.8611,0.4152,2.2093,40.43,15.43,47.9474,0.32177,48.16945,25,150.32,1,FAIL,HIGH_LEAKAGE
TST-000738,WFR-19,DIE-1745,EQP-104,STN-04,SF,1.2005,1.1813,42.5659,143.8264,12.8799,4.1665,0.4467,2456.88,12.6182,0.8601,0.4207,2.8025,28.09,3.09,53.9429,0.17266,54.19132,25,149.01,3,PASS,NORMAL
TST-000739,WFR-20,DIE-2408,EQP-104,STN-03,SF,1.2006,1.1768,44.1863,153.595,13.1074,4.186,0.4349,2528.53,12.3858,0.8439,0.4128,2.5898,27.27,2.27,54.6275,0.18441,54.77754,25,152.52,3,PASS,NORMAL
TST-000740,WFR-01,DIE-3121,EQP-102,STN-04,FS,1.1837,1.17,45.4502,122.6012,12.6362,4.3101,0.4445,2493.97,12.7978,0.8396,0.4438,2.4013,27.27,2.27,50.2213,0.14512,50.38841,25,148.02,1,PASS,NORMAL
TST-000741,WFR-02,DIE-3834,EQP-104,STN-04,SF,1.2258,1.2064,43.4404,134.6778,12.5057,4.1067,0.4615,2524.09,12.1357,0.865,0.4364,2.8466,28.39,3.39,59.1179,0.16509,59.30527,25,151.86,3,PASS,NORMAL
TST-000742,WFR-03,DIE-4547,EQP-101,STN-03,TT,1.1902,1.1752,44.3356,119.8565,12.822,4.2523,0.4803,2057.71,16.0774,0.9774,0.4132,0.9481,26.8,1.8,52.4538,0.14265,52.58651,25,155.3,2,FAIL,TIMING_FAILURE
TST-000743,WFR-04,DIE-0210,EQP-103,STN-01,FF,1.2026,1.1853,46.3787,151.8369,13.5825,4.2418,0.4434,2500.88,15.2712,1.0191,0.3968,-1.7951,28.76,3.76,50.6013,0.1826,50.79802,25,148.58,4,FAIL,TIMING_FAILURE
TST-000744,WFR-05,DIE-0923,EQP-104,STN-03,TT,1.2112,1.1839,45.5342,128.4842,13.0158,4.0178,0.4623,2476.79,12.5781,0.7904,0.3799,2.7814,27.67,2.67,53.2358,0.15562,53.35154,25,154.04,5,PASS,NORMAL
TST-000745,WFR-06,DIE-1636,EQP-104,STN-04,TT,1.1842,1.1594,45.5792,119.5453,12.6427,4.2194,0.4529,2419.86,13.4214,0.826,0.4301,2.2825,30.08,5.08,49.436,0.14157,49.60062,25,143.16,4,PASS,NORMAL
TST-000746,WFR-07,DIE-2349,EQP-101,STN-04,TT,1.2153,1.2006,49.3321,111.1564,12.6793,4.2144,0.4618,2516.07,12.5769,0.8909,0.3999,2.43,27.71,2.71,56.7492,0.13509,56.89403,25,151.56,4,PASS,NORMAL
TST-000747,WFR-08,DIE-3012,EQP-101,STN-02,FS,1.19,1.1805,44.2025,153.4317,12.3151,4.2476,0.4386,2521.11,12.259,0.843,0.4298,2.764,26.96,1.96,54.1347,0.18258,54.33953,25,153.29,1,PASS,NORMAL
TST-000748,WFR-09,DIE-3725,EQP-104,STN-01,SF,1.2099,1.1945,44.15,126.1236,13.2108,4.2999,0.4353,2586.36,12.9237,0.8531,0.4,1.689,28.1,3.1,56.7314,0.1526,56.93187,25,141.09,1,PASS,NORMAL
TST-000749,WFR-10,DIE-4438,EQP-103,STN-01,SF,1.2145,1.1926,43.383,131.1332,12.1501,4.2004,0.4481,2534.57,11.7257,0.8475,0.4077,3.2086,26.88,1.88,55.9914,0.15926,56.19035,25,151.32,4,PASS,NORMAL
TST-000750,WFR-11,DIE-0101,EQP-102,STN-04,FF,1.2177,1.2,49.3495,99.2727,12.6515,4.0063,0.438,2799.34,11.2096,0.8783,0.414,2.2012,31,6,79.8602,0.12088,79.95319,25,150.22,3,FAIL,POWER_ANOMALY
TST-000751,WFR-12,DIE-0814,EQP-101,STN-02,SF,1.1737,1.1605,41.0963,160.0267,12.4048,4.1243,0.464,2387.69,12.9227,0.8114,0.405,3.0185,27.95,2.95,52.5566,0.18782,52.78624,25,152.5,3,PASS,NORMAL
TST-000752,WFR-13,DIE-1527,EQP-102,STN-02,SF,1.1995,1.178,45.4335,148.1134,13.4961,4.3917,0.4552,2474.1,12.2411,0.7779,0.419,3.1485,28.64,3.64,52.4241,0.17766,52.64613,25,149.55,2,PASS,NORMAL
TST-000753,WFR-14,DIE-2240,EQP-102,STN-02,TT,1.2005,1.1808,45.2962,115.0767,12.45,4.2844,0.4518,2508.45,12.3068,0.8578,0.426,2.7815,28.15,3.15,53.1481,0.13815,53.29404,25,148.98,4,PASS,NORMAL
TST-000754,WFR-15,DIE-2903,EQP-103,STN-02,SF,1.2141,1.1977,45.0182,142.3651,13.1078,4.0241,0.432,2620.7,11.4804,0.8669,0.4103,2.9158,27.74,2.74,53.8543,0.17285,54.0325,25,151.5,1,PASS,NORMAL
TST-000755,WFR-16,DIE-3616,EQP-104,STN-01,SS,1.168,1.1525,43.356,137.3054,12.2915,4.059,0.4624,2285.14,13.6855,0.8364,0.4054,2.9825,27.47,2.47,51.7167,0.16037,51.87247,25,150.78,1,PASS,NORMAL
TST-000756,WFR-17,DIE-4329,EQP-101,STN-03,SF,1.2133,1.1828,45.4343,154.8346,12.4818,4.2766,0.4509,2599.69,12.0044,0.8664,0.4234,2.5156,28.04,3.04,50.8102,0.18786,51.01314,25,149.28,5,PASS,NORMAL
TST-000757,WFR-18,DIE-5042,EQP-105,STN-03,TT,1.2101,1.1891,45.9031,147.7178,12.7904,3.9577,0.4732,2457.62,13.025,0.8741,0.3895,2.3768,28.41,3.41,51.4646,0.17875,51.55412,25,144.89,3,PASS,NORMAL
TST-000758,WFR-19,DIE-0705,EQP-101,STN-03,FF,1.2034,1.1786,43.3568,160.7571,12.3079,4.1501,0.4482,2614.32,12.4917,0.8513,0.4099,1.9573,26.1,1.1,54.5935,0.19346,54.76247,25,159.53,5,PASS,NORMAL
TST-000759,WFR-20,DIE-1418,EQP-102,STN-02,SS,1.2189,1.2065,47.9097,110.9356,12.5547,4.1595,0.4703,2440.73,12.847,0.8635,0.4022,2.678,28.43,3.43,58.0547,0.13522,58.12366,25,145.6,5,PASS,NORMAL
TST-000760,WFR-01,DIE-2131,EQP-102,STN-03,FS,1.205,1.1741,44.1254,128.4397,12.1822,4.2324,0.4425,2534.24,12.1695,0.836,0.426,2.7783,26.83,1.83,54.2053,0.15477,54.29108,25,150.69,5,PASS,NORMAL
TST-000761,WFR-02,DIE-2844,EQP-105,STN-01,FS,1.1969,1.1814,44.9038,108.4832,12.3791,4.2328,0.4612,2402.29,12.5432,0.84,0.4171,3.2676,28.23,3.23,51.8972,0.12984,52.09988,25,154.93,3,PASS,NORMAL
TST-000762,WFR-03,DIE-3507,EQP-103,STN-02,SF,1.2115,1.1856,45.4133,111.3528,13.1041,4.1347,0.4645,2487.58,12.4769,0.8723,0.4006,2.7307,26.87,1.87,55.808,0.1349,55.93737,25,146.29,5,PASS,NORMAL
TST-000763,WFR-04,DIE-4220,EQP-103,STN-01,SF,1.1741,1.158,44.1398,142.419,12.5166,4.1653,0.4529,2399.13,12.5675,0.8624,0.419,3.2428,27.96,2.96,51.0224,0.16721,51.2748,25,150.83,5,PASS,NORMAL
TST-000764,WFR-05,DIE-4933,EQP-105,STN-04,TT,1.1876,1.1629,44.8532,141.6053,12.9733,4.3775,0.4638,2392.85,12.5426,0.8484,0.3965,3.3255,28.44,3.44,56.0113,0.16817,56.27978,25,149.63,4,PASS,NORMAL
TST-000765,WFR-06,DIE-0646,EQP-103,STN-02,TT,1.1745,1.154,44.217,138.8492,12.6661,4.3577,0.4321,2487.02,12.8854,0.8347,0.4379,2.3634,27.22,2.22,49.833,0.16308,49.89019,25,148.78,1,PASS,NORMAL
TST-000766,WFR-07,DIE-1309,EQP-105,STN-03,FF,1.1855,1.1665,46.207,135.9787,12.2829,4.2124,0.4567,2560.3,12.3962,0.8104,0.4575,2.4166,30.22,5.22,61.2267,0.1612,61.36805,25,153.18,2,FAIL,POWER_ANOMALY
TST-000767,WFR-08,DIE-2022,EQP-101,STN-01,FF,1.1835,1.1665,45.7019,124.2354,12.3706,4.1393,0.4385,2696.99,11.9265,0.8612,0.4324,2.0436,28.6,3.6,49.0091,0.14703,49.16455,25,151.9,4,PASS,NORMAL
TST-000768,WFR-09,DIE-2735,EQP-101,STN-03,SF,1.206,1.1835,44.8929,115.6303,12.3752,4.3125,0.4487,2540.89,12.3618,0.8063,0.4393,2.5744,26.68,1.68,50.7449,0.13945,50.85209,25,155.21,4,PASS,NORMAL
TST-000769,WFR-10,DIE-3448,EQP-101,STN-04,FF,1.1706,1.149,46.3417,265.7621,12.0711,4.0574,0.4511,2472.62,12.0906,0.8155,0.4443,3.2711,32.01,7.01,51.0191,0.3111,51.29746,25,157.05,4,FAIL,HIGH_LEAKAGE
TST-000770,WFR-11,DIE-4111,EQP-103,STN-04,SS,1.2252,1.209,47.3535,132.6351,11.834,3.8551,0.4764,2400.9,13.3407,0.8312,0.4249,2.4885,26.52,1.52,55.4854,0.1625,55.69768,25,156.35,3,PASS,NORMAL
TST-000771,WFR-12,DIE-4824,EQP-105,STN-03,TT,1.1953,1.1751,43.3009,127.7276,12.1398,4.1038,0.4507,2394.13,13.7242,0.7721,0.421,2.2112,26.68,1.68,51.7527,0.15267,51.90065,25,148.42,2,PASS,NORMAL
TST-000772,WFR-13,DIE-0537,EQP-101,STN-04,TT,1.2206,1.1997,43.9448,139.5431,12.0248,4.1186,0.4371,2632.42,11.5055,0.8412,0.4221,2.8484,25.75,0.75,57.2825,0.17033,57.42288,25,150.64,4,PASS,NORMAL
TST-000773,WFR-14,DIE-1250,EQP-105,STN-02,SF,1.1884,1.1768,44.3178,128.3858,12.7352,4.2849,0.4632,2428.65,12.7421,0.8197,0.4032,2.9083,27.78,2.78,54.0381,0.15257,54.14837,25,152.28,5,PASS,NORMAL
TST-000774,WFR-15,DIE-1913,EQP-104,STN-04,SF,1.2204,1.1995,46.5436,134.8569,12.2905,4.1721,0.4283,2682.5,11.0193,0.8317,0.4119,3.0605,25.92,0.92,54.9492,0.16458,55.09267,25,152.54,2,PASS,NORMAL
TST-000775,WFR-16,DIE-2626,EQP-105,STN-01,FS,1.1775,1.1552,45.1798,108.0517,13.0549,4.1094,0.4604,2396.73,13.0589,0.8964,0.4144,2.7341,26.31,1.31,55.8113,0.12723,56.03532,25,149.3,1,PASS,NORMAL
TST-000776,WFR-17,DIE-3339,EQP-102,STN-02,SS,1.2202,1.2074,43.1861,149.2707,12.8714,4.072,0.4899,2478.87,13.6932,0.8292,0.4105,1.614,26.08,1.08,53.1176,0.18214,53.30966,25,151.4,2,PASS,NORMAL
TST-000777,WFR-18,DIE-4002,EQP-104,STN-01,FF,1.2039,1.1835,43.3228,130.1393,12.4717,4.3109,0.4503,2637.49,11.8348,0.8404,0.4078,2.4907,27.91,2.91,56.321,0.15667,56.42699,25,146.68,5,PASS,NORMAL
TST-000778,WFR-19,DIE-4715,EQP-101,STN-04,FS,1.1951,1.1893,44.1029,127.9336,12.7699,4.3439,0.4486,2420.59,14.6762,0.8919,0.4305,0.2312,27.49,2.49,60.6812,0.15289,60.85756,25,153.64,2,FAIL,TIMING_FAILURE
TST-000779,WFR-20,DIE-0428,EQP-101,STN-02,TT,1.2014,1.1872,46.508,116.1336,12.2308,4.0566,0.4561,2507.86,12.1655,0.8311,0.4089,2.9533,27.46,2.46,54.8551,0.13952,55.02815,25,150.52,3,PASS,NORMAL
TST-000780,WFR-01,DIE-1141,EQP-104,STN-02,TT,1.1985,1.1786,44.0266,131.2593,12.1447,4.0809,0.4241,2645.63,12.3056,0.8139,0.4264,1.9998,27.8,2.8,50.5201,0.15731,50.64901,25,148.12,2,PASS,NORMAL
TST-000781,WFR-02,DIE-1804,EQP-102,STN-04,SF,1.2028,1.1771,46.0563,156.2703,12.2094,4.288,0.4386,2584.49,12.2715,0.8268,0.4111,2.3786,27.58,2.58,54.6203,0.18796,54.76513,25,149.3,1,PASS,NORMAL
TST-000782,WFR-03,DIE-2517,EQP-104,STN-02,FF,1.198,1.1817,47.2593,121.1872,12.4187,4.0988,0.4486,2657.31,12.4949,0.8588,0.4222,1.6991,28.19,3.19,56.1188,0.14518,56.26996,25,151.68,2,PASS,NORMAL
TST-000783,WFR-04,DIE-3230,EQP-102,STN-02,SF,1.2045,1.1837,45.9947,137.8564,11.9814,4.2537,0.4624,2467.58,12.695,0.8538,0.4212,2.6614,29.85,4.85,52.5586,0.16605,52.73058,25,148.11,2,PASS,NORMAL
TST-000784,WFR-05,DIE-3943,EQP-105,STN-03,SS,1.1758,1.1535,43.3368,137.1155,12.3977,4.1918,0.4494,2296.86,13.8548,0.8236,0.4263,2.7367,27.37,2.37,53.2708,0.16122,53.48227,25,147.29,5,PASS,NORMAL
TST-000785,WFR-06,DIE-4606,EQP-104,STN-02,FS,1.2083,1.1774,47.2833,120.4614,12.2326,4.2609,0.4494,2547.45,12.0571,0.8624,0.4203,2.7825,28.71,3.71,51.1149,0.14555,51.21128,25,149.31,3,PASS,NORMAL
TST-000786,WFR-07,DIE-0319,EQP-101,STN-02,SS,1.2114,1.1908,46.9958,139.2379,12.5665,4.1848,0.4623,2434.93,12.7832,0.8002,0.4194,2.8442,27.07,2.07,54.8402,0.16867,55.09601,25,152.05,2,PASS,NORMAL
TST-000787,WFR-08,DIE-1032,EQP-105,STN-01,TT,1.1972,1.173,46.6487,134.6282,12.3771,4.2994,0.4467,2514.41,12.0592,0.8971,0.4344,2.952,26.69,1.69,54.9341,0.16118,55.02646,25,151.27,3,PASS,NORMAL
TST-000788,WFR-09,DIE-1745,EQP-104,STN-01,SS,1.2029,1.1784,44.7394,111.6587,12.6816,4.2297,0.469,2380.81,13.4057,0.8642,0.3832,2.5311,28.49,3.49,58.0779,0.13431,58.20655,25,152,4,PASS,NORMAL
TST-000789,WFR-10,DIE-2408,EQP-104,STN-01,SF,1.2124,1.195,45.6319,101.7237,12.8084,4.0357,0.4564,2512.21,12.5409,0.8863,0.3974,2.495,27.92,2.92,54.6791,0.12333,54.85558,25,152.23,3,PASS,NORMAL
TST-000790,WFR-11,DIE-3121,EQP-104,STN-02,FS,1.1757,1.1556,42.6735,137.7808,12.1731,4.2174,0.4418,2421.88,13.0419,0.8491,0.4166,2.6251,28.93,3.93,51.352,0.16199,51.47403,25,147.66,3,PASS,NORMAL
TST-000791,WFR-12,DIE-3834,EQP-101,STN-02,FF,1.1909,1.1721,45.4946,184.3541,13.1849,4.1248,0.4524,2575.31,11.451,0.767,0.4185,3.3141,27.55,2.55,53.9478,0.21955,54.11099,25,154.49,1,PASS,NORMAL
TST-000792,WFR-13,DIE-4547,EQP-103,STN-01,SF,1.1939,1.1649,45.335,108.4961,12.6832,4.4462,0.4193,2570.91,12.4555,0.8622,0.3957,2.241,26.77,1.77,47.73,0.12953,47.86859,25,147.6,3,PASS,NORMAL
TST-000793,WFR-14,DIE-0210,EQP-101,STN-01,FF,1.2316,1.2141,45.6385,168.1398,11.9859,4.2138,0.4414,2828.86,10.1412,0.8324,0.4335,3.1664,27.51,2.51,56.0673,0.20708,56.22566,25,150.15,1,PASS,NORMAL
TST-000794,WFR-15,DIE-0923,EQP-102,STN-01,FF,1.1989,1.1864,46.487,130.5864,12.5328,4.303,0.4481,2695.17,11.223,0.8089,0.4046,2.8095,28.24,3.24,55.5597,0.15656,55.77234,25,152.47,5,PASS,NORMAL
TST-000795,WFR-16,DIE-1636,EQP-101,STN-03,FF,1.1951,1.1666,44.4145,159.0112,12.1095,3.9102,0.4663,2552.61,11.9964,0.8265,0.4191,2.8473,27.59,2.59,52.0581,0.19003,52.20594,25,151.42,5,PASS,NORMAL
TST-000796,WFR-17,DIE-2349,EQP-102,STN-01,FF,1.2193,1.196,47.1949,109.7231,13.1149,4.1207,0.4286,2804.22,11.3072,0.8169,0.4444,2.1401,26.85,1.85,57.3452,0.13379,57.37724,25,153.97,3,PASS,NORMAL
TST-000797,WFR-18,DIE-3012,EQP-105,STN-04,FS,1.2093,1.1774,47.8889,118.4432,12.3231,4.1949,0.4535,2601.22,12.9909,0.9148,0.4142,1.4717,26.54,1.54,52.4574,0.14323,52.58616,25,147.38,2,PASS,NORMAL
TST-000798,WFR-19,DIE-3725,EQP-101,STN-03,SS,1.1929,1.1722,44.9913,167.3828,12.3926,4.2195,0.4607,2266.31,13.223,0.8476,0.4377,3.5792,27.7,2.7,52.9147,0.19967,53.13333,25,155.82,2,PASS,NORMAL
TST-000799,WFR-20,DIE-4438,EQP-102,STN-01,FS,1.0915,1.0593,43.4844,148.673,12.325,3.9895,0.4356,2343.17,13.6334,0.8224,0.3987,2.6151,26.92,1.92,51.9045,0.16228,52.0459,25,148.48,3,FAIL,LOW_VOLTAGE
TST-000800,WFR-01,DIE-0101,EQP-102,STN-01,TT,1.127,1.1127,44.3275,127.274,13.0014,4.4434,0.4817,2177.96,14.2788,0.8501,0.4282,3.2369,26.58,1.58,51.8643,0.14344,52.06549,25,148.9,2,FAIL,LOW_VOLTAGE
TST-000801,WFR-02,DIE-0814,EQP-101,STN-04,SS,1.1889,1.171,44.651,134.4815,13.3803,4.3873,0.464,2353.55,12.9363,0.8139,0.3965,3.2454,28.35,3.35,55.7719,0.15989,56.089,25,150.28,4,PASS,NORMAL
TST-000802,WFR-03,DIE-1527,EQP-105,STN-01,SS,1.1737,1.1491,46.732,119.1499,11.8554,4.1626,0.4563,2263.8,12.9402,0.8055,0.4313,3.9237,28.02,3.02,50.744,0.13985,50.90078,25,144.67,5,PASS,NORMAL
TST-000803,WFR-04,DIE-2240,EQP-101,STN-03,FF,1.2158,1.197,44.8673,124.5123,12.0916,4.2639,0.4501,2721.2,12.0079,0.8468,0.4265,1.8447,27.61,2.61,54.9051,0.15138,54.94757,25,149.25,1,PASS,NORMAL
TST-000804,WFR-05,DIE-2903,EQP-102,STN-04,TT,1.1856,1.1541,43.0386,115.9803,12.328,3.9326,0.4616,2404.7,12.7009,0.8732,0.4197,3.06,28.6,3.6,53.506,0.13751,53.73553,25,145.55,3,PASS,NORMAL
TST-000805,WFR-06,DIE-3616,EQP-104,STN-04,FS,1.1918,1.1697,44.4337,110.3984,12.795,4.169,0.4597,2412.18,12.6691,0.7576,0.4043,3.1558,27.97,2.97,54.0907,0.13157,54.20813,25,154.78,4,PASS,NORMAL
TST-000806,WFR-07,DIE-4329,EQP-104,STN-04,SF,1.2103,1.1887,43.0525,149.4346,12.4915,4.2352,0.4643,2519.74,12.5779,0.8377,0.4206,2.4591,26.95,1.95,55.2855,0.18086,55.5164,25,143.68,3,PASS,NORMAL
TST-000807,WFR-08,DIE-5042,EQP-105,STN-04,FS,1.2053,1.1808,44.8151,123.2238,12.5611,4.3272,0.4427,2467.97,12.4347,0.8796,0.4193,2.8934,27.84,2.84,54.8166,0.14852,55.06713,25,147.49,1,PASS,NORMAL
TST-000808,WFR-09,DIE-0705,EQP-103,STN-01,FS,1.1894,1.1735,43.9572,140.719,12.3744,4.2065,0.4454,2467.41,12.04,0.8793,0.442,3.292,28.46,3.46,55.3868,0.16737,55.51239,25,148.19,3,PASS,NORMAL
TST-000809,WFR-10,DIE-1418,EQP-104,STN-01,FF,1.2156,1.1929,43.5171,151.323,12.3135,4.2919,0.437,2818.02,10.9377,0.8638,0.4232,2.3929,26.75,1.75,53.5631,0.18395,53.77429,25,149.48,1,PASS,NORMAL
TST-000810,WFR-11,DIE-2131,EQP-105,STN-01,FF,1.1857,1.1708,45.4489,127.7765,12.6939,4.3715,0.4345,2572.68,12.1989,0.8613,0.4333,2.4878,26.13,1.13,54.7328,0.1515,54.98598,25,149.58,1,PASS,NORMAL
TST-000811,WFR-12,DIE-2844,EQP-104,STN-02,FF,1.1889,1.1667,43.9061,143.4865,12.5213,4.2718,0.4419,2682.82,11.5921,0.8323,0.3888,2.4853,27.87,2.87,52.3493,0.17059,52.55459,25,152.48,2,PASS,NORMAL
TST-000812,WFR-13,DIE-3507,EQP-101,STN-02,SF,1.2205,1.1985,46.8589,145.0881,12.165,4.2434,0.4382,2549.82,11.9185,0.8242,0.4032,2.9447,27.67,2.67,57.5824,0.17708,57.72324,25,155.65,1,PASS,NORMAL
TST-000813,WFR-14,DIE-4220,EQP-101,STN-01,TT,1.1666,1.1458,43.4607,127.0325,12.1132,4.5046,0.4605,2376.13,13.3248,0.8496,0.4074,2.6597,27.46,2.46,53.3016,0.1482,53.49768,25,145.5,5,PASS,NORMAL
TST-000814,WFR-15,DIE-4933,EQP-105,STN-01,SS,1.1824,1.1667,44.1473,139.6105,12.736,4.3562,0.4867,2207.19,13.6396,0.8412,0.4221,3.6418,28.7,3.7,52.0154,0.16508,52.11883,25,149.9,3,PASS,NORMAL
TST-000815,WFR-16,DIE-0646,EQP-102,STN-03,SS,1.1906,1.1648,43.5471,140.8895,12.0509,4.2528,0.4748,2255.79,13.4989,0.9222,0.4548,3.311,27.47,2.47,51.5544,0.16774,51.78253,25,145.11,5,PASS,NORMAL
TST-000816,WFR-17,DIE-1309,EQP-103,STN-03,SS,1.212,1.1948,47.3586,140.7389,13.1572,4.151,0.4804,2448.81,13.9005,0.8198,0.4054,1.6142,28.43,3.43,56.4742,0.17058,56.60557,25,151.19,3,FAIL,HIGH_LEAKAGE
TST-000817,WFR-18,DIE-2022,EQP-101,STN-03,SF,1.1991,1.1815,45.6272,144.1816,12.3179,4.2934,0.4683,2437.56,13.4421,0.8577,0.4056,2.1101,27.56,2.56,52.4822,0.17289,52.60746,25,147.69,4,PASS,NORMAL
TST-000818,WFR-19,DIE-2735,EQP-102,STN-03,SS,1.1755,1.1651,43.0342,129.3331,12.2888,4.2981,0.4635,2270.08,13.3749,0.8478,0.414,3.3978,26.45,1.45,52.2589,0.15203,52.47567,25,151.36,1,PASS,NORMAL
TST-000819,WFR-20,DIE-3448,EQP-102,STN-01,FS,1.197,1.1829,42.8507,126.5001,12.7009,4.3163,0.4551,2438.35,12.4231,0.8444,0.4337,3.137,27.63,2.63,54.8139,0.15142,54.95652,25,147.71,3,PASS,NORMAL
TST-000820,WFR-01,DIE-4111,EQP-101,STN-01,TT,1.1707,1.1589,44.6397,138.5854,12.4837,3.9846,0.4411,2348.03,12.8894,0.8464,0.4177,3.2998,28.42,3.42,50.8424,0.16224,51.02431,25,146.71,2,PASS,NORMAL
TST-000821,WFR-02,DIE-4824,EQP-104,STN-04,TT,1.1846,1.1636,43.2335,100.0336,12.8209,4.2422,0.4534,2394.2,12.0742,0.8404,0.4051,3.7924,27.71,2.71,52.1201,0.1185,52.18516,25,153.24,5,PASS,NORMAL
TST-000822,WFR-03,DIE-0537,EQP-103,STN-03,SS,1.2004,1.1784,43.7793,128.2087,12.2152,4.4044,0.4759,2317.35,13.7794,0.884,0.3854,2.5977,27.38,2.38,52.181,0.1539,52.35622,25,142.12,1,PASS,NORMAL
TST-000823,WFR-04,DIE-1250,EQP-102,STN-04,TT,1.1796,1.1592,41.4825,92.9166,13.3587,4.0454,0.4596,2374.34,13.6979,0.8576,0.4261,2.2913,27.52,2.52,49.4717,0.1096,49.56512,25,153.22,5,PASS,NORMAL
TST-000824,WFR-05,DIE-1913,EQP-104,STN-04,SS,1.1572,1.1323,45.1878,121.1866,12.9972,4.1872,0.478,2165.29,14.6343,0.8673,0.4051,2.9717,26.96,1.96,50.0881,0.14024,50.20457,25,152.18,4,PASS,NORMAL
TST-000825,WFR-06,DIE-2626,EQP-104,STN-01,FF,1.174,1.1632,44.702,177.5006,11.6729,4.3372,0.4835,2377.17,12.2815,0.8507,0.4189,3.6945,27.6,2.6,51.2856,0.20839,51.45766,25,148.09,1,PASS,NORMAL
TST-000826,WFR-07,DIE-3339,EQP-101,STN-02,FF,1.1697,1.1497,43.2572,151.1236,14.4213,4.7003,0.4896,2276.08,13.9693,0.8251,0.4399,2.7797,27.46,2.46,50.5356,0.17677,50.71867,25,153.11,3,FAIL,PROCESS_VARIATION
TST-000827,WFR-08,DIE-4002,EQP-103,STN-03,SS,1.1935,1.1739,45.7889,107.3068,12.6793,4.318,0.469,2279.24,13.4598,0.8975,0.4267,3.1924,27.82,2.82,53.881,0.12807,53.99445,25,148.77,1,PASS,NORMAL
TST-000828,WFR-09,DIE-4715,EQP-103,STN-01,TT,1.1984,1.185,44.1416,127.6785,12.6118,4.1067,0.4416,2514.22,12.3173,0.8437,0.4367,2.7485,28,3,55.1975,0.15301,55.35001,25,152.36,3,PASS,NORMAL
TST-000829,WFR-10,DIE-0428,EQP-104,STN-02,SS,1.2098,1.1874,45.5803,123.5337,12.6536,3.9828,0.4562,2463.73,12.1826,0.8324,0.391,3.2205,27.76,2.76,57.0711,0.14945,57.20935,25,150.36,5,PASS,NORMAL
TST-000830,WFR-11,DIE-1141,EQP-102,STN-04,FF,1.2282,1.2115,43.2438,129.2606,12.131,4.433,0.4421,2866.93,11.5953,0.8611,0.411,1.4958,27.27,2.27,58.4764,0.15876,58.76174,25,149.93,3,PASS,NORMAL
TST-000831,WFR-12,DIE-1804,EQP-103,STN-02,SF,1.1779,1.1658,44.4029,122.4461,11.6682,4.1783,0.4652,2304.07,13.2694,0.8677,0.4283,3.2235,28.26,3.26,51.4263,0.14423,51.57417,25,151.34,4,PASS,NORMAL
TST-000832,WFR-13,DIE-2517,EQP-105,STN-04,SS,1.2026,1.1739,44.8766,138.7902,13.0059,4.3581,0.4678,2411.9,13.0786,0.8396,0.4075,2.6662,28.12,3.12,51.3336,0.16691,51.53969,25,149.91,1,PASS,NORMAL
TST-000833,WFR-14,DIE-3230,EQP-102,STN-01,TT,1.2034,1.1824,46.4962,95.9611,12.4277,4.2154,0.4583,2442.16,11.797,0.7796,0.4188,3.8023,26.98,1.98,52.0986,0.11548,52.14645,25,151.66,2,PASS,NORMAL
TST-000834,WFR-15,DIE-3943,EQP-101,STN-04,FF,1.183,1.1701,43.2702,174.0879,12.5193,4.414,0.4551,2576.23,12.0937,0.8527,0.4333,2.5802,27.74,2.74,54.1614,0.20595,54.35699,25,149.25,4,PASS,NORMAL
TST-000835,WFR-16,DIE-4606,EQP-101,STN-02,SS,1.2513,1.235,47.2493,124.9509,12.1131,4.2622,0.4764,2459.49,12.366,0.8269,0.4129,3.0706,27.63,2.63,60.9653,0.15635,61.12436,25,155.22,1,PASS,NORMAL
TST-000836,WFR-17,DIE-0319,EQP-104,STN-04,TT,1.1978,1.1838,45.8105,141.9059,11.83,4.2673,0.4538,2522.64,13.0235,0.8395,0.4082,1.9934,29.18,4.18,49.7849,0.16997,50.00639,25,143.69,3,PASS,NORMAL
TST-000837,WFR-18,DIE-1032,EQP-104,STN-03,SS,1.1828,1.1606,45.5548,92.5855,12.1861,4.102,0.4604,2316.3,14.194,0.8887,0.4219,2.1862,28.44,3.44,55.1952,0.10951,55.26773,25,152.73,4,PASS,NORMAL
TST-000838,WFR-19,DIE-1745,EQP-103,STN-04,SF,1.1981,1.1887,44.2455,112.3698,13.2731,4.3518,0.4414,2571.1,12.5175,0.8699,0.4071,2.1701,26.06,1.06,54.2016,0.13463,54.41491,25,153.47,1,PASS,NORMAL
TST-000839,WFR-20,DIE-2408,EQP-103,STN-03,SS,1.2219,1.2043,46.9483,106.7736,12.9165,4.1109,0.4796,2400.28,13.205,0.8968,0.4191,2.5629,27.09,2.09,54.7452,0.13047,54.91824,25,148.11,1,PASS,NORMAL
TST-000840,WFR-01,DIE-3121,EQP-102,STN-03,SF,1.2089,1.1777,47.9569,152.1513,12.9591,4.0813,0.4432,2563.55,12.2267,0.8205,0.4184,2.5562,28.24,3.24,55.9,0.18394,56.03627,25,150.21,4,PASS,NORMAL
TST-000841,WFR-02,DIE-3834,EQP-104,STN-03,TT,1.2025,1.1872,45.5493,134.8619,12.5013,4.1395,0.4452,2523.62,12.3072,0.8484,0.4244,2.6946,30.2,5.2,53.1149,0.16217,53.27112,25,147.83,5,PASS,NORMAL
TST-000842,WFR-03,DIE-4547,EQP-101,STN-03,TT,1.231,1.2201,45.5368,121.729,12.3471,4.1796,0.4735,2546.48,12.2653,0.8017,0.4489,2.641,27.38,2.38,56.0765,0.14985,56.21152,25,153.02,2,PASS,NORMAL
TST-000843,WFR-04,DIE-0210,EQP-105,STN-03,FF,1.1982,1.1799,45.2637,141.3226,12.8487,4.2729,0.4337,2712.56,12.2382,0.8192,0.4386,1.6888,27.04,2.04,54.7815,0.16933,55.06514,25,147.05,3,PASS,NORMAL
TST-000844,WFR-05,DIE-0923,EQP-104,STN-02,SS,1.2095,1.1925,46.8878,153.339,12.0259,4.0732,0.4444,2485.69,12.4341,0.8559,0.4365,2.8021,29.04,4.04,55.4313,0.18546,55.64148,25,148.55,5,PASS,NORMAL
TST-000845,WFR-06,DIE-1636,EQP-102,STN-02,TT,1.1847,1.1702,45.4756,139.6339,12.5358,4.1083,0.4512,2473.16,12.5825,0.8481,0.4208,2.743,27.9,2.9,55.0843,0.16542,55.21881,25,145.31,5,PASS,NORMAL
TST-000846,WFR-07,DIE-2349,EQP-103,STN-03,SS,1.1822,1.1621,43.3266,117.4993,14.6353,4.499,0.5181,2078.95,15.0432,0.8554,0.4057,3.3419,27.81,2.81,53.9488,0.13891,54.03019,25,146.16,2,FAIL,PROCESS_VARIATION
TST-000847,WFR-08,DIE-3012,EQP-102,STN-01,SF,1.2248,1.209,47.093,111.3441,12.2029,4.1324,0.4359,2626.22,11.7807,0.8199,0.4307,2.6304,27.35,2.35,54.2531,0.13637,54.37473,25,157.38,1,PASS,NORMAL
TST-000848,WFR-09,DIE-3725,EQP-102,STN-02,SF,1.2034,1.1792,51.4477,141.264,12.6198,4.2026,0.4611,2437.81,12.2597,0.85,0.3963,3.2985,31.92,6.92,77.7454,0.17,77.86476,25,138.76,4,FAIL,POWER_ANOMALY
TST-000849,WFR-10,DIE-4438,EQP-101,STN-02,SF,1.1935,1.1767,45.6787,148.3708,13.1953,4.0934,0.4342,2525.28,12.1079,0.8015,0.4273,2.9304,29.27,4.27,46.8655,0.17708,47.05082,25,144.45,3,PASS,NORMAL
TST-000850,WFR-11,DIE-0101,EQP-104,STN-04,FS,1.2262,1.2015,45.9615,128.0572,12.2312,4.0822,0.4311,2723.62,11.7692,0.7868,0.398,2.1303,27.34,2.34,54.1953,0.15702,54.37173,25,148.3,3,PASS,NORMAL
TST-000851,WFR-12,DIE-0814,EQP-104,STN-04,SS,1.2039,1.1807,44.258,123.7201,12.8102,4.2552,0.4598,2315.6,12.6815,0.853,0.425,3.7396,28.6,3.6,53.6423,0.14895,53.78983,25,156.04,5,PASS,NORMAL
TST-000852,WFR-13,DIE-1527,EQP-105,STN-01,SF,1.1843,1.1632,44.0609,113.5054,12.4147,4.1972,0.4408,2504.13,12.857,0.8724,0.4371,2.2442,26.41,1.41,55.9525,0.13442,56.06728,25,155.04,2,PASS,NORMAL
TST-000853,WFR-14,DIE-2240,EQP-103,STN-03,TT,1.2118,1.1966,45.8187,129.9859,11.8697,4.1533,0.4528,2527.23,12.2975,0.8447,0.4061,2.6854,27.15,2.15,47.9842,0.15752,48.08072,25,150.96,1,PASS,NORMAL
TST-000854,WFR-15,DIE-2903,EQP-105,STN-01,FF,1.2205,1.2049,42.3453,133.59,12.5639,4.3851,0.4507,2706.75,11.1806,0.8987,0.4453,2.6986,27.04,2.04,54.7351,0.16305,54.92242,25,152.37,3,PASS,NORMAL
TST-000855,WFR-16,DIE-3616,EQP-104,STN-01,FS,1.2036,1.1856,44.0405,157.6774,12.4826,4.2021,0.4518,2539.75,12.1415,0.8587,0.4182,2.7494,28.03,3.03,49.533,0.18978,49.75827,25,145.45,4,PASS,NORMAL
TST-000856,WFR-17,DIE-4329,EQP-103,STN-04,SF,1.192,1.1717,41.0808,123.42,12.2919,4.1401,0.4589,2408.21,12.7268,0.8404,0.4091,3.0426,28.45,3.45,51.9334,0.14712,52.12192,25,156.39,5,PASS,NORMAL
TST-000857,WFR-18,DIE-5042,EQP-101,STN-03,SS,1.2089,1.1859,43.8701,150.9982,12.3751,4.2038,0.4703,2379.77,12.6365,0.8568,0.441,3.315,27.78,2.78,60.8159,0.18254,60.98084,25,152.19,2,PASS,NORMAL
TST-000858,WFR-19,DIE-0705,EQP-104,STN-03,SS,1.1894,1.1614,45.1162,107.9219,12.2529,4.3118,0.4615,2354.75,13.7045,0.8529,0.4354,2.4295,26.86,1.86,53.3424,0.12836,53.47639,25,152.97,2,PASS,NORMAL
TST-000859,WFR-20,DIE-1418,EQP-105,STN-04,TT,1.1928,1.177,46.7454,140.8002,11.8541,4.1067,0.4454,2453.04,12.5446,0.8664,0.4257,2.8953,27.13,2.13,56.0805,0.16795,56.29985,25,149.31,5,PASS,NORMAL
TST-000860,WFR-01,DIE-2131,EQP-104,STN-04,TT,1.1932,1.17,46.6333,125.1521,12.4896,4.2537,0.462,2386.48,12.2803,0.8871,0.4412,3.5937,27.11,2.11,53.6324,0.14933,53.75908,25,143.15,3,PASS,NORMAL
TST-000861,WFR-02,DIE-2844,EQP-105,STN-02,FF,1.1959,1.1683,45.6583,158.9442,12.2663,4.1191,0.4217,2721.88,11.2962,0.7932,0.4424,2.6063,27.55,2.55,57.9316,0.19008,58.05308,25,144.81,1,PASS,NORMAL
TST-000862,WFR-03,DIE-3507,EQP-101,STN-01,TT,1.2127,1.1951,45.2525,143.0319,12.6044,4.1277,0.4434,2576.26,12.1699,0.8384,0.4297,2.5181,27.3,2.3,51.0605,0.17345,51.14972,25,139.62,4,PASS,NORMAL
TST-000863,WFR-04,DIE-4220,EQP-105,STN-04,FF,1.2136,1.1966,46.1278,137.7839,13.4239,4.0965,0.4582,2635.97,12.1822,0.8034,0.4258,2.1891,27.02,2.02,54.7136,0.16721,54.87049,25,146.55,5,PASS,NORMAL
TST-000864,WFR-05,DIE-4933,EQP-101,STN-01,SS,1.1855,1.1641,44.1847,137.1339,12.3191,4.0942,0.4886,2200.9,13.7818,0.8037,0.4151,3.5889,27.88,2.88,55.8345,0.16257,55.99782,25,154.48,4,PASS,NORMAL
TST-000865,WFR-06,DIE-0646,EQP-101,STN-02,FF,1.2108,1.1947,46.9347,144.8744,13.2806,4.1031,0.4598,2703.9,11.5314,0.8315,0.3956,2.4305,27.8,2.8,53.1404,0.17541,53.3767,25,149.7,3,PASS,NORMAL
TST-000866,WFR-07,DIE-1309,EQP-102,STN-04,SS,1.2045,1.1868,47.0764,144.6648,12.3388,4.0804,0.4727,2251.18,14.6895,0.8823,0.4275,1.1658,27.4,2.4,53.6352,0.17425,53.73059,25,152.61,4,FAIL,TIMING_FAILURE
TST-000867,WFR-08,DIE-2022,EQP-101,STN-02,FF,1.1963,1.1749,43.6336,149.7963,12.9147,4.3242,0.4473,2631.09,11.8565,0.8486,0.4241,2.4977,27.68,2.68,52.5803,0.1792,52.81897,25,154.01,3,PASS,NORMAL
TST-000868,WFR-09,DIE-2735,EQP-105,STN-03,FF,1.1932,1.1678,45.7498,153.0004,13.0995,4.322,0.4433,2711.73,12.0738,0.8288,0.4095,1.8481,26.93,1.93,52.3933,0.18256,52.5827,25,146.05,1,PASS,NORMAL
TST-000869,WFR-10,DIE-3448,EQP-105,STN-03,FF,1.209,1.1853,46.598,121.1567,11.788,4.1094,0.4628,2642.64,11.1916,0.8986,0.4391,3.0462,28.53,3.53,54.5478,0.14648,54.64663,25,146.92,5,PASS,NORMAL
TST-000870,WFR-11,DIE-4111,EQP-101,STN-01,SF,1.1967,1.1778,43.6137,96.0286,12.8654,4.0945,0.4547,2468.76,12.7317,0.8466,0.4092,2.6242,28.11,3.11,52.9919,0.11492,53.14939,25,145.23,3,PASS,NORMAL
TST-000871,WFR-12,DIE-4824,EQP-104,STN-03,SF,1.2064,1.1844,45.2803,133.9831,12.2891,4.3288,0.4489,2561.4,13.0324,0.8677,0.4392,1.7164,27.06,2.06,55.2197,0.16164,55.39435,25,149.19,2,PASS,NORMAL
TST-000872,WFR-13,DIE-0537,EQP-104,STN-03,SS,1.1567,1.1395,45.0056,108.3431,13.1611,4.0579,0.4815,2289.24,13.9153,0.8213,0.4368,2.7364,27.46,2.46,59.2795,0.12532,59.31802,25,154.15,4,FAIL,LOW_VOLTAGE
TST-000873,WFR-14,DIE-1250,EQP-102,STN-02,FS,1.1978,1.1733,47.8772,113.7113,12.0259,4.1995,0.4676,2430.49,13.2963,0.9087,0.3942,2.2526,27.68,2.68,53.1307,0.1362,53.26606,25,146.33,4,PASS,NORMAL
TST-000874,WFR-15,DIE-1913,EQP-103,STN-04,SF,1.1959,1.1728,49.7447,100.1504,13.1322,3.9845,0.4531,2478.17,11.8306,0.847,0.4223,3.4633,31.56,6.56,84.1408,0.11977,84.28494,25,148.01,5,FAIL,POWER_ANOMALY
TST-000875,WFR-16,DIE-2626,EQP-103,STN-03,SS,1.1786,1.1609,43.8171,138.4998,12.1504,4.3729,0.4657,2293.05,13.3843,0.8758,0.4393,3.1839,28,3,54.2098,0.16324,54.40334,25,155.56,2,PASS,NORMAL
TST-000876,WFR-17,DIE-3339,EQP-103,STN-03,FF,1.1924,1.1741,45.6623,137.4134,13.3937,4.3333,0.4646,2588.3,11.8819,0.8686,0.4121,2.7037,27.64,2.64,53.617,0.16385,53.75632,25,153.17,4,PASS,NORMAL
TST-000877,WFR-18,DIE-4002,EQP-101,STN-03,TT,1.1975,1.1767,47.0639,141.3755,11.9237,4.0118,0.4767,2383.66,13.2366,0.8726,0.4139,2.6717,26.39,1.39,51.1227,0.1693,51.30241,25,149.36,2,PASS,NORMAL
TST-000878,WFR-19,DIE-4715,EQP-105,STN-02,SS,1.1862,1.1597,44.3135,155.2931,12.4912,4.314,0.462,2306.55,12.9012,0.8381,0.4104,3.6026,27.65,2.65,52.6743,0.18421,52.79143,25,153.56,1,PASS,NORMAL
TST-000879,WFR-20,DIE-0428,EQP-103,STN-03,TT,1.1724,1.1502,43.9399,147.639,13.3897,4.151,0.4528,2379.63,13.5258,0.8472,0.4063,2.4363,27.32,2.32,51.7618,0.17309,52.01426,25,147.97,5,PASS,NORMAL
TST-000880,WFR-01,DIE-1141,EQP-103,STN-04,SF,1.1772,1.1561,45.6716,113.2233,11.9228,4.3268,0.4467,2425.66,13.4359,0.8371,0.4031,2.2174,28.13,3.13,54.4233,0.13329,54.54428,25,148.1,2,PASS,NORMAL
TST-000881,WFR-02,DIE-1804,EQP-103,STN-04,FS,1.1793,1.1575,45.0632,132.0518,12.8912,4.0932,0.4343,2608.78,12.6465,0.8109,0.4066,1.8754,29.23,4.23,51.9077,0.15573,52.01788,25,146.48,1,PASS,NORMAL
TST-000882,WFR-03,DIE-2517,EQP-101,STN-04,SF,1.1945,1.1702,45.9956,132.223,12.8576,4.4011,0.4598,2438.97,12.7418,0.8422,0.421,2.8164,27.42,2.42,55.0545,0.15794,55.20064,25,152.13,2,PASS,NORMAL
TST-000883,WFR-04,DIE-3230,EQP-102,STN-04,SF,1.2452,1.2163,48.1629,130.3178,12.6197,4.419,0.4364,2778.17,11.1088,0.8149,0.428,2.4743,25.92,0.92,56.4409,0.16227,56.50497,25,147.97,5,PASS,NORMAL
TST-000884,WFR-05,DIE-3943,EQP-103,STN-03,FF,1.2025,1.1836,47.6941,127.7446,13.1314,4.2465,0.4355,2813.86,11.4468,0.8546,0.4258,1.9139,25.54,0.54,48.2713,0.15361,48.44507,25,154.88,2,PASS,NORMAL
TST-000885,WFR-06,DIE-4606,EQP-101,STN-03,FF,1.2071,1.1826,47.4927,86.7963,12.659,3.9796,0.471,2522.73,11.7382,0.8594,0.4064,3.2582,36.02,11.02,50.312,0.10477,50.40216,25,150.17,5,FAIL,THERMAL_ANOMALY
TST-000886,WFR-07,DIE-0319,EQP-105,STN-01,SF,1.2117,1.1935,46.076,120.2565,12.8298,4.3694,0.4538,2506.56,12.1341,0.8436,0.4425,2.9804,28.54,3.54,56.0257,0.14571,56.20215,25,151.74,2,PASS,NORMAL
TST-000887,WFR-08,DIE-1032,EQP-105,STN-01,FF,1.1974,1.1752,43.8534,161.5646,13.6853,4.6588,0.5011,2314.61,12.7937,0.8373,0.3966,3.6505,25.75,0.75,53.3396,0.19346,53.58161,25,147.73,2,FAIL,PROCESS_VARIATION
TST-000888,WFR-09,DIE-1745,EQP-104,STN-02,FS,1.2189,1.2034,43.8071,130.6722,12.2963,4.2412,0.4472,2637.45,11.5245,0.834,0.4036,2.8077,26.66,1.66,59.6893,0.15928,59.91527,25,144.95,4,PASS,NORMAL
TST-000889,WFR-10,DIE-2408,EQP-103,STN-04,SF,1.215,1.1894,42.9433,128.3446,12.8494,4.1521,0.4245,2705.58,11.6462,0.8917,0.4406,2.2464,26.07,1.07,54.2914,0.15594,54.50644,25,157.08,4,PASS,NORMAL
TST-000890,WFR-11,DIE-3121,EQP-105,STN-04,SF,1.1948,1.1718,46.2632,137.3244,12.6532,4.3446,0.453,2448.07,12.6304,0.8237,0.4299,2.8853,26.55,1.55,52.0131,0.16408,52.10887,25,144.73,4,PASS,NORMAL
TST-000891,WFR-12,DIE-3834,EQP-105,STN-01,FF,1.1982,1.1687,45.0316,150.637,12.3077,4.3697,0.4501,2607.88,11.4615,0.8632,0.4204,3.0134,27.81,2.81,50.849,0.18049,50.98483,25,150.31,2,PASS,NORMAL
TST-000892,WFR-13,DIE-4547,EQP-101,STN-02,FS,1.1859,1.1657,42.1818,165.9277,13.0024,4.1739,0.4609,2434.59,13.2724,0.8156,0.4063,2.3419,27.49,2.49,51.8583,0.19677,52.00442,25,147.89,4,PASS,NORMAL
TST-000893,WFR-14,DIE-0210,EQP-103,STN-02,SF,1.2252,1.2009,44.765,143.7982,12.4309,4.2231,0.4436,2618.34,12.0427,0.8745,0.4313,2.3597,28.76,3.76,56.9327,0.17618,57.09264,25,143.53,1,PASS,NORMAL
TST-000894,WFR-15,DIE-0923,EQP-102,STN-01,FF,1.2128,1.1887,44.6244,159.4897,12.7256,4.1627,0.4599,2720.85,11.8498,0.8607,0.4087,1.9908,28.3,3.3,57.1076,0.19343,57.34076,25,151.51,2,PASS,NORMAL
TST-000895,WFR-16,DIE-1636,EQP-105,STN-02,FF,1.2073,1.1839,43.8965,130.2882,12.7479,4.4018,0.45,2704.06,12.221,0.856,0.4213,1.7156,28.02,3.02,57.1403,0.1573,57.28457,25,153.47,1,PASS,NORMAL
TST-000896,WFR-17,DIE-2349,EQP-102,STN-04,SS,1.2242,1.1985,45.941,116.1092,12.7703,4.2445,0.4649,2515.35,12.9175,0.8898,0.4186,2.0951,28.62,3.62,59.8007,0.14214,59.90533,25,150.46,1,PASS,NORMAL
TST-000897,WFR-18,DIE-3012,EQP-101,STN-04,TT,1.2058,1.1813,45.6203,127.2007,12.4556,3.9707,0.4634,2438.64,12.3299,0.831,0.4199,3.2417,28.29,3.29,53.2131,0.15338,53.31026,25,147.67,2,PASS,NORMAL
TST-000898,WFR-19,DIE-3725,EQP-101,STN-03,SS,1.2035,1.1816,44.0101,139.8373,13.223,4.3833,0.4775,2306.49,13.3395,0.8608,0.3948,3.1421,27.18,2.18,55.5125,0.16829,55.74326,25,149.87,5,FAIL,PROCESS_VARIATION
TST-000899,WFR-20,DIE-4438,EQP-101,STN-03,FS,1.2204,1.2004,47.4412,146.3547,13.0728,4.3846,0.4345,2630.22,12.3675,0.8821,0.4336,1.9583,27.91,2.91,61.0218,0.17861,61.23365,25,152.21,2,PASS,NORMAL
TST-000900,WFR-01,DIE-0101,EQP-102,STN-03,TT,1.2028,1.1733,47.1048,138.5243,12.7226,4.1531,0.4309,2606.67,12.4875,0.8555,0.4242,2.0022,28.21,3.21,50.8253,0.16662,50.9881,25,151.78,1,PASS,NORMAL
TST-000901,WFR-02,DIE-0814,EQP-104,STN-03,FS,1.2106,1.1857,42.7417,125.3235,11.9543,4.1681,0.4599,2492.77,12.0827,0.8505,0.4253,3.1132,28.47,3.47,56.4883,0.15172,56.7124,25,154.91,5,PASS,NORMAL
TST-000902,WFR-03,DIE-1527,EQP-103,STN-02,FS,1.1844,1.1681,42.8564,145.4981,12.1433,4.3783,0.4604,2297.89,13.2984,0.88,0.435,3.2289,28.73,3.73,51.4372,0.17233,51.54595,25,143.54,5,PASS,NORMAL
TST-000903,WFR-04,DIE-2240,EQP-103,STN-01,FF,1.1959,1.1762,44.357,141.3302,12.7531,4.1653,0.4503,2548.48,11.6288,0.8203,0.4119,3.2465,27.16,2.16,52.1508,0.16902,52.32572,25,152.38,1,PASS,NORMAL
TST-000904,WFR-05,DIE-2903,EQP-102,STN-01,FF,1.2103,1.1955,46.3934,151.7658,13.0741,4.1575,0.4371,2736.64,11.634,0.8764,0.4145,2.1061,27.94,2.94,59.1194,0.18368,59.22519,25,149.63,2,PASS,NORMAL
TST-000905,WFR-06,DIE-3616,EQP-102,STN-02,SS,1.2064,1.1926,45.0874,118.2459,12.2766,4.2389,0.4451,2422.37,11.9145,0.8667,0.4296,3.7316,27.67,2.67,57.8848,0.14265,57.98944,25,143.2,2,PASS,NORMAL
TST-000906,WFR-07,DIE-4329,EQP-105,STN-02,TT,1.1845,1.1621,47.6324,121.6356,12.2571,4.4053,0.4336,2524.37,12.7594,0.8778,0.4041,2.2083,27.8,2.8,52.5894,0.14408,52.6427,25,149.61,1,PASS,NORMAL
TST-000907,WFR-08,DIE-5042,EQP-103,STN-04,SF,1.171,1.149,43.7666,115.6143,12.3744,4.3644,0.469,2298.25,13.3827,0.8695,0.4131,3.1523,26.58,1.58,49.1141,0.13538,49.2436,25,151.62,3,PASS,NORMAL
TST-000908,WFR-09,DIE-0705,EQP-101,STN-02,TT,1.2107,1.1975,46.6778,118.2435,12.1509,4.2015,0.45,2574.49,12.2964,0.8832,0.4383,2.3575,28.06,3.06,52.7653,0.14316,52.93068,25,145.56,1,PASS,NORMAL
TST-000909,WFR-10,DIE-1418,EQP-102,STN-02,FS,1.2058,1.1713,45.1879,120.2196,12.2187,4.3352,0.4404,2470.49,12.3037,0.8157,0.4272,3.0717,27.54,2.54,55.3063,0.14496,55.45297,25,148.19,2,PASS,NORMAL
TST-000910,WFR-11,DIE-2131,EQP-105,STN-04,FS,1.2018,1.1827,45.2379,106.734,12.6259,4.1016,0.433,2566.09,12.2762,0.8756,0.4035,2.4361,28.87,3.87,54.8015,0.12827,54.98439,25,148.6,1,PASS,NORMAL
TST-000911,WFR-12,DIE-2844,EQP-105,STN-03,FS,1.1976,1.1667,52.7818,273.0864,12.6049,4.2443,0.4478,2464.77,12.4924,0.8605,0.4047,2.8758,35.22,10.22,53.5585,0.32705,53.83586,25,146.57,1,FAIL,HIGH_LEAKAGE
TST-000912,WFR-13,DIE-3507,EQP-104,STN-04,SF,1.1686,1.147,46.6923,129.0866,12.0758,3.9668,0.4336,2435.99,12.7143,0.8222,0.4141,2.8839,27.03,2.03,51.9738,0.15085,52.26056,25,152.37,3,PASS,NORMAL
TST-000913,WFR-14,DIE-4220,EQP-102,STN-02,SF,1.1841,1.1658,49.1576,71.9151,13.2007,4.0124,0.4642,2353.82,13.2771,0.8477,0.4046,2.8689,37.81,12.81,50.3421,0.08515,50.48277,25,149.15,2,FAIL,THERMAL_ANOMALY
TST-000914,WFR-15,DIE-4933,EQP-102,STN-02,FS,1.1842,1.1673,45.465,116.7144,12.0407,4.3962,0.4528,2348.83,12.5231,0.7536,0.4211,3.7531,28.15,3.15,53.3472,0.13821,53.57068,25,144.9,1,PASS,NORMAL
TST-000915,WFR-16,DIE-0646,EQP-102,STN-01,SS,1.2111,1.1952,46.2697,108.3503,12.5042,3.9288,0.4827,2316.96,13.2041,0.8354,0.4072,3.2245,27.05,2.05,54.2392,0.13122,54.38814,25,146.66,2,PASS,NORMAL
TST-000916,WFR-17,DIE-1309,EQP-102,STN-04,SS,1.2246,1.2096,44.1714,130.2452,11.9172,4.2234,0.4696,2434.43,12.3257,0.8125,0.435,3.2928,26.99,1.99,54.7129,0.1595,54.83906,25,158.5,4,PASS,NORMAL
TST-000917,WFR-18,DIE-2022,EQP-104,STN-01,FF,1.1903,1.1649,43.1238,149.0321,13.8859,4.5043,0.5258,2246.44,13.2677,0.7988,0.4099,3.7395,27.77,2.77,51.6044,0.17739,51.81537,25,152.8,1,FAIL,PROCESS_VARIATION
TST-000918,WFR-19,DIE-2735,EQP-104,STN-01,FS,1.2017,1.1825,44.3805,118.3329,12.8388,4.2113,0.4541,2557.79,12.7382,0.8632,0.4323,2.0371,27.63,2.63,55.9726,0.1422,56.12625,25,148.31,3,PASS,NORMAL
TST-000919,WFR-20,DIE-3448,EQP-104,STN-01,FF,1.1779,1.1507,49.6289,302.6603,12.6298,4.2186,0.4594,2467.86,12.7336,0.8255,0.4119,2.6493,38.39,13.39,48.9511,0.3565,49.26964,25,147.78,3,FAIL,HIGH_LEAKAGE
TST-000920,WFR-01,DIE-4111,EQP-103,STN-02,SS,1.1968,1.1827,44.6986,117.6841,12.8535,4.1129,0.4669,2376.63,12.8873,0.8164,0.4467,3.1269,27.46,2.46,54.4002,0.14084,54.44754,25,149.49,2,PASS,NORMAL
TST-000921,WFR-02,DIE-4824,EQP-104,STN-02,SS,1.2011,1.1735,47.1288,138.8998,12.2362,4.1906,0.4748,2323.45,12.8766,0.8546,0.4016,3.4846,26.53,1.53,54.2993,0.16683,54.46689,25,143.93,5,PASS,NORMAL
TST-000922,WFR-03,DIE-0537,EQP-101,STN-03,FS,1.2269,1.2045,47.9694,123.9682,12.4818,4.0315,0.4442,2643.52,11.7855,0.8752,0.4088,2.4706,25,0,57.7869,0.1521,57.90176,25,144.01,1,PASS,NORMAL
TST-000923,WFR-04,DIE-1250,EQP-101,STN-04,SF,1.1859,1.1581,49.8601,197.9675,12.1378,4.1088,0.4539,2370.54,12.781,0.8281,0.4283,3.2647,37.23,12.23,51.2523,0.23477,51.6083,25,144.91,1,FAIL,HIGH_LEAKAGE
TST-000924,WFR-05,DIE-1913,EQP-105,STN-02,FS,1.2202,1.2019,48.1808,136.6222,12.3629,4.1174,0.4503,2624.37,12.3484,0.8284,0.408,2.065,27.62,2.62,56.0947,0.16671,56.31301,25,156.5,1,PASS,NORMAL
TST-000925,WFR-06,DIE-2626,EQP-105,STN-02,FS,1.2054,1.1475,51.478,110.9232,13.257,4.2258,0.4355,2576.77,12.5618,0.8813,0.4216,2.0802,26.79,1.79,53.5559,0.13371,53.69392,25,151.24,3,FAIL,EQUIPMENT_DRIFT
TST-000926,WFR-07,DIE-3339,EQP-102,STN-04,SF,1.18,1.159,43.6698,126.6843,12.4309,4.2799,0.4453,2364.72,12.0078,0.7854,0.434,4.1221,26.82,1.82,53.7953,0.14949,53.91456,25,145.26,3,PASS,NORMAL
TST-000927,WFR-08,DIE-4002,EQP-101,STN-01,FS,1.1735,1.1564,45.1338,136.7511,12.6329,4.0625,0.4397,2358.72,13.0168,0.8392,0.447,3.1024,26.85,1.85,51.2745,0.16048,51.45792,25,157.62,4,PASS,NORMAL
TST-000928,WFR-09,DIE-4715,EQP-102,STN-04,SS,1.176,1.1654,44.9528,111.9741,12.8624,4.1298,0.4725,2266.22,13.7288,0.8695,0.3945,3.0522,28.13,3.13,52.6888,0.13168,52.80188,25,149.16,4,PASS,NORMAL
TST-000929,WFR-10,DIE-0428,EQP-104,STN-01,SS,1.1965,1.1661,44.868,117.3736,12.6274,4.1673,0.4597,2382.17,12.6525,0.8237,0.4405,3.3152,26.06,1.06,52.6092,0.14044,52.71505,25,151.13,4,PASS,NORMAL
TST-000930,WFR-11,DIE-1141,EQP-103,STN-04,SF,1.1802,1.1652,45.9023,132.3467,12.4786,4.04,0.4684,2325.69,13.1424,0.8136,0.4059,3.2432,27.8,2.8,56.7706,0.1562,56.99574,25,151.36,2,PASS,NORMAL
TST-000931,WFR-12,DIE-1804,EQP-104,STN-02,FF,1.2029,1.1843,46.8287,128.3354,12.7778,4.2826,0.4622,2583.95,12.4602,0.869,0.4168,2.151,26.92,1.92,57.8777,0.15437,58.02525,25,154.83,4,PASS,NORMAL
TST-000932,WFR-13,DIE-2517,EQP-103,STN-03,SF,1.2207,1.193,46.6183,111.7144,12.2506,4.2216,0.4424,2563.73,11.9863,0.8492,0.3823,2.7668,27.03,2.03,53.967,0.13637,54.07637,25,158.87,3,PASS,NORMAL
TST-000933,WFR-14,DIE-3230,EQP-104,STN-03,SF,1.2031,1.1813,48.3944,127.8725,12.5785,4.3695,0.4519,2520.9,12.8096,0.8393,0.4159,2.2184,31.79,6.79,70.6256,0.15384,70.8809,25,156.81,3,FAIL,POWER_ANOMALY
TST-000934,WFR-15,DIE-3943,EQP-101,STN-02,SF,1.1932,1.1761,43.5146,118.9907,12.2793,4.387,0.4586,2490.86,12.6857,0.8842,0.4428,2.4888,26.68,1.68,52.5012,0.14198,52.71089,25,157.4,2,PASS,NORMAL
TST-000935,WFR-16,DIE-4606,EQP-103,STN-01,FS,1.1972,1.1793,43.1794,152.953,12.0493,4.286,0.4603,2525.06,12.9039,0.8835,0.4224,2.0538,27.44,2.44,54.109,0.18312,54.30718,25,149.3,2,PASS,NORMAL
TST-000936,WFR-17,DIE-0319,EQP-101,STN-02,TT,1.1926,1.1814,44.0876,150.792,12.3339,4.2801,0.4725,2427.24,12.9857,0.852,0.4207,2.6419,27.57,2.57,51.7611,0.17983,51.95229,25,152.74,5,PASS,NORMAL
TST-000937,WFR-18,DIE-1032,EQP-104,STN-02,TT,1.2009,1.1829,43.4884,142.6675,12.6158,4.0004,0.4577,2433.57,13.163,0.8282,0.4269,2.4456,27.62,2.62,54.3396,0.17133,54.50319,25,152.76,5,PASS,NORMAL
TST-000938,WFR-19,DIE-1745,EQP-101,STN-01,FS,1.2063,1.135,45.8203,113.6753,13.7344,4.2207,0.4422,2596.67,11.731,0.858,0.4164,2.8153,27.86,2.86,54.1894,0.13713,54.33622,25,149.57,4,FAIL,EQUIPMENT_DRIFT
TST-000939,WFR-20,DIE-2408,EQP-101,STN-03,SS,1.1953,1.1773,47.4598,73.6292,13.1471,4.0124,0.4455,2428.08,13.6336,0.8608,0.4409,1.9795,33.92,8.92,59.7984,0.08801,59.90071,25,151.79,3,FAIL,THERMAL_ANOMALY
TST-000940,WFR-01,DIE-3121,EQP-104,STN-02,SS,1.1878,1.1632,42.0968,154.4097,12.8415,4.2303,0.4729,2296.2,13.4887,0.8846,0.432,3.0468,28.73,3.73,56.5234,0.18341,56.75201,25,146.48,5,PASS,NORMAL
TST-000941,WFR-02,DIE-3834,EQP-101,STN-01,SS,1.2115,1.1889,45.2812,129.5073,12.1715,4.1873,0.4946,2289.17,13.3993,0.8286,0.4252,3.2457,28.08,3.08,53.9895,0.1569,54.10526,25,152.84,5,PASS,NORMAL
TST-000942,WFR-03,DIE-4547,EQP-101,STN-04,SF,1.2134,1.1946,48.0504,139.8053,11.5805,4.3929,0.4558,2519.4,11.8902,0.8641,0.4296,3.1225,27.35,2.35,53.3611,0.16964,53.4372,25,157.17,2,PASS,NORMAL
TST-000943,WFR-04,DIE-0210,EQP-102,STN-02,FS,1.1862,1.1657,46.3344,175.3524,12.7106,3.9908,0.4574,2455.24,12.964,0.8027,0.4424,2.525,30.82,5.82,48.7076,0.208,48.81737,25,149.61,4,FAIL,HIGH_LEAKAGE
TST-000944,WFR-05,DIE-0923,EQP-105,STN-01,FF,1.1883,1.1743,41.5566,129.9724,12.4113,4.0271,0.4474,2603.04,11.8881,0.8532,0.4231,2.6253,27.13,2.13,52.5908,0.15445,52.73898,25,147.44,4,PASS,NORMAL
TST-000945,WFR-06,DIE-1636,EQP-103,STN-01,SF,1.2179,1.2018,51.9273,103.2838,12.7396,3.9185,0.4632,2576.35,12.3172,0.8563,0.4307,2.3523,33.7,8.7,88.8356,0.12579,88.93507,25,147.69,5,FAIL,POWER_ANOMALY
TST-000946,WFR-07,DIE-2349,EQP-103,STN-02,SS,1.2174,1.2008,47.0254,141.0496,13.1835,4.1705,0.4776,2333.38,13.0885,0.8561,0.4107,3.1979,27.96,2.96,57.6893,0.17171,57.89423,25,152.07,4,PASS,NORMAL
TST-000947,WFR-08,DIE-3012,EQP-102,STN-02,SF,1.1904,1.1664,43.6174,145.0024,12.4488,4.0674,0.4739,2400.89,12.8836,0.8319,0.4167,2.945,28.1,3.1,56.2576,0.17261,56.45096,25,150.11,2,PASS,NORMAL
TST-000948,WFR-09,DIE-3725,EQP-103,STN-02,TT,1.2052,1.1898,46.493,142.6304,12.2876,4.342,0.4686,2376.8,12.0591,0.8352,0.4047,3.9351,29.14,4.14,53.8556,0.1719,53.99454,25,142.94,4,PASS,NORMAL
TST-000949,WFR-10,DIE-4438,EQP-101,STN-04,SS,1.2148,1.1922,44.8502,149.5971,13.2215,4.2629,0.4657,2402.49,12.9736,0.8803,0.4126,2.7955,27.97,2.97,59.5374,0.18173,59.78314,25,152.67,2,PASS,NORMAL
TST-000950,WFR-11,DIE-0101,EQP-105,STN-01,FF,1.2098,1.1876,46.0683,133.4516,12.7014,4.137,0.4446,2666.68,11.4258,0.8257,0.3986,2.7484,27.2,2.2,52.8493,0.16145,53.01937,25,145.7,1,PASS,NORMAL
TST-000951,WFR-12,DIE-0814,EQP-105,STN-02,FS,1.1957,1.1783,42.7377,106.2848,12.1513,4.2845,0.4496,2502.18,12.2753,0.8072,0.4283,2.9036,26.39,1.39,58.2196,0.12708,58.23016,25,144.22,2,PASS,NORMAL
TST-000952,WFR-13,DIE-1527,EQP-105,STN-03,FF,1.1962,1.1813,46.0487,150.7747,12.9113,4.3671,0.4476,2455.74,12.9872,0.9585,0.3945,1.4719,27.11,2.11,54.6411,0.18036,54.85859,25,156.68,2,FAIL,TIMING_FAILURE
TST-000953,WFR-14,DIE-2240,EQP-102,STN-03,SF,1.2272,1.2095,46.9842,139.9226,12.4057,4.2012,0.4408,2582.59,12.629,0.9003,0.4436,1.959,27.28,2.28,60.6287,0.17171,60.76729,25,148.31,2,PASS,NORMAL
TST-000954,WFR-15,DIE-2903,EQP-104,STN-03,SF,1.1825,1.1648,49.4172,110.271,13.0422,4.149,0.4567,2349.36,12.697,0.8524,0.4086,3.4765,46.77,21.77,49.8729,0.1304,50.01747,25,157.14,4,FAIL,THERMAL_ANOMALY
TST-000955,WFR-16,DIE-3616,EQP-105,STN-02,SS,1.189,1.1027,48.7588,131.2776,13.8852,4.0681,0.4839,2221.25,13.644,0.8412,0.4274,3.5227,26.1,1.1,51.6876,0.15609,51.86193,25,145.5,2,FAIL,EQUIPMENT_DRIFT
TST-000956,WFR-17,DIE-4329,EQP-105,STN-03,FF,1.1988,1.1836,44.3882,137.359,12.8742,4.2637,0.4522,2626.13,11.8326,0.7779,0.4201,2.621,27.37,2.37,51.9837,0.16467,52.17121,25,144.58,2,PASS,NORMAL
TST-000957,WFR-18,DIE-5042,EQP-102,STN-04,SS,1.2051,1.1778,48.1625,134.8702,11.6377,4.1754,0.4774,2402.53,13.2473,0.8858,0.41,2.516,26.88,1.88,55.7685,0.16253,56.0112,25,149.43,3,PASS,NORMAL
TST-000958,WFR-19,DIE-0705,EQP-105,STN-04,SS,1.1928,1.1717,43.5736,120.7179,12.9245,4.2819,0.487,2252.01,13.7266,0.8795,0.4079,3.1558,28.64,3.64,52.2926,0.14399,52.46124,25,153.45,1,PASS,NORMAL
TST-000959,WFR-20,DIE-1418,EQP-101,STN-03,SF,1.2119,1.1937,43.5543,103.7933,11.6077,4.241,0.4553,2458.71,12.0771,0.8694,0.4089,3.3222,29,4,54.6901,0.12579,54.88096,25,144.24,5,PASS,NORMAL
TST-000960,WFR-01,DIE-2131,EQP-102,STN-04,SF,1.2031,1.1912,43.4665,108.8718,12.1816,4.2933,0.4521,2413.41,12.9334,0.8133,0.4104,2.8274,27.22,2.22,57.1973,0.13098,57.37636,25,152.1,3,PASS,NORMAL
TST-000961,WFR-02,DIE-2844,EQP-105,STN-04,FF,1.2136,1.1954,45.1217,131.1856,12.1436,4.3911,0.4589,2666.62,11.6485,0.8661,0.416,2.4857,28.92,3.92,58.1572,0.15921,58.31144,25,157.86,4,PASS,NORMAL
TST-000962,WFR-03,DIE-3507,EQP-103,STN-03,FF,1.1869,1.1664,44.7028,128.4141,11.8561,4.3086,0.431,2635.15,11.7508,0.8187,0.4352,2.6099,27.48,2.48,54.2331,0.15241,54.41371,25,155.26,1,PASS,NORMAL
TST-000963,WFR-04,DIE-4220,EQP-104,STN-01,SF,1.1903,1.1731,47.2988,136.0551,12.8556,4.1948,0.4685,2357.31,13.2651,0.8838,0.4112,2.8196,28.09,3.09,51.4645,0.16195,51.64228,25,146.95,5,PASS,NORMAL
TST-000964,WFR-05,DIE-4933,EQP-102,STN-01,SF,1.2105,1.1904,44.4027,116.2922,12.9801,4.311,0.4515,2543.38,12.7499,0.9072,0.4239,2.07,25.91,0.91,54.0011,0.14077,54.20697,25,151.7,5,PASS,NORMAL
TST-000965,WFR-06,DIE-0646,EQP-102,STN-02,FF,1.1872,1.1686,46.5729,145.7622,11.5335,4.1693,0.4343,2687.93,12.0102,0.8029,0.4201,2.0682,27.74,2.74,50.5326,0.17305,50.70022,25,161.86,2,PASS,NORMAL
TST-000966,WFR-07,DIE-1309,EQP-103,STN-03,TT,1.2089,1.196,47.6241,126.5091,12.5537,4.2143,0.4572,2494.63,11.7414,0.8438,0.4115,3.4492,25,0,55.4677,0.15294,55.62903,25,150.17,5,PASS,NORMAL
TST-000967,WFR-08,DIE-2022,EQP-102,STN-02,SF,1.2192,1.2056,45.6669,126.5817,11.9709,4.1033,0.4511,2548.22,11.6249,0.8243,0.4384,3.248,28.83,3.83,55.6053,0.15433,55.76301,25,148.03,1,PASS,NORMAL
TST-000968,WFR-09,DIE-2735,EQP-104,STN-03,TT,1.1764,1.1567,48.0412,154.0749,12.2777,4.1107,0.4538,2379.17,13.0033,0.8525,0.4282,2.9568,27.17,2.17,49.0697,0.18125,49.28511,25,141,5,PASS,NORMAL
TST-000969,WFR-10,DIE-3448,EQP-105,STN-04,SF,1.1974,1.1846,45.7164,128.6497,13.0386,4.1861,0.47,2400.39,11.956,0.8971,0.3986,3.8109,25.6,0.6,51.5769,0.15405,51.687,25,143.57,1,PASS,NORMAL
TST-000970,WFR-11,DIE-4111,EQP-102,STN-02,SF,1.1911,1.1694,45.7689,143.7156,12.7062,4.0292,0.4513,2427.13,12.9373,0.8495,0.4282,2.6936,26.26,1.26,54.0702,0.17118,54.246,25,158.05,4,PASS,NORMAL
TST-000971,WFR-12,DIE-4824,EQP-101,STN-03,SF,1.2118,1.1985,48.0183,128.4561,13.1283,4.2954,0.4383,2613.11,11.652,0.8721,0.4204,2.7833,27.63,2.63,54.7868,0.15566,54.99856,25,149.45,2,PASS,NORMAL
TST-000972,WFR-13,DIE-0537,EQP-105,STN-01,TT,1.2024,1.1784,52.23,283.8542,12.0695,4.34,0.4718,2415.73,12.9501,0.876,0.4161,2.732,39.97,14.97,51.3857,0.34131,51.72063,25,154.43,5,FAIL,HIGH_LEAKAGE
TST-000973,WFR-14,DIE-1250,EQP-103,STN-02,FS,1.2022,1.1843,47.5277,126.0367,12.5782,3.9145,0.4333,2664.6,12.5215,0.8569,0.4085,1.6332,26.9,1.9,52.356,0.15152,52.42666,25,152.93,5,PASS,NORMAL
TST-000974,WFR-15,DIE-1913,EQP-101,STN-02,FS,1.2105,1.196,47.775,143.0772,11.8168,4.2216,0.4476,2564.92,12.9954,0.9189,0.3974,1.6807,27.61,2.61,55.0305,0.17319,55.29238,25,150.49,4,PASS,NORMAL
TST-000975,WFR-16,DIE-2626,EQP-101,STN-01,FS,1.1968,1.1737,43.9072,132.9542,12.3335,4.0674,0.4593,2506.45,12.6638,0.8245,0.4202,2.4705,27.9,2.9,57.5036,0.15912,57.64561,25,143.19,5,PASS,NORMAL
TST-000976,WFR-17,DIE-3339,EQP-103,STN-01,SF,1.1996,1.1786,44.8143,124.2512,12.9644,4.4031,0.4529,2452.72,11.6795,0.8721,0.4121,3.7568,28.11,3.11,51.3406,0.14905,51.51417,25,147.9,3,PASS,NORMAL
TST-000977,WFR-18,DIE-4002,EQP-102,STN-04,SF,1.1951,1.1656,44.1012,122.578,13.1697,4.274,0.4666,2499.9,12.9413,0.8605,0.4291,2.1988,25.74,0.74,54.2934,0.14649,54.36765,25,159.41,2,PASS,NORMAL
TST-000978,WFR-19,DIE-4715,EQP-105,STN-02,FS,1.1758,1.1528,43.7101,135.6982,11.917,4.234,0.4574,2452.07,13.2469,0.8546,0.417,2.2112,27.56,2.56,52.6228,0.15955,52.71996,25,155.71,2,PASS,NORMAL
TST-000979,WFR-20,DIE-0428,EQP-103,STN-03,FS,1.2096,1.1898,47.4069,115.387,12.4527,4.1415,0.4543,2510.17,12.0097,0.8946,0.4389,3.0309,27.7,2.7,56.9156,0.13957,57.06653,25,152.12,4,PASS,NORMAL
TST-000980,WFR-01,DIE-1141,EQP-102,STN-01,FF,1.2049,1.19,44.037,141.7718,12.9268,4.1934,0.4541,2585.91,11.3325,0.8887,0.4146,3.2472,28.13,3.13,51.4358,0.17082,51.65413,25,152.77,3,PASS,NORMAL
TST-000981,WFR-02,DIE-1804,EQP-104,STN-04,TT,1.2071,1.1791,44.8829,105.5122,11.9224,4.1914,0.4426,2613.36,13.0114,0.8488,0.4186,1.4458,27.86,2.86,49.1339,0.12736,49.19485,25,153.15,3,PASS,NORMAL
TST-000982,WFR-03,DIE-2517,EQP-104,STN-04,SS,1.2008,1.1725,48.0859,284.5458,12.9297,4.2069,0.4719,2359.09,13.5446,0.8262,0.4289,2.5849,37.29,12.29,54.8464,0.34168,55.26433,25,150.82,3,FAIL,HIGH_LEAKAGE
TST-000983,WFR-04,DIE-3230,EQP-103,STN-04,FF,1.211,1.1883,43.6903,148.0453,12.4571,4.0463,0.4514,2638.23,11.4223,0.8835,0.4242,2.8559,28.22,3.22,54.4276,0.17928,54.67458,25,145.46,1,PASS,NORMAL
TST-000984,WFR-05,DIE-3943,EQP-101,STN-04,SS,1.2039,1.1885,46.3966,125.448,13.0144,4.0836,0.4861,2324.55,12.8665,0.8242,0.4184,3.5169,26.92,1.92,51.1285,0.15103,51.19227,25,149.52,5,PASS,NORMAL
TST-000985,WFR-06,DIE-4606,EQP-103,STN-03,FS,1.2022,1.1852,44.7402,124.5811,12.6094,4.3355,0.4317,2578.07,12.2483,0.8536,0.4446,2.4136,27.1,2.1,57.6863,0.14977,57.8748,25,152,4,PASS,NORMAL
TST-000986,WFR-07,DIE-0319,EQP-104,STN-03,FF,1.2103,1.1961,43.2685,116.0392,12.9068,4.0579,0.4491,2750.6,11.379,0.8796,0.4078,2.2837,27.63,2.63,53.9351,0.14044,54.07785,25,152.01,3,PASS,NORMAL
TST-000987,WFR-08,DIE-1032,EQP-101,STN-03,FS,1.2138,1.1989,44.2082,150.9868,12.9155,4.0752,0.4512,2517.12,12.0585,0.818,0.3978,3.0147,27.54,2.54,54.5106,0.18327,54.74921,25,153.19,3,PASS,NORMAL
TST-000988,WFR-09,DIE-1745,EQP-103,STN-03,TT,1.2156,1.194,44.2277,145.2024,12.8724,4.2846,0.4519,2586.87,12.2696,0.8904,0.4075,2.3027,28.07,3.07,53.6499,0.17651,53.81983,25,150.36,1,PASS,NORMAL
TST-000989,WFR-10,DIE-2408,EQP-101,STN-02,FF,1.1746,1.1547,45.2204,136.5157,12.5541,4.2353,0.4345,2599.82,12.1977,0.8042,0.4315,2.3838,27.64,2.64,52.2657,0.16035,52.37968,25,141.01,5,PASS,NORMAL
TST-000990,WFR-11,DIE-3121,EQP-101,STN-04,TT,1.2142,1.1959,49.0804,132.4149,12.6714,4.0886,0.4544,2639.72,12.8157,0.7715,0.4254,1.5659,27.8,2.8,59.1627,0.16078,59.36975,25,151.9,2,PASS,NORMAL
TST-000991,WFR-12,DIE-3834,EQP-104,STN-01,SS,1.1885,1.1679,41.0324,151.5675,12.1317,4.3387,0.4667,2335.63,14.1431,0.8638,0.3939,2.1191,27.38,2.38,52.181,0.18014,52.45854,25,145.13,4,PASS,NORMAL
TST-000992,WFR-13,DIE-4547,EQP-103,STN-04,SS,1.1989,1.1739,44.2924,128.512,13.1042,4.2869,0.4646,2298.45,12.7605,0.8181,0.4147,3.8244,26.43,1.43,55.1467,0.15407,55.2842,25,149.94,1,PASS,NORMAL
TST-000993,WFR-14,DIE-0210,EQP-103,STN-01,SF,1.1954,1.1736,46.0077,151.7132,12.3691,4.1716,0.4629,2396.16,13.2637,0.8368,0.4164,2.5929,27.31,2.31,48.9952,0.18136,49.21059,25,146.12,1,PASS,NORMAL
TST-000994,WFR-15,DIE-0923,EQP-105,STN-04,FS,1.2245,1.2072,49.0299,110.7765,12.7557,4.3449,0.4358,2642.49,11.7188,0.8506,0.4711,2.5678,25.9,0.9,54.5123,0.13565,54.62926,25,155.62,3,PASS,NORMAL
TST-000995,WFR-16,DIE-1636,EQP-105,STN-01,FF,1.1965,1.178,44.7007,133.2291,12.4653,4.0347,0.4372,2778.32,11.4752,0.842,0.4064,2.08,27.94,2.94,52.1674,0.15941,52.28714,25,152.61,2,PASS,NORMAL
TST-000996,WFR-17,DIE-2349,EQP-102,STN-04,SF,1.2094,1.1863,48.9505,143.0534,12.8336,4.1714,0.4468,2602.94,12.9797,0.9091,0.4112,1.4784,34.09,9.09,54.1807,0.17301,54.30468,25,155.17,1,FAIL,HIGH_LEAKAGE
TST-000997,WFR-18,DIE-3012,EQP-105,STN-03,FS,1.1788,1.1584,42.8627,123.4189,12.8174,4.2303,0.4568,2351.87,12.9403,0.9185,0.4108,3.1489,27.1,2.1,53.0258,0.14549,53.23719,25,151.52,4,PASS,NORMAL
TST-000998,WFR-19,DIE-3725,EQP-103,STN-01,SF,1.2102,1.1916,45.4497,126.511,12.4741,4.0588,0.4267,2580.19,11.5901,0.8514,0.4273,3.0612,28.28,3.28,53.7961,0.1531,53.88521,25,149.62,3,PASS,NORMAL
TST-000999,WFR-20,DIE-4438,EQP-105,STN-02,FS,1.201,1.1786,45.4623,157.6345,11.6125,3.9669,0.4385,2537.16,13.4198,0.8286,0.4101,1.5173,27,2,56.6974,0.18932,56.8811,25,144.62,1,PASS,NORMAL
TST-001000,WFR-01,DIE-0101,EQP-101,STN-03,SF,1.1983,1.1702,44.1854,128.6501,11.7229,4.1018,0.4485,2480.65,12.35,0.8582,0.4307,2.9166,28.74,3.74,52.2372,0.15416,52.40541,25,140.72,1,PASS,NORMAL