component_id,lot_id,manufacturer,component_family,component_type,package,burn_in_hour,temperature_c,voltage_v,iddq,ileak,tpd,vth,health_state,defect_type,anomaly_label,failure_label,source_type,source_dataset,generation_method,generation_version
COMP-SYN-039-001,LOT-SYN-039,ISRO_MOCK,CMOS_LOGIC,HEX_INVERTER,CERAMIC_FP,0,125,1.5,1963.5,296.398,185.8,0.0,HEALTHY,NONE,0,1,synthetic,semiconductor_synthetic,physics_RD_power_law,0.1
COMP-SYN-039-001,LOT-SYN-039,ISRO_MOCK,CMOS_LOGIC,HEX_INVERTER,CERAMIC_FP,24,125,1.5,1984.423,301.406,194.38,0.1452,HEALTHY,NONE,0,1,synthetic,semiconductor_synthetic,physics_RD_power_law,0.1
COMP-SYN-039-001,LOT-SYN-039,ISRO_MOCK,CMOS_LOGIC,HEX_INVERTER,CERAMIC_FP,96,125,1.5,1973.331,296.215,198.46,0.1916,HEALTHY,NONE,0,1,synthetic,semiconductor_synthetic,physics_RD_power_law,0.1
COMP-SYN-039-001,LOT-SYN-039,ISRO_MOCK,CMOS_LOGIC,HEX_INVERTER,CERAMIC_FP,168,125,1.5,1996.532,292.565,198.5,0.2143,HEALTHY,NONE,0,1,synthetic,semiconductor_synthetic,physics_RD_power_law,0.1
COMP-SYN-039-002,LOT-SYN-039,ISRO_MOCK,CMOS_LOGIC,HEX_INVERTER,CERAMIC_FP,0,125,1.5,2115.429,298.89,191.17,0.0,HEALTHY,NONE,0,1,synthetic,semiconductor_synthetic,physics_RD_power_law,0.1
COMP-SYN-039-002,LOT-SYN-039,ISRO_MOCK,CMOS_LOGIC,HEX_INVERTER,CERAMIC_FP,24,125,1.5,2065.538,299.45,201.69,0.1452,HEALTHY,NONE,0,1,synthetic,semiconductor_synthetic,physics_RD_power_law,0.1
COMP-SYN-039-002,LOT-SYN-039,ISRO_MOCK,CMOS_LOGIC,HEX_INVERTER,CERAMIC_FP,96,125,1.5,2119.84,297.538,203.65,0.1916,HEALTHY,NONE,0,1,synthetic,semiconductor_synthetic,physics_RD_power_law,0.1
COMP-SYN-039-002,LOT-SYN-039,ISRO_MOCK,CMOS_LOGIC,HEX_INVERTER,CERAMIC_FP,168,125,1.5,2079.672,298.907,207.73,0.2143,HEALTHY,NONE,0,1,synthetic,semiconductor_synthetic,physics_RD_power_law,0.1
COMP-SYN-039-003,LOT-SYN-039,ISRO_MOCK,CMOS_LOGIC,HEX_INVERTER,CERAMIC_FP,0,125,1.5,1984.549,295.392,184.88,0.0,HEALTHY,NONE,0,1,synthetic,semiconductor_synthetic,physics_RD_power_law,0.1
COMP-SYN-039-003,LOT-SYN-039,ISRO_MOCK,CMOS_LOGIC,HEX_INVERTER,CERAMIC_FP,24,125,1.5,1966.086,289.124,194.4,0.1452,HEALTHY,NONE,0,1,synthetic,semiconductor_synthetic,physics_RD_power_law,0.1
COMP-SYN-039-003,LOT-SYN-039,ISRO_MOCK,CMOS_LOGIC,HEX_INVERTER,CERAMIC_FP,96,125,1.5,1911.375,286.509,192.45,0.1916,HEALTHY,NONE,0,1,synthetic,semiconductor_synthetic,physics_RD_power_law,0.1
COMP-SYN-039-003,LOT-SYN-039,ISRO_MOCK,CMOS_LOGIC,HEX_INVERTER,CERAMIC_FP,168,125,1.5,1923.027,286.313,196.64,0.2143,HEALTHY,NONE,0,1,synthetic,semiconductor_synthetic,physics_RD_power_law,0.1
COMP-SYN-039-004,LOT-SYN-039,ISRO_MOCK,CMOS_LOGIC,HEX_INVERTER,CERAMIC_FP,0,125,1.5,1929.545,298.176,198.48,0.0,HEALTHY,NONE,0,1,synthetic,semiconductor_synthetic,physics_RD_power_law,0.1
COMP-SYN-039-004,LOT-SYN-039,ISRO_MOCK,CMOS_LOGIC,HEX_INVERTER,CERAMIC_FP,24,125,1.5,1933.554,296.667,199.65,0.1452,HEALTHY,NONE,0,1,synthetic,semiconductor_synthetic,physics_RD_power_law,0.1
COMP-SYN-039-004,LOT-SYN-039,ISRO_MOCK,CMOS_LOGIC,HEX_INVERTER,CERAMIC_FP,96,125,1.5,1903.719,290.477,204.68,0.1916,HEALTHY,NONE,0,1,synthetic,semiconductor_synthetic,physics_RD_power_law,0.1
COMP-SYN-039-004,LOT-SYN-039,ISRO_MOCK,CMOS_LOGIC,HEX_INVERTER,CERAMIC_FP,168,125,1.5,1921.404,291.866,207.2,0.2143,HEALTHY,NONE,0,1,synthetic,semiconductor_synthetic,physics_RD_power_law,0.1
COMP-SYN-039-005,LOT-SYN-039,ISRO_MOCK,CMOS_LOGIC,HEX_INVERTER,CERAMIC_FP,0,125,1.5,2036.926,310.606,175.82,0.0,HEALTHY,NONE,0,1,synthetic,semiconductor_synthetic,physics_RD_power_law,0.1
COMP-SYN-039-005,LOT-SYN-039,ISRO_MOCK,CMOS_LOGIC,HEX_INVERTER,CERAMIC_FP,24,125,1.5,1970.396,309.518,188.51,0.1452,HEALTHY,NONE,0,1,synthetic,semiconductor_synthetic,physics_RD_power_law,0.1
COMP-SYN-039-005,LOT-SYN-039,ISRO_MOCK,CMOS_LOGIC,HEX_INVERTER,CERAMIC_FP,96,125,1.5,1973.265,305.073,194.1,0.1916,HEALTHY,NONE,0,1,synthetic,semiconductor_synthetic,physics_RD_power_law,0.1
COMP-SYN-039-005,LOT-SYN-039,ISRO_MOCK,CMOS_LOGIC,HEX_INVERTER,CERAMIC_FP,168,125,1.5,1990.03,304.522,191.07,0.2143,HEALTHY,NONE,0,1,synthetic,semiconductor_synthetic,physics_RD_power_law,0.1
COMP-SYN-039-006,LOT-SYN-039,ISRO_MOCK,CMOS_LOGIC,HEX_INVERTER,CERAMIC_FP,0,125,1.5,2034.022,281.971,191.07,0.0,HEALTHY,NONE,0,1,synthetic,semiconductor_synthetic,physics_RD_power_law,0.1
COMP-SYN-039-006,LOT-SYN-039,ISRO_MOCK,CMOS_LOGIC,HEX_INVERTER,CERAMIC_FP,24,125,1.5,2018.571,278.969,200.02,0.1452,HEALTHY,NONE,0,1,synthetic,semiconductor_synthetic,physics_RD_power_law,0.1
COMP-SYN-039-006,LOT-SYN-039,ISRO_MOCK,CMOS_LOGIC,HEX_INVERTER,CERAMIC_FP,96,125,1.5,2000.439,278.766,197.34,0.1916,HEALTHY,NONE,0,1,synthetic,semiconductor_synthetic,physics_RD_power_law,0.1
COMP-SYN-039-006,LOT-SYN-039,ISRO_MOCK,CMOS_LOGIC,HEX_INVERTER,CERAMIC_FP,168,125,1.5,2000.678,272.807,200.89,0.2143,HEALTHY,NONE,0,1,synthetic,semiconductor_synthetic,physics_RD_power_law,0.1
COMP-SYN-039-007,LOT-SYN-039,ISRO_MOCK,CMOS_LOGIC,HEX_INVERTER,CERAMIC_FP,0,125,1.5,2118.522,304.146,185.34,0.0,HEALTHY,NONE,0,1,synthetic,semiconductor_synthetic,physics_RD_power_law,0.1
COMP-SYN-039-007,LOT-SYN-039,ISRO_MOCK,CMOS_LOGIC,HEX_INVERTER,CERAMIC_FP,24,125,1.5,2133.923,301.582,192.94,0.1452,HEALTHY,NONE,0,1,synthetic,semiconductor_synthetic,physics_RD_power_law,0.1
COMP-SYN-039-007,LOT-SYN-039,ISRO_MOCK,CMOS_LOGIC,HEX_INVERTER,CERAMIC_FP,96,125,1.5,2107.247,296.15,192.63,0.1916,HEALTHY,NONE,0,1,synthetic,semiconductor_synthetic,physics_RD_power_law,0.1
COMP-SYN-039-007,LOT-SYN-039,ISRO_MOCK,CMOS_LOGIC,HEX_INVERTER,CERAMIC_FP,168,125,1.5,2125.073,293.906,195.18,0.2143,HEALTHY,NONE,0,1,synthetic,semiconductor_synthetic,physics_RD_power_law,0.1
COMP-SYN-039-008,LOT-SYN-039,ISRO_MOCK,CMOS_LOGIC,HEX_INVERTER,CERAMIC_FP,0,125,1.5,2064.342,303.466,189.62,0.0,HEALTHY,NONE,0,1,synthetic,semiconductor_synthetic,physics_RD_power_law,0.1
COMP-SYN-039-008,LOT-SYN-039,ISRO_MOCK,CMOS_LOGIC,HEX_INVERTER,CERAMIC_FP,24,125,1.5,2091.532,298.397,197.79,0.1452,HEALTHY,NONE,0,1,synthetic,semiconductor_synthetic,physics_RD_power_law,0.1
COMP-SYN-039-008,LOT-SYN-039,ISRO_MOCK,CMOS_LOGIC,HEX_INVERTER,CERAMIC_FP,96,125,1.5,2069.967,291.772,197.7,0.1916,HEALTHY,NONE,0,1,synthetic,semiconductor_synthetic,physics_RD_power_law,0.1
COMP-SYN-039-008,LOT-SYN-039,ISRO_MOCK,CMOS_LOGIC,HEX_INVERTER,CERAMIC_FP,168,125,1.5,2045.001,292.046,197.32,0.2143,HEALTHY,NONE,0,1,synthetic,semiconductor_synthetic,physics_RD_power_law,0.1
COMP-SYN-039-009,LOT-SYN-039,ISRO_MOCK,CMOS_LOGIC,HEX_INVERTER,CERAMIC_FP,0,125,1.5,2055.515,292.807,186.4,0.0,HEALTHY,NONE,0,1,synthetic,semiconductor_synthetic,physics_RD_power_law,0.1
COMP-SYN-039-009,LOT-SYN-039,ISRO_MOCK,CMOS_LOGIC,HEX_INVERTER,CERAMIC_FP,24,125,1.5,2045.167,293.431,190.89,0.1452,HEALTHY,NONE,0,1,synthetic,semiconductor_synthetic,physics_RD_power_law,0.1
COMP-SYN-039-009,LOT-SYN-039,ISRO_MOCK,CMOS_LOGIC,HEX_INVERTER,CERAMIC_FP,96,125,1.5,2056.693,292.176,193.69,0.1916,HEALTHY,NONE,0,1,synthetic,semiconductor_synthetic,physics_RD_power_law,0.1
COMP-SYN-039-009,LOT-SYN-039,ISRO_MOCK,CMOS_LOGIC,HEX_INVERTER,CERAMIC_FP,168,125,1.5,2054.32,291.684,194.77,0.2143,HEALTHY,NONE,0,1,synthetic,semiconductor_synthetic,physics_RD_power_law,0.1
COMP-SYN-039-010,LOT-SYN-039,ISRO_MOCK,CMOS_LOGIC,HEX_INVERTER,CERAMIC_FP,0,125,1.5,2096.327,299.453,185.9,0.0,HEALTHY,NONE,0,1,synthetic,semiconductor_synthetic,physics_RD_power_law,0.1
COMP-SYN-039-010,LOT-SYN-039,ISRO_MOCK,CMOS_LOGIC,HEX_INVERTER,CERAMIC_FP,24,125,1.5,2077.315,302.138,197.12,0.1452,HEALTHY,NONE,0,1,synthetic,semiconductor_synthetic,physics_RD_power_law,0.1
COMP-SYN-039-010,LOT-SYN-039,ISRO_MOCK,CMOS_LOGIC,HEX_INVERTER,CERAMIC_FP,96,125,1.5,2077.118,302.764,194.3,0.1916,HEALTHY,NONE,0,1,synthetic,semiconductor_synthetic,physics_RD_power_law,0.1
COMP-SYN-039-010,LOT-SYN-039,ISRO_MOCK,CMOS_LOGIC,HEX_INVERTER,CERAMIC_FP,168,125,1.5,2066.837,292.089,196.89,0.2143,HEALTHY,NONE,0,1,synthetic,semiconductor_synthetic,physics_RD_power_law,0.1
COMP-SYN-039-011,LOT-SYN-039,ISRO_MOCK,CMOS_LOGIC,HEX_INVERTER,CERAMIC_FP,0,125,1.5,2226.989,294.276,192.1,0.0,HEALTHY,NONE,0,1,synthetic,semiconductor_synthetic,physics_RD_power_law,0.1
COMP-SYN-039-011,LOT-SYN-039,ISRO_MOCK,CMOS_LOGIC,HEX_INVERTER,CERAMIC_FP,24,125,1.5,2207.986,292.474,197.84,0.1452,HEALTHY,NONE,0,1,synthetic,semiconductor_synthetic,physics_RD_power_law,0.1
COMP-SYN-039-011,LOT-SYN-039,ISRO_MOCK,CMOS_LOGIC,HEX_INVERTER,CERAMIC_FP,96,125,1.5,2214.9,293.764,203.65,0.1916,HEALTHY,NONE,0,1,synthetic,semiconductor_synthetic,physics_RD_power_law,0.1
COMP-SYN-039-011,LOT-SYN-039,ISRO_MOCK,CMOS_LOGIC,HEX_INVERTER,CERAMIC_FP,168,125,1.5,2174.035,290.008,198.09,0.2143,HEALTHY,NONE,0,1,synthetic,semiconductor_synthetic,physics_RD_power_law,0.1
COMP-SYN-039-012,LOT-SYN-039,ISRO_MOCK,CMOS_LOGIC,HEX_INVERTER,CERAMIC_FP,0,125,1.5,2258.565,289.654,183.21,0.0,HEALTHY,NONE,0,1,synthetic,semiconductor_synthetic,physics_RD_power_law,0.1
COMP-SYN-039-012,LOT-SYN-039,ISRO_MOCK,CMOS_LOGIC,HEX_INVERTER,CERAMIC_FP,24,125,1.5,2235.709,283.099,192.27,0.1452,HEALTHY,NONE,0,1,synthetic,semiconductor_synthetic,physics_RD_power_law,0.1
COMP-SYN-039-012,LOT-SYN-039,ISRO_MOCK,CMOS_LOGIC,HEX_INVERTER,CERAMIC_FP,96,125,1.5,2209.555,284.845,196.21,0.1916,HEALTHY,NONE,0,1,synthetic,semiconductor_synthetic,physics_RD_power_law,0.1
COMP-SYN-039-012,LOT-SYN-039,ISRO_MOCK,CMOS_LOGIC,HEX_INVERTER,CERAMIC_FP,168,125,1.5,2200.18,288.405,194.11,0.2143,HEALTHY,NONE,0,1,synthetic,semiconductor_synthetic,physics_RD_power_law,0.1
COMP-SYN-039-013,LOT-SYN-039,ISRO_MOCK,CMOS_LOGIC,HEX_INVERTER,CERAMIC_FP,0,125,1.5,1950.515,276.767,186.58,0.0,HEALTHY,NONE,0,1,synthetic,semiconductor_synthetic,physics_RD_power_law,0.1
COMP-SYN-039-013,LOT-SYN-039,ISRO_MOCK,CMOS_LOGIC,HEX_INVERTER,CERAMIC_FP,24,125,1.5,1937.902,276.022,191.76,0.1452,HEALTHY,NONE,0,1,synthetic,semiconductor_synthetic,physics_RD_power_law,0.1
COMP-SYN-039-013,LOT-SYN-039,ISRO_MOCK,CMOS_LOGIC,HEX_INVERTER,CERAMIC_FP,96,125,1.5,1956.472,270.839,192.02,0.1916,HEALTHY,NONE,0,1,synthetic,semiconductor_synthetic,physics_RD_power_law,0.1
COMP-SYN-039-013,LOT-SYN-039,ISRO_MOCK,CMOS_LOGIC,HEX_INVERTER,CERAMIC_FP,168,125,1.5,1941.475,275.029,192.85,0.2143,HEALTHY,NONE,0,1,synthetic,semiconductor_synthetic,physics_RD_power_law,0.1
COMP-SYN-039-014,LOT-SYN-039,ISRO_MOCK,CMOS_LOGIC,HEX_INVERTER,CERAMIC_FP,0,125,1.5,2027.84,291.253,185.75,0.0,HEALTHY,NONE,0,1,synthetic,semiconductor_synthetic,physics_RD_power_law,0.1
COMP-SYN-039-014,LOT-SYN-039,ISRO_MOCK,CMOS_LOGIC,HEX_INVERTER,CERAMIC_FP,24,125,1.5,1979.44,288.731,193.65,0.1452,HEALTHY,NONE,0,1,synthetic,semiconductor_synthetic,physics_RD_power_law,0.1
COMP-SYN-039-014,LOT-SYN-039,ISRO_MOCK,CMOS_LOGIC,HEX_INVERTER,CERAMIC_FP,96,125,1.5,1992.747,290.474,196.86,0.1916,HEALTHY,NONE,0,1,synthetic,semiconductor_synthetic,physics_RD_power_law,0.1
COMP-SYN-039-014,LOT-SYN-039,ISRO_MOCK,CMOS_LOGIC,HEX_INVERTER,CERAMIC_FP,168,125,1.5,1980.138,286.578,196.12,0.2143,HEALTHY,NONE,0,1,synthetic,semiconductor_synthetic,physics_RD_power_law,0.1
COMP-SYN-039-015,LOT-SYN-039,ISRO_MOCK,CMOS_LOGIC,HEX_INVERTER,CERAMIC_FP,0,125,1.5,2066.131,292.952,187.07,0.0,HEALTHY,NONE,0,1,synthetic,semiconductor_synthetic,physics_RD_power_law,0.1
COMP-SYN-039-015,LOT-SYN-039,ISRO_MOCK,CMOS_LOGIC,HEX_INVERTER,CERAMIC_FP,24,125,1.5,2053.863,289.389,191.46,0.1452,HEALTHY,NONE,0,1,synthetic,semiconductor_synthetic,physics_RD_power_law,0.1
COMP-SYN-039-015,LOT-SYN-039,ISRO_MOCK,CMOS_LOGIC,HEX_INVERTER,CERAMIC_FP,96,125,1.5,2080.401,282.974,192.18,0.1916,HEALTHY,NONE,0,1,synthetic,semiconductor_synthetic,physics_RD_power_law,0.1
COMP-SYN-039-015,LOT-SYN-039,ISRO_MOCK,CMOS_LOGIC,HEX_INVERTER,CERAMIC_FP,168,125,1.5,2053.148,282.236,197.47,0.2143,HEALTHY,NONE,0,1,synthetic,semiconductor_synthetic,physics_RD_power_law,0.1
COMP-SYN-039-016,LOT-SYN-039,ISRO_MOCK,CMOS_LOGIC,HEX_INVERTER,CERAMIC_FP,0,125,1.5,2112.995,275.981,186.91,0.0,HEALTHY,NONE,0,1,synthetic,semiconductor_synthetic,physics_RD_power_law,0.1
COMP-SYN-039-016,LOT-SYN-039,ISRO_MOCK,CMOS_LOGIC,HEX_INVERTER,CERAMIC_FP,24,125,1.5,2082.539,271.889,196.61,0.1452,HEALTHY,NONE,0,1,synthetic,semiconductor_synthetic,physics_RD_power_law,0.1
COMP-SYN-039-016,LOT-SYN-039,ISRO_MOCK,CMOS_LOGIC,HEX_INVERTER,CERAMIC_FP,96,125,1.5,2069.058,269.769,197.37,0.1916,HEALTHY,NONE,0,1,synthetic,semiconductor_synthetic,physics_RD_power_law,0.1
COMP-SYN-039-016,LOT-SYN-039,ISRO_MOCK,CMOS_LOGIC,HEX_INVERTER,CERAMIC_FP,168,125,1.5,2066.951,267.056,201.82,0.2143,HEALTHY,NONE,0,1,synthetic,semiconductor_synthetic,physics_RD_power_law,0.1
COMP-SYN-039-017,LOT-SYN-039,ISRO_MOCK,CMOS_LOGIC,HEX_INVERTER,CERAMIC_FP,0,125,1.5,2029.085,310.8,186.18,0.0,HEALTHY,NONE,0,1,synthetic,semiconductor_synthetic,physics_RD_power_law,0.1
COMP-SYN-039-017,LOT-SYN-039,ISRO_MOCK,CMOS_LOGIC,HEX_INVERTER,CERAMIC_FP,24,125,1.5,2056.599,311.523,197.17,0.1452,HEALTHY,NONE,0,1,synthetic,semiconductor_synthetic,physics_RD_power_law,0.1
COMP-SYN-039-017,LOT-SYN-039,ISRO_MOCK,CMOS_LOGIC,HEX_INVERTER,CERAMIC_FP,96,125,1.5,2025.879,306.095,196.3,0.1916,HEALTHY,NONE,0,1,synthetic,semiconductor_synthetic,physics_RD_power_law,0.1
COMP-SYN-039-017,LOT-SYN-039,ISRO_MOCK,CMOS_LOGIC,HEX_INVERTER,CERAMIC_FP,168,125,1.5,2007.82,308.261,197.45,0.2143,HEALTHY,NONE,0,1,synthetic,semiconductor_synthetic,physics_RD_power_law,0.1
COMP-SYN-039-018,LOT-SYN-039,ISRO_MOCK,CMOS_LOGIC,HEX_INVERTER,CERAMIC_FP,0,125,1.5,2194.466,284.126,189.61,0.0,HEALTHY,NONE,0,1,synthetic,semiconductor_synthetic,physics_RD_power_law,0.1
COMP-SYN-039-018,LOT-SYN-039,ISRO_MOCK,CMOS_LOGIC,HEX_INVERTER,CERAMIC_FP,24,125,1.5,2179.34,288.884,198.14,0.1452,HEALTHY,NONE,0,1,synthetic,semiconductor_synthetic,physics_RD_power_law,0.1
COMP-SYN-039-018,LOT-SYN-039,ISRO_MOCK,CMOS_LOGIC,HEX_INVERTER,CERAMIC_FP,96,125,1.5,2214.708,283.999,197.73,0.1916,HEALTHY,NONE,0,1,synthetic,semiconductor_synthetic,physics_RD_power_law,0.1
COMP-SYN-039-018,LOT-SYN-039,ISRO_MOCK,CMOS_LOGIC,HEX_INVERTER,CERAMIC_FP,168,125,1.5,2195.454,284.255,201.43,0.2143,HEALTHY,NONE,0,1,synthetic,semiconductor_synthetic,physics_RD_power_law,0.1
COMP-SYN-039-019,LOT-SYN-039,ISRO_MOCK,CMOS_LOGIC,HEX_INVERTER,CERAMIC_FP,0,125,1.5,2054.347,276.147,188.55,0.0,HEALTHY,NONE,0,1,synthetic,semiconductor_synthetic,physics_RD_power_law,0.1
COMP-SYN-039-019,LOT-SYN-039,ISRO_MOCK,CMOS_LOGIC,HEX_INVERTER,CERAMIC_FP,24,125,1.5,2034.558,277.213,194.49,0.1452,HEALTHY,NONE,0,1,synthetic,semiconductor_synthetic,physics_RD_power_law,0.1
COMP-SYN-039-019,LOT-SYN-039,ISRO_MOCK,CMOS_LOGIC,HEX_INVERTER,CERAMIC_FP,96,125,1.5,2012.952,268.43,194.89,0.1916,HEALTHY,NONE,0,1,synthetic,semiconductor_synthetic,physics_RD_power_law,0.1
COMP-SYN-039-019,LOT-SYN-039,ISRO_MOCK,CMOS_LOGIC,HEX_INVERTER,CERAMIC_FP,168,125,1.5,2009.111,267.274,196.44,0.2143,HEALTHY,NONE,0,1,synthetic,semiconductor_synthetic,physics_RD_power_law,0.1
COMP-SYN-039-020,LOT-SYN-039,ISRO_MOCK,CMOS_LOGIC,HEX_INVERTER,CERAMIC_FP,0,125,1.5,2053.561,287.206,172.02,0.0,HEALTHY,NONE,0,1,synthetic,semiconductor_synthetic,physics_RD_power_law,0.1
COMP-SYN-039-020,LOT-SYN-039,ISRO_MOCK,CMOS_LOGIC,HEX_INVERTER,CERAMIC_FP,24,125,1.5,2056.026,286.237,182.07,0.1452,HEALTHY,NONE,0,1,synthetic,semiconductor_synthetic,physics_RD_power_law,0.1
COMP-SYN-039-020,LOT-SYN-039,ISRO_MOCK,CMOS_LOGIC,HEX_INVERTER,CERAMIC_FP,96,125,1.5,2084.583,290.453,182.35,0.1916,HEALTHY,NONE,0,1,synthetic,semiconductor_synthetic,physics_RD_power_law,0.1
COMP-SYN-039-020,LOT-SYN-039,ISRO_MOCK,CMOS_LOGIC,HEX_INVERTER,CERAMIC_FP,168,125,1.5,2082.424,279.715,183.36,0.2143,HEALTHY,NONE,0,1,synthetic,semiconductor_synthetic,physics_RD_power_law,0.1
COMP-SYN-039-021,LOT-SYN-039,ISRO_MOCK,CMOS_LOGIC,HEX_INVERTER,CERAMIC_FP,0,125,1.5,2077.086,295.015,186.09,0.0,HEALTHY,NONE,0,1,synthetic,semiconductor_synthetic,physics_RD_power_law,0.1
COMP-SYN-039-021,LOT-SYN-039,ISRO_MOCK,CMOS_LOGIC,HEX_INVERTER,CERAMIC_FP,24,125,1.5,2047.076,295.1,195.76,0.1452,HEALTHY,NONE,0,1,synthetic,semiconductor_synthetic,physics_RD_power_law,0.1
COMP-SYN-039-021,LOT-SYN-039,ISRO_MOCK,CMOS_LOGIC,HEX_INVERTER,CERAMIC_FP,96,125,1.5,2022.298,297.416,199.59,0.1916,HEALTHY,NONE,0,1,synthetic,semiconductor_synthetic,physics_RD_power_law,0.1
COMP-SYN-039-021,LOT-SYN-039,ISRO_MOCK,CMOS_LOGIC,HEX_INVERTER,CERAMIC_FP,168,125,1.5,2042.424,293.327,201.13,0.2143,HEALTHY,NONE,0,1,synthetic,semiconductor_synthetic,physics_RD_power_law,0.1
COMP-SYN-039-022,LOT-SYN-039,ISRO_MOCK,CMOS_LOGIC,HEX_INVERTER,CERAMIC_FP,0,125,1.5,1889.935,288.414,182.67,0.0,HEALTHY,NONE,0,1,synthetic,semiconductor_synthetic,physics_RD_power_law,0.1
COMP-SYN-039-022,LOT-SYN-039,ISRO_MOCK,CMOS_LOGIC,HEX_INVERTER,CERAMIC_FP,24,125,1.5,1873.866,290.947,191.33,0.1452,HEALTHY,NONE,0,1,synthetic,semiconductor_synthetic,physics_RD_power_law,0.1
COMP-SYN-039-022,LOT-SYN-039,ISRO_MOCK,CMOS_LOGIC,HEX_INVERTER,CERAMIC_FP,96,125,1.5,1853.628,284.434,190.15,0.1916,HEALTHY,NONE,0,1,synthetic,semiconductor_synthetic,physics_RD_power_law,0.1
COMP-SYN-039-022,LOT-SYN-039,ISRO_MOCK,CMOS_LOGIC,HEX_INVERTER,CERAMIC_FP,168,125,1.5,1858.141,279.606,194.81,0.2143,HEALTHY,NONE,0,1,synthetic,semiconductor_synthetic,physics_RD_power_law,0.1
COMP-SYN-039-023,LOT-SYN-039,ISRO_MOCK,CMOS_LOGIC,HEX_INVERTER,CERAMIC_FP,0,125,1.5,1979.728,290.493,189.93,0.0,HEALTHY,NONE,0,1,synthetic,semiconductor_synthetic,physics_RD_power_law,0.1
COMP-SYN-039-023,LOT-SYN-039,ISRO_MOCK,CMOS_LOGIC,HEX_INVERTER,CERAMIC_FP,24,125,1.5,1926.56,287.87,196.85,0.1452,HEALTHY,NONE,0,1,synthetic,semiconductor_synthetic,physics_RD_power_law,0.1
COMP-SYN-039-023,LOT-SYN-039,ISRO_MOCK,CMOS_LOGIC,HEX_INVERTER,CERAMIC_FP,96,125,1.5,1965.845,283.736,199.45,0.1916,HEALTHY,NONE,0,1,synthetic,semiconductor_synthetic,physics_RD_power_law,0.1
COMP-SYN-039-023,LOT-SYN-039,ISRO_MOCK,CMOS_LOGIC,HEX_INVERTER,CERAMIC_FP,168,125,1.5,1965.468,278.827,196.75,0.2143,HEALTHY,NONE,0,1,synthetic,semiconductor_synthetic,physics_RD_power_law,0.1
COMP-SYN-039-024,LOT-SYN-039,ISRO_MOCK,CMOS_LOGIC,HEX_INVERTER,CERAMIC_FP,0,125,1.5,2101.004,307.339,184.89,0.0,HEALTHY,NONE,0,1,synthetic,semiconductor_synthetic,physics_RD_power_law,0.1
COMP-SYN-039-024,LOT-SYN-039,ISRO_MOCK,CMOS_LOGIC,HEX_INVERTER,CERAMIC_FP,24,125,1.5,2103.16,302.341,189.63,0.1452,HEALTHY,NONE,0,1,synthetic,semiconductor_synthetic,physics_RD_power_law,0.1
COMP-SYN-039-024,LOT-SYN-039,ISRO_MOCK,CMOS_LOGIC,HEX_INVERTER,CERAMIC_FP,96,125,1.5,2147.13,301.028,191.61,0.1916,HEALTHY,NONE,0,1,synthetic,semiconductor_synthetic,physics_RD_power_law,0.1
COMP-SYN-039-024,LOT-SYN-039,ISRO_MOCK,CMOS_LOGIC,HEX_INVERTER,CERAMIC_FP,168,125,1.5,2121.786,303.294,191.1,0.2143,HEALTHY,NONE,0,1,synthetic,semiconductor_synthetic,physics_RD_power_law,0.1
COMP-SYN-039-025,LOT-SYN-039,ISRO_MOCK,CMOS_LOGIC,HEX_INVERTER,CERAMIC_FP,0,125,1.5,2096.689,303.706,194.49,0.0,HEALTHY,NONE,0,1,synthetic,semiconductor_synthetic,physics_RD_power_law,0.1
COMP-SYN-039-025,LOT-SYN-039,ISRO_MOCK,CMOS_LOGIC,HEX_INVERTER,CERAMIC_FP,24,125,1.5,2038.66,303.618,203.19,0.1452,HEALTHY,NONE,0,1,synthetic,semiconductor_synthetic,physics_RD_power_law,0.1
COMP-SYN-039-025,LOT-SYN-039,ISRO_MOCK,CMOS_LOGIC,HEX_INVERTER,CERAMIC_FP,96,125,1.5,2066.041,298.538,203.25,0.1916,HEALTHY,NONE,0,1,synthetic,semiconductor_synthetic,physics_RD_power_law,0.1
COMP-SYN-039-025,LOT-SYN-039,ISRO_MOCK,CMOS_LOGIC,HEX_INVERTER,CERAMIC_FP,168,125,1.5,2019.939,297.73,206.55,0.2143,HEALTHY,NONE,0,1,synthetic,semiconductor_synthetic,physics_RD_power_law,0.1
COMP-SYN-039-026,LOT-SYN-039,ISRO_MOCK,CMOS_LOGIC,HEX_INVERTER,CERAMIC_FP,0,125,1.5,2002.953,307.263,184.63,0.0,HEALTHY,NONE,0,1,synthetic,semiconductor_synthetic,physics_RD_power_law,0.1
COMP-SYN-039-026,LOT-SYN-039,ISRO_MOCK,CMOS_LOGIC,HEX_INVERTER,CERAMIC_FP,24,125,1.5,2003.758,302.933,190.31,0.1452,HEALTHY,NONE,0,1,synthetic,semiconductor_synthetic,physics_RD_power_law,0.1
COMP-SYN-039-026,LOT-SYN-039,ISRO_MOCK,CMOS_LOGIC,HEX_INVERTER,CERAMIC_FP,96,125,1.5,2001.945,308.539,192.83,0.1916,HEALTHY,NONE,0,1,synthetic,semiconductor_synthetic,physics_RD_power_law,0.1
COMP-SYN-039-026,LOT-SYN-039,ISRO_MOCK,CMOS_LOGIC,HEX_INVERTER,CERAMIC_FP,168,125,1.5,1999.006,301.094,195.57,0.2143,HEALTHY,NONE,0,1,synthetic,semiconductor_synthetic,physics_RD_power_law,0.1
COMP-SYN-039-027,LOT-SYN-039,ISRO_MOCK,CMOS_LOGIC,HEX_INVERTER,CERAMIC_FP,0,125,1.5,2074.135,275.745,187.59,0.0,HEALTHY,NONE,0,1,synthetic,semiconductor_synthetic,physics_RD_power_law,0.1
COMP-SYN-039-027,LOT-SYN-039,ISRO_MOCK,CMOS_LOGIC,HEX_INVERTER,CERAMIC_FP,24,125,1.5,2047.742,281.601,189.47,0.1452,HEALTHY,NONE,0,1,synthetic,semiconductor_synthetic,physics_RD_power_law,0.1
COMP-SYN-039-027,LOT-SYN-039,ISRO_MOCK,CMOS_LOGIC,HEX_INVERTER,CERAMIC_FP,96,125,1.5,2012.0,279.437,196.66,0.1916,HEALTHY,NONE,0,1,synthetic,semiconductor_synthetic,physics_RD_power_law,0.1
COMP-SYN-039-027,LOT-SYN-039,ISRO_MOCK,CMOS_LOGIC,HEX_INVERTER,CERAMIC_FP,168,125,1.5,2002.678,279.699,199.0,0.2143,HEALTHY,NONE,0,1,synthetic,semiconductor_synthetic,physics_RD_power_law,0.1
COMP-SYN-039-028,LOT-SYN-039,ISRO_MOCK,CMOS_LOGIC,HEX_INVERTER,CERAMIC_FP,0,125,1.5,2054.807,289.969,181.06,0.0,HEALTHY,NONE,0,1,synthetic,semiconductor_synthetic,physics_RD_power_law,0.1
COMP-SYN-039-028,LOT-SYN-039,ISRO_MOCK,CMOS_LOGIC,HEX_INVERTER,CERAMIC_FP,24,125,1.5,2060.314,285.226,187.8,0.1452,HEALTHY,NONE,0,1,synthetic,semiconductor_synthetic,physics_RD_power_law,0.1
COMP-SYN-039-028,LOT-SYN-039,ISRO_MOCK,CMOS_LOGIC,HEX_INVERTER,CERAMIC_FP,96,125,1.5,2046.192,284.485,192.62,0.1916,HEALTHY,NONE,0,1,synthetic,semiconductor_synthetic,physics_RD_power_law,0.1
COMP-SYN-039-028,LOT-SYN-039,ISRO_MOCK,CMOS_LOGIC,HEX_INVERTER,CERAMIC_FP,168,125,1.5,1970.35,281.955,195.52,0.2143,HEALTHY,NONE,0,1,synthetic,semiconductor_synthetic,physics_RD_power_law,0.1
COMP-SYN-039-029,LOT-SYN-039,ISRO_MOCK,CMOS_LOGIC,HEX_INVERTER,CERAMIC_FP,0,125,1.5,1994.321,291.533,188.69,0.0,HEALTHY,NONE,0,1,synthetic,semiconductor_synthetic,physics_RD_power_law,0.1
COMP-SYN-039-029,LOT-SYN-039,ISRO_MOCK,CMOS_LOGIC,HEX_INVERTER,CERAMIC_FP,24,125,1.5,1975.383,289.762,197.06,0.1452,HEALTHY,NONE,0,1,synthetic,semiconductor_synthetic,physics_RD_power_law,0.1
COMP-SYN-039-029,LOT-SYN-039,ISRO_MOCK,CMOS_LOGIC,HEX_INVERTER,CERAMIC_FP,96,125,1.5,1982.727,298.509,196.56,0.1916,HEALTHY,NONE,0,1,synthetic,semiconductor_synthetic,physics_RD_power_law,0.1
COMP-SYN-039-029,LOT-SYN-039,ISRO_MOCK,CMOS_LOGIC,HEX_INVERTER,CERAMIC_FP,168,125,1.5,1968.998,297.714,197.17,0.2143,HEALTHY,NONE,0,1,synthetic,semiconductor_synthetic,physics_RD_power_law,0.1
COMP-SYN-039-030,LOT-SYN-039,ISRO_MOCK,CMOS_LOGIC,HEX_INVERTER,CERAMIC_FP,0,125,1.5,2089.905,316.522,188.33,0.0,HEALTHY,NONE,0,1,synthetic,semiconductor_synthetic,physics_RD_power_law,0.1
COMP-SYN-039-030,LOT-SYN-039,ISRO_MOCK,CMOS_LOGIC,HEX_INVERTER,CERAMIC_FP,24,125,1.5,2105.519,311.427,194.05,0.1452,HEALTHY,NONE,0,1,synthetic,semiconductor_synthetic,physics_RD_power_law,0.1
COMP-SYN-039-030,LOT-SYN-039,ISRO_MOCK,CMOS_LOGIC,HEX_INVERTER,CERAMIC_FP,96,125,1.5,2088.444,310.542,198.14,0.1916,HEALTHY,NONE,0,1,synthetic,semiconductor_synthetic,physics_RD_power_law,0.1
COMP-SYN-039-030,LOT-SYN-039,ISRO_MOCK,CMOS_LOGIC,HEX_INVERTER,CERAMIC_FP,168,125,1.5,2066.31,308.62,200.82,0.2143,HEALTHY,NONE,0,1,synthetic,semiconductor_synthetic,physics_RD_power_law,0.1
COMP-SYN-039-031,LOT-SYN-039,ISRO_MOCK,CMOS_LOGIC,HEX_INVERTER,CERAMIC_FP,0,125,1.5,2039.37,302.426,191.06,0.0,HEALTHY,NONE,0,1,synthetic,semiconductor_synthetic,physics_RD_power_law,0.1
COMP-SYN-039-031,LOT-SYN-039,ISRO_MOCK,CMOS_LOGIC,HEX_INVERTER,CERAMIC_FP,24,125,1.5,2073.055,303.582,203.07,0.1452,HEALTHY,NONE,0,1,synthetic,semiconductor_synthetic,physics_RD_power_law,0.1
COMP-SYN-039-031,LOT-SYN-039,ISRO_MOCK,CMOS_LOGIC,HEX_INVERTER,CERAMIC_FP,96,125,1.5,2006.193,305.149,203.45,0.1916,HEALTHY,NONE,0,1,synthetic,semiconductor_synthetic,physics_RD_power_law,0.1
COMP-SYN-039-031,LOT-SYN-039,ISRO_MOCK,CMOS_LOGIC,HEX_INVERTER,CERAMIC_FP,168,125,1.5,2061.957,296.677,200.05,0.2143,HEALTHY,NONE,0,1,synthetic,semiconductor_synthetic,physics_RD_power_law,0.1
COMP-SYN-039-032,LOT-SYN-039,ISRO_MOCK,CMOS_LOGIC,HEX_INVERTER,CERAMIC_FP,0,125,1.5,2052.936,296.666,185.92,0.0,HEALTHY,NONE,0,1,synthetic,semiconductor_synthetic,physics_RD_power_law,0.1
COMP-SYN-039-032,LOT-SYN-039,ISRO_MOCK,CMOS_LOGIC,HEX_INVERTER,CERAMIC_FP,24,125,1.5,2035.404,298.206,195.55,0.1452,HEALTHY,NONE,0,1,synthetic,semiconductor_synthetic,physics_RD_power_law,0.1
COMP-SYN-039-032,LOT-SYN-039,ISRO_MOCK,CMOS_LOGIC,HEX_INVERTER,CERAMIC_FP,96,125,1.5,2013.479,295.388,196.5,0.1916,HEALTHY,NONE,0,1,synthetic,semiconductor_synthetic,physics_RD_power_law,0.1
COMP-SYN-039-032,LOT-SYN-039,ISRO_MOCK,CMOS_LOGIC,HEX_INVERTER,CERAMIC_FP,168,125,1.5,2027.62,294.322,198.14,0.2143,HEALTHY,NONE,0,1,synthetic,semiconductor_synthetic,physics_RD_power_law,0.1
COMP-SYN-039-033,LOT-SYN-039,ISRO_MOCK,CMOS_LOGIC,HEX_INVERTER,CERAMIC_FP,0,125,1.5,2115.539,276.76,190.95,0.0,HEALTHY,NONE,0,1,synthetic,semiconductor_synthetic,physics_RD_power_law,0.1
COMP-SYN-039-033,LOT-SYN-039,ISRO_MOCK,CMOS_LOGIC,HEX_INVERTER,CERAMIC_FP,24,125,1.5,2104.118,282.544,203.08,0.1452,HEALTHY,NONE,0,1,synthetic,semiconductor_synthetic,physics_RD_power_law,0.1
COMP-SYN-039-033,LOT-SYN-039,ISRO_MOCK,CMOS_LOGIC,HEX_INVERTER,CERAMIC_FP,96,125,1.5,2089.73,272.732,202.99,0.1916,HEALTHY,NONE,0,1,synthetic,semiconductor_synthetic,physics_RD_power_law,0.1
COMP-SYN-039-033,LOT-SYN-039,ISRO_MOCK,CMOS_LOGIC,HEX_INVERTER,CERAMIC_FP,168,125,1.5,2037.542,273.529,203.12,0.2143,HEALTHY,NONE,0,1,synthetic,semiconductor_synthetic,physics_RD_power_law,0.1
COMP-SYN-039-034,LOT-SYN-039,ISRO_MOCK,CMOS_LOGIC,HEX_INVERTER,CERAMIC_FP,0,125,1.5,1952.37,297.32,184.38,0.0,HEALTHY,NONE,0,1,synthetic,semiconductor_synthetic,physics_RD_power_law,0.1
COMP-SYN-039-034,LOT-SYN-039,ISRO_MOCK,CMOS_LOGIC,HEX_INVERTER,CERAMIC_FP,24,125,1.5,1939.206,299.797,190.03,0.1452,HEALTHY,NONE,0,1,synthetic,semiconductor_synthetic,physics_RD_power_law,0.1
COMP-SYN-039-034,LOT-SYN-039,ISRO_MOCK,CMOS_LOGIC,HEX_INVERTER,CERAMIC_FP,96,125,1.5,1902.628,297.461,195.74,0.1916,HEALTHY,NONE,0,1,synthetic,semiconductor_synthetic,physics_RD_power_law,0.1
COMP-SYN-039-034,LOT-SYN-039,ISRO_MOCK,CMOS_LOGIC,HEX_INVERTER,CERAMIC_FP,168,125,1.5,1898.061,298.436,193.31,0.2143,HEALTHY,NONE,0,1,synthetic,semiconductor_synthetic,physics_RD_power_law,0.1
COMP-SYN-039-035,LOT-SYN-039,ISRO_MOCK,CMOS_LOGIC,HEX_INVERTER,CERAMIC_FP,0,125,1.5,2045.728,289.065,182.86,0.0,HEALTHY,NONE,0,1,synthetic,semiconductor_synthetic,physics_RD_power_law,0.1
COMP-SYN-039-035,LOT-SYN-039,ISRO_MOCK,CMOS_LOGIC,HEX_INVERTER,CERAMIC_FP,24,125,1.5,2031.994,286.688,192.18,0.1452,HEALTHY,NONE,0,1,synthetic,semiconductor_synthetic,physics_RD_power_law,0.1
COMP-SYN-039-035,LOT-SYN-039,ISRO_MOCK,CMOS_LOGIC,HEX_INVERTER,CERAMIC_FP,96,125,1.5,1989.323,282.2,193.33,0.1916,HEALTHY,NONE,0,1,synthetic,semiconductor_synthetic,physics_RD_power_law,0.1
COMP-SYN-039-035,LOT-SYN-039,ISRO_MOCK,CMOS_LOGIC,HEX_INVERTER,CERAMIC_FP,168,125,1.5,2015.554,286.696,195.06,0.2143,HEALTHY,NONE,0,1,synthetic,semiconductor_synthetic,physics_RD_power_law,0.1
COMP-SYN-039-036,LOT-SYN-039,ISRO_MOCK,CMOS_LOGIC,HEX_INVERTER,CERAMIC_FP,0,125,1.5,2107.228,287.747,185.25,0.0,HEALTHY,NONE,0,1,synthetic,semiconductor_synthetic,physics_RD_power_law,0.1
COMP-SYN-039-036,LOT-SYN-039,ISRO_MOCK,CMOS_LOGIC,HEX_INVERTER,CERAMIC_FP,24,125,1.5,2116.15,276.239,193.32,0.1452,HEALTHY,NONE,0,1,synthetic,semiconductor_synthetic,physics_RD_power_law,0.1
COMP-SYN-039-036,LOT-SYN-039,ISRO_MOCK,CMOS_LOGIC,HEX_INVERTER,CERAMIC_FP,96,125,1.5,2125.897,280.77,193.3,0.1916,HEALTHY,NONE,0,1,synthetic,semiconductor_synthetic,physics_RD_power_law,0.1
COMP-SYN-039-036,LOT-SYN-039,ISRO_MOCK,CMOS_LOGIC,HEX_INVERTER,CERAMIC_FP,168,125,1.5,2140.674,279.31,193.8,0.2143,HEALTHY,NONE,0,1,synthetic,semiconductor_synthetic,physics_RD_power_law,0.1
COMP-SYN-039-037,LOT-SYN-039,ISRO_MOCK,CMOS_LOGIC,HEX_INVERTER,CERAMIC_FP,0,125,1.5,1968.993,323.822,187.69,0.0,HEALTHY,NONE,0,1,synthetic,semiconductor_synthetic,physics_RD_power_law,0.1
COMP-SYN-039-037,LOT-SYN-039,ISRO_MOCK,CMOS_LOGIC,HEX_INVERTER,CERAMIC_FP,24,125,1.5,1955.004,322.15,196.99,0.1452,HEALTHY,NONE,0,1,synthetic,semiconductor_synthetic,physics_RD_power_law,0.1
COMP-SYN-039-037,LOT-SYN-039,ISRO_MOCK,CMOS_LOGIC,HEX_INVERTER,CERAMIC_FP,96,125,1.5,1956.757,321.993,195.59,0.1916,HEALTHY,NONE,0,1,synthetic,semiconductor_synthetic,physics_RD_power_law,0.1
COMP-SYN-039-037,LOT-SYN-039,ISRO_MOCK,CMOS_LOGIC,HEX_INVERTER,CERAMIC_FP,168,125,1.5,1968.5,319.994,200.4,0.2143,HEALTHY,NONE,0,1,synthetic,semiconductor_synthetic,physics_RD_power_law,0.1
COMP-SYN-039-038,LOT-SYN-039,ISRO_MOCK,CMOS_LOGIC,HEX_INVERTER,CERAMIC_FP,0,125,1.5,2266.323,316.288,195.46,0.0,HEALTHY,NONE,0,1,synthetic,semiconductor_synthetic,physics_RD_power_law,0.1
COMP-SYN-039-038,LOT-SYN-039,ISRO_MOCK,CMOS_LOGIC,HEX_INVERTER,CERAMIC_FP,24,125,1.5,2219.101,308.918,200.34,0.1452,HEALTHY,NONE,0,1,synthetic,semiconductor_synthetic,physics_RD_power_law,0.1
COMP-SYN-039-038,LOT-SYN-039,ISRO_MOCK,CMOS_LOGIC,HEX_INVERTER,CERAMIC_FP,96,125,1.5,2225.18,313.185,204.96,0.1916,HEALTHY,NONE,0,1,synthetic,semiconductor_synthetic,physics_RD_power_law,0.1
COMP-SYN-039-038,LOT-SYN-039,ISRO_MOCK,CMOS_LOGIC,HEX_INVERTER,CERAMIC_FP,168,125,1.5,2212.176,308.4,200.98,0.2143,HEALTHY,NONE,0,1,synthetic,semiconductor_synthetic,physics_RD_power_law,0.1
COMP-SYN-039-039,LOT-SYN-039,ISRO_MOCK,CMOS_LOGIC,HEX_INVERTER,CERAMIC_FP,0,125,1.5,2054.94,308.184,188.57,0.0,HEALTHY,NONE,0,1,synthetic,semiconductor_synthetic,physics_RD_power_law,0.1
COMP-SYN-039-039,LOT-SYN-039,ISRO_MOCK,CMOS_LOGIC,HEX_INVERTER,CERAMIC_FP,24,125,1.5,2007.367,310.095,193.81,0.1452,HEALTHY,NONE,0,1,synthetic,semiconductor_synthetic,physics_RD_power_law,0.1
COMP-SYN-039-039,LOT-SYN-039,ISRO_MOCK,CMOS_LOGIC,HEX_INVERTER,CERAMIC_FP,96,125,1.5,1955.772,308.414,195.54,0.1916,HEALTHY,NONE,0,1,synthetic,semiconductor_synthetic,physics_RD_power_law,0.1
COMP-SYN-039-039,LOT-SYN-039,ISRO_MOCK,CMOS_LOGIC,HEX_INVERTER,CERAMIC_FP,168,125,1.5,2013.976,306.901,199.05,0.2143,HEALTHY,NONE,0,1,synthetic,semiconductor_synthetic,physics_RD_power_law,0.1
COMP-SYN-039-040,LOT-SYN-039,ISRO_MOCK,CMOS_LOGIC,HEX_INVERTER,CERAMIC_FP,0,125,1.5,1998.622,293.874,182.83,0.0,HEALTHY,NONE,0,1,synthetic,semiconductor_synthetic,physics_RD_power_law,0.1
COMP-SYN-039-040,LOT-SYN-039,ISRO_MOCK,CMOS_LOGIC,HEX_INVERTER,CERAMIC_FP,24,125,1.5,1968.164,294.751,188.85,0.1452,HEALTHY,NONE,0,1,synthetic,semiconductor_synthetic,physics_RD_power_law,0.1
COMP-SYN-039-040,LOT-SYN-039,ISRO_MOCK,CMOS_LOGIC,HEX_INVERTER,CERAMIC_FP,96,125,1.5,1960.288,292.501,194.15,0.1916,HEALTHY,NONE,0,1,synthetic,semiconductor_synthetic,physics_RD_power_law,0.1
COMP-SYN-039-040,LOT-SYN-039,ISRO_MOCK,CMOS_LOGIC,HEX_INVERTER,CERAMIC_FP,168,125,1.5,1989.282,292.031,196.46,0.2143,HEALTHY,NONE,0,1,synthetic,semiconductor_synthetic,physics_RD_power_law,0.1
COMP-SYN-039-041,LOT-SYN-039,ISRO_MOCK,CMOS_LOGIC,HEX_INVERTER,CERAMIC_FP,0,125,1.5,2080.933,293.994,191.61,0.0,HEALTHY,NONE,0,1,synthetic,semiconductor_synthetic,physics_RD_power_law,0.1
COMP-SYN-039-041,LOT-SYN-039,ISRO_MOCK,CMOS_LOGIC,HEX_INVERTER,CERAMIC_FP,24,125,1.5,2027.159,297.229,200.97,0.1452,HEALTHY,NONE,0,1,synthetic,semiconductor_synthetic,physics_RD_power_law,0.1
COMP-SYN-039-041,LOT-SYN-039,ISRO_MOCK,CMOS_LOGIC,HEX_INVERTER,CERAMIC_FP,96,125,1.5,2030.391,289.624,206.56,0.1916,HEALTHY,NONE,0,1,synthetic,semiconductor_synthetic,physics_RD_power_law,0.1
COMP-SYN-039-041,LOT-SYN-039,ISRO_MOCK,CMOS_LOGIC,HEX_INVERTER,CERAMIC_FP,168,125,1.5,1994.069,294.504,199.3,0.2143,HEALTHY,NONE,0,1,synthetic,semiconductor_synthetic,physics_RD_power_law,0.1
COMP-SYN-039-042,LOT-SYN-039,ISRO_MOCK,CMOS_LOGIC,HEX_INVERTER,CERAMIC_FP,0,125,1.5,2205.827,294.488,190.29,0.0,HEALTHY,NONE,0,1,synthetic,semiconductor_synthetic,physics_RD_power_law,0.1
COMP-SYN-039-042,LOT-SYN-039,ISRO_MOCK,CMOS_LOGIC,HEX_INVERTER,CERAMIC_FP,24,125,1.5,2188.325,285.982,200.63,0.1452,HEALTHY,NONE,0,1,synthetic,semiconductor_synthetic,physics_RD_power_law,0.1
COMP-SYN-039-042,LOT-SYN-039,ISRO_MOCK,CMOS_LOGIC,HEX_INVERTER,CERAMIC_FP,96,125,1.5,2180.771,285.307,203.46,0.1916,HEALTHY,NONE,0,1,synthetic,semiconductor_synthetic,physics_RD_power_law,0.1
COMP-SYN-039-042,LOT-SYN-039,ISRO_MOCK,CMOS_LOGIC,HEX_INVERTER,CERAMIC_FP,168,125,1.5,2149.93,287.604,204.05,0.2143,HEALTHY,NONE,0,1,synthetic,semiconductor_synthetic,physics_RD_power_law,0.1
COMP-SYN-039-043,LOT-SYN-039,ISRO_MOCK,CMOS_LOGIC,HEX_INVERTER,CERAMIC_FP,0,125,1.5,2256.333,297.07,184.82,0.0,HEALTHY,NONE,0,1,synthetic,semiconductor_synthetic,physics_RD_power_law,0.1
COMP-SYN-039-043,LOT-SYN-039,ISRO_MOCK,CMOS_LOGIC,HEX_INVERTER,CERAMIC_FP,24,125,1.5,2254.84,292.766,193.59,0.1452,HEALTHY,NONE,0,1,synthetic,semiconductor_synthetic,physics_RD_power_law,0.1
COMP-SYN-039-043,LOT-SYN-039,ISRO_MOCK,CMOS_LOGIC,HEX_INVERTER,CERAMIC_FP,96,125,1.5,2208.316,286.833,195.08,0.1916,HEALTHY,NONE,0,1,synthetic,semiconductor_synthetic,physics_RD_power_law,0.1
COMP-SYN-039-043,LOT-SYN-039,ISRO_MOCK,CMOS_LOGIC,HEX_INVERTER,CERAMIC_FP,168,125,1.5,2206.078,289.988,193.07,0.2143,HEALTHY,NONE,0,1,synthetic,semiconductor_synthetic,physics_RD_power_law,0.1
COMP-SYN-039-044,LOT-SYN-039,ISRO_MOCK,CMOS_LOGIC,HEX_INVERTER,CERAMIC_FP,0,125,1.5,2331.972,291.867,194.56,0.0,HEALTHY,NONE,0,1,synthetic,semiconductor_synthetic,physics_RD_power_law,0.1
COMP-SYN-039-044,LOT-SYN-039,ISRO_MOCK,CMOS_LOGIC,HEX_INVERTER,CERAMIC_FP,24,125,1.5,2312.307,296.675,195.79,0.1452,HEALTHY,NONE,0,1,synthetic,semiconductor_synthetic,physics_RD_power_law,0.1
COMP-SYN-039-044,LOT-SYN-039,ISRO_MOCK,CMOS_LOGIC,HEX_INVERTER,CERAMIC_FP,96,125,1.5,2309.462,289.684,202.63,0.1916,HEALTHY,NONE,0,1,synthetic,semiconductor_synthetic,physics_RD_power_law,0.1
COMP-SYN-039-044,LOT-SYN-039,ISRO_MOCK,CMOS_LOGIC,HEX_INVERTER,CERAMIC_FP,168,125,1.5,2281.882,290.993,203.39,0.2143,HEALTHY,NONE,0,1,synthetic,semiconductor_synthetic,physics_RD_power_law,0.1
COMP-SYN-039-045,LOT-SYN-039,ISRO_MOCK,CMOS_LOGIC,HEX_INVERTER,CERAMIC_FP,0,125,1.5,1928.745,283.105,190.54,0.0,HEALTHY,NONE,0,1,synthetic,semiconductor_synthetic,physics_RD_power_law,0.1
COMP-SYN-039-045,LOT-SYN-039,ISRO_MOCK,CMOS_LOGIC,HEX_INVERTER,CERAMIC_FP,24,125,1.5,1936.101,283.167,194.59,0.1452,HEALTHY,NONE,0,1,synthetic,semiconductor_synthetic,physics_RD_power_law,0.1
COMP-SYN-039-045,LOT-SYN-039,ISRO_MOCK,CMOS_LOGIC,HEX_INVERTER,CERAMIC_FP,96,125,1.5,1937.104,282.204,199.53,0.1916,HEALTHY,NONE,0,1,synthetic,semiconductor_synthetic,physics_RD_power_law,0.1
COMP-SYN-039-045,LOT-SYN-039,ISRO_MOCK,CMOS_LOGIC,HEX_INVERTER,CERAMIC_FP,168,125,1.5,1936.524,276.258,195.24,0.2143,HEALTHY,NONE,0,1,synthetic,semiconductor_synthetic,physics_RD_power_law,0.1
COMP-SYN-039-046,LOT-SYN-039,ISRO_MOCK,CMOS_LOGIC,HEX_INVERTER,CERAMIC_FP,0,125,1.5,1983.575,298.371,190.05,0.0,HEALTHY,NONE,0,1,synthetic,semiconductor_synthetic,physics_RD_power_law,0.1
COMP-SYN-039-046,LOT-SYN-039,ISRO_MOCK,CMOS_LOGIC,HEX_INVERTER,CERAMIC_FP,24,125,1.5,1995.942,305.34,196.49,0.1452,HEALTHY,NONE,0,1,synthetic,semiconductor_synthetic,physics_RD_power_law,0.1
COMP-SYN-039-046,LOT-SYN-039,ISRO_MOCK,CMOS_LOGIC,HEX_INVERTER,CERAMIC_FP,96,125,1.5,1977.964,296.249,201.15,0.1916,HEALTHY,NONE,0,1,synthetic,semiconductor_synthetic,physics_RD_power_law,0.1
COMP-SYN-039-046,LOT-SYN-039,ISRO_MOCK,CMOS_LOGIC,HEX_INVERTER,CERAMIC_FP,168,125,1.5,1998.953,294.863,204.74,0.2143,HEALTHY,NONE,0,1,synthetic,semiconductor_synthetic,physics_RD_power_law,0.1
COMP-SYN-039-047,LOT-SYN-039,ISRO_MOCK,CMOS_LOGIC,HEX_INVERTER,CERAMIC_FP,0,125,1.5,2018.696,278.257,189.65,0.0,HEALTHY,NONE,0,1,synthetic,semiconductor_synthetic,physics_RD_power_law,0.1
COMP-SYN-039-047,LOT-SYN-039,ISRO_MOCK,CMOS_LOGIC,HEX_INVERTER,CERAMIC_FP,24,125,1.5,2010.724,277.031,194.25,0.1452,HEALTHY,NONE,0,1,synthetic,semiconductor_synthetic,physics_RD_power_law,0.1
COMP-SYN-039-047,LOT-SYN-039,ISRO_MOCK,CMOS_LOGIC,HEX_INVERTER,CERAMIC_FP,96,125,1.5,1988.286,276.788,198.83,0.1916,HEALTHY,NONE,0,1,synthetic,semiconductor_synthetic,physics_RD_power_law,0.1
COMP-SYN-039-047,LOT-SYN-039,ISRO_MOCK,CMOS_LOGIC,HEX_INVERTER,CERAMIC_FP,168,125,1.5,2013.892,274.503,197.33,0.2143,HEALTHY,NONE,0,1,synthetic,semiconductor_synthetic,physics_RD_power_law,0.1
COMP-SYN-039-048,LOT-SYN-039,ISRO_MOCK,CMOS_LOGIC,HEX_INVERTER,CERAMIC_FP,0,125,1.5,2013.154,295.065,186.45,0.0,HEALTHY,NONE,0,1,synthetic,semiconductor_synthetic,physics_RD_power_law,0.1
COMP-SYN-039-048,LOT-SYN-039,ISRO_MOCK,CMOS_LOGIC,HEX_INVERTER,CERAMIC_FP,24,125,1.5,1981.016,293.904,190.41,0.1452,HEALTHY,NONE,0,1,synthetic,semiconductor_synthetic,physics_RD_power_law,0.1
COMP-SYN-039-048,LOT-SYN-039,ISRO_MOCK,CMOS_LOGIC,HEX_INVERTER,CERAMIC_FP,96,125,1.5,1973.683,285.048,194.25,0.1916,HEALTHY,NONE,0,1,synthetic,semiconductor_synthetic,physics_RD_power_law,0.1
COMP-SYN-039-048,LOT-SYN-039,ISRO_MOCK,CMOS_LOGIC,HEX_INVERTER,CERAMIC_FP,168,125,1.5,2001.156,286.887,196.62,0.2143,HEALTHY,NONE,0,1,synthetic,semiconductor_synthetic,physics_RD_power_law,0.1
COMP-SYN-039-049,LOT-SYN-039,ISRO_MOCK,CMOS_LOGIC,HEX_INVERTER,CERAMIC_FP,0,125,1.5,2036.39,283.276,189.92,0.0,HEALTHY,NONE,0,1,synthetic,semiconductor_synthetic,physics_RD_power_law,0.1
COMP-SYN-039-049,LOT-SYN-039,ISRO_MOCK,CMOS_LOGIC,HEX_INVERTER,CERAMIC_FP,24,125,1.5,2085.806,286.313,196.01,0.1452,HEALTHY,NONE,0,1,synthetic,semiconductor_synthetic,physics_RD_power_law,0.1
COMP-SYN-039-049,LOT-SYN-039,ISRO_MOCK,CMOS_LOGIC,HEX_INVERTER,CERAMIC_FP,96,125,1.5,2060.712,286.585,196.57,0.1916,HEALTHY,NONE,0,1,synthetic,semiconductor_synthetic,physics_RD_power_law,0.1
COMP-SYN-039-049,LOT-SYN-039,ISRO_MOCK,CMOS_LOGIC,HEX_INVERTER,CERAMIC_FP,168,125,1.5,2060.259,284.594,196.46,0.2143,HEALTHY,NONE,0,1,synthetic,semiconductor_synthetic,physics_RD_power_law,0.1
COMP-SYN-039-050,LOT-SYN-039,ISRO_MOCK,CMOS_LOGIC,HEX_INVERTER,CERAMIC_FP,0,125,1.5,2052.553,272.57,183.6,0.0,HEALTHY,NONE,0,1,synthetic,semiconductor_synthetic,physics_RD_power_law,0.1
COMP-SYN-039-050,LOT-SYN-039,ISRO_MOCK,CMOS_LOGIC,HEX_INVERTER,CERAMIC_FP,24,125,1.5,2061.253,270.663,190.67,0.1452,HEALTHY,NONE,0,1,synthetic,semiconductor_synthetic,physics_RD_power_law,0.1
COMP-SYN-039-050,LOT-SYN-039,ISRO_MOCK,CMOS_LOGIC,HEX_INVERTER,CERAMIC_FP,96,125,1.5,2042.299,274.254,193.0,0.1916,HEALTHY,NONE,0,1,synthetic,semiconductor_synthetic,physics_RD_power_law,0.1
COMP-SYN-039-050,LOT-SYN-039,ISRO_MOCK,CMOS_LOGIC,HEX_INVERTER,CERAMIC_FP,168,125,1.5,2095.332,264.328,193.89,0.2143,HEALTHY,NONE,0,1,synthetic,semiconductor_synthetic,physics_RD_power_law,0.1
COMP-SYN-039-051,LOT-SYN-039,ISRO_MOCK,CMOS_LOGIC,HEX_INVERTER,CERAMIC_FP,0,125,1.5,2064.163,310.517,182.14,0.0,HEALTHY,NONE,0,1,synthetic,semiconductor_synthetic,physics_RD_power_law,0.1
COMP-SYN-039-051,LOT-SYN-039,ISRO_MOCK,CMOS_LOGIC,HEX_INVERTER,CERAMIC_FP,24,125,1.5,2125.418,306.587,190.79,0.1452,HEALTHY,NONE,0,1,synthetic,semiconductor_synthetic,physics_RD_power_law,0.1
COMP-SYN-039-051,LOT-SYN-039,ISRO_MOCK,CMOS_LOGIC,HEX_INVERTER,CERAMIC_FP,96,125,1.5,2039.317,306.215,188.9,0.1916,HEALTHY,NONE,0,1,synthetic,semiconductor_synthetic,physics_RD_power_law,0.1
COMP-SYN-039-051,LOT-SYN-039,ISRO_MOCK,CMOS_LOGIC,HEX_INVERTER,CERAMIC_FP,168,125,1.5,2054.469,301.906,191.3,0.2143,HEALTHY,NONE,0,1,synthetic,semiconductor_synthetic,physics_RD_power_law,0.1
COMP-SYN-039-052,LOT-SYN-039,ISRO_MOCK,CMOS_LOGIC,HEX_INVERTER,CERAMIC_FP,0,125,1.5,1934.453,296.577,182.2,0.0,HEALTHY,NONE,0,1,synthetic,semiconductor_synthetic,physics_RD_power_law,0.1
COMP-SYN-039-052,LOT-SYN-039,ISRO_MOCK,CMOS_LOGIC,HEX_INVERTER,CERAMIC_FP,24,125,1.5,1943.612,301.645,186.85,0.1452,HEALTHY,NONE,0,1,synthetic,semiconductor_synthetic,physics_RD_power_law,0.1
COMP-SYN-039-052,LOT-SYN-039,ISRO_MOCK,CMOS_LOGIC,HEX_INVERTER,CERAMIC_FP,96,125,1.5,1913.012,290.741,192.16,0.1916,HEALTHY,NONE,0,1,synthetic,semiconductor_synthetic,physics_RD_power_law,0.1
COMP-SYN-039-052,LOT-SYN-039,ISRO_MOCK,CMOS_LOGIC,HEX_INVERTER,CERAMIC_FP,168,125,1.5,1916.348,292.648,190.06,0.2143,HEALTHY,NONE,0,1,synthetic,semiconductor_synthetic,physics_RD_power_law,0.1
COMP-SYN-039-053,LOT-SYN-039,ISRO_MOCK,CMOS_LOGIC,HEX_INVERTER,CERAMIC_FP,0,125,1.5,2040.303,297.545,190.68,0.0,HEALTHY,NONE,0,1,synthetic,semiconductor_synthetic,physics_RD_power_law,0.1
COMP-SYN-039-053,LOT-SYN-039,ISRO_MOCK,CMOS_LOGIC,HEX_INVERTER,CERAMIC_FP,24,125,1.5,1999.296,292.751,198.62,0.1452,HEALTHY,NONE,0,1,synthetic,semiconductor_synthetic,physics_RD_power_law,0.1
COMP-SYN-039-053,LOT-SYN-039,ISRO_MOCK,CMOS_LOGIC,HEX_INVERTER,CERAMIC_FP,96,125,1.5,2043.655,290.832,199.44,0.1916,HEALTHY,NONE,0,1,synthetic,semiconductor_synthetic,physics_RD_power_law,0.1
COMP-SYN-039-053,LOT-SYN-039,ISRO_MOCK,CMOS_LOGIC,HEX_INVERTER,CERAMIC_FP,168,125,1.5,2011.489,292.722,200.05,0.2143,HEALTHY,NONE,0,1,synthetic,semiconductor_synthetic,physics_RD_power_law,0.1
COMP-SYN-039-054,LOT-SYN-039,ISRO_MOCK,CMOS_LOGIC,HEX_INVERTER,CERAMIC_FP,0,125,1.5,2088.582,302.952,193.82,0.0,HEALTHY,NONE,0,1,synthetic,semiconductor_synthetic,physics_RD_power_law,0.1
COMP-SYN-039-054,LOT-SYN-039,ISRO_MOCK,CMOS_LOGIC,HEX_INVERTER,CERAMIC_FP,24,125,1.5,2075.529,295.326,199.58,0.1452,HEALTHY,NONE,0,1,synthetic,semiconductor_synthetic,physics_RD_power_law,0.1
COMP-SYN-039-054,LOT-SYN-039,ISRO_MOCK,CMOS_LOGIC,HEX_INVERTER,CERAMIC_FP,96,125,1.5,2031.528,297.614,200.75,0.1916,HEALTHY,NONE,0,1,synthetic,semiconductor_synthetic,physics_RD_power_law,0.1
COMP-SYN-039-054,LOT-SYN-039,ISRO_MOCK,CMOS_LOGIC,HEX_INVERTER,CERAMIC_FP,168,125,1.5,2027.688,296.248,202.87,0.2143,HEALTHY,NONE,0,1,synthetic,semiconductor_synthetic,physics_RD_power_law,0.1
COMP-SYN-039-055,LOT-SYN-039,ISRO_MOCK,CMOS_LOGIC,HEX_INVERTER,CERAMIC_FP,0,125,1.5,2130.553,306.813,183.96,0.0,HEALTHY,NONE,0,1,synthetic,semiconductor_synthetic,physics_RD_power_law,0.1
COMP-SYN-039-055,LOT-SYN-039,ISRO_MOCK,CMOS_LOGIC,HEX_INVERTER,CERAMIC_FP,24,125,1.5,2124.407,297.646,189.86,0.1452,HEALTHY,NONE,0,1,synthetic,semiconductor_synthetic,physics_RD_power_law,0.1
COMP-SYN-039-055,LOT-SYN-039,ISRO_MOCK,CMOS_LOGIC,HEX_INVERTER,CERAMIC_FP,96,125,1.5,2126.545,292.031,196.49,0.1916,HEALTHY,NONE,0,1,synthetic,semiconductor_synthetic,physics_RD_power_law,0.1
COMP-SYN-039-055,LOT-SYN-039,ISRO_MOCK,CMOS_LOGIC,HEX_INVERTER,CERAMIC_FP,168,125,1.5,2081.21,297.602,196.02,0.2143,HEALTHY,NONE,0,1,synthetic,semiconductor_synthetic,physics_RD_power_law,0.1
COMP-SYN-039-056,LOT-SYN-039,ISRO_MOCK,CMOS_LOGIC,HEX_INVERTER,CERAMIC_FP,0,125,1.5,2075.041,301.382,184.92,0.0,HEALTHY,NONE,0,1,synthetic,semiconductor_synthetic,physics_RD_power_law,0.1
COMP-SYN-039-056,LOT-SYN-039,ISRO_MOCK,CMOS_LOGIC,HEX_INVERTER,CERAMIC_FP,24,125,1.5,2110.543,301.714,188.56,0.1452,HEALTHY,NONE,0,1,synthetic,semiconductor_synthetic,physics_RD_power_law,0.1
COMP-SYN-039-056,LOT-SYN-039,ISRO_MOCK,CMOS_LOGIC,HEX_INVERTER,CERAMIC_FP,96,125,1.5,2082.487,292.569,188.22,0.1916,HEALTHY,NONE,0,1,synthetic,semiconductor_synthetic,physics_RD_power_law,0.1
COMP-SYN-039-056,LOT-SYN-039,ISRO_MOCK,CMOS_LOGIC,HEX_INVERTER,CERAMIC_FP,168,125,1.5,2037.868,297.361,193.43,0.2143,HEALTHY,NONE,0,1,synthetic,semiconductor_synthetic,physics_RD_power_law,0.1
COMP-SYN-039-057,LOT-SYN-039,ISRO_MOCK,CMOS_LOGIC,HEX_INVERTER,CERAMIC_FP,0,125,1.5,2106.946,269.026,187.63,0.0,HEALTHY,NONE,0,1,synthetic,semiconductor_synthetic,physics_RD_power_law,0.1
COMP-SYN-039-057,LOT-SYN-039,ISRO_MOCK,CMOS_LOGIC,HEX_INVERTER,CERAMIC_FP,24,125,1.5,2109.331,272.422,192.29,0.1452,HEALTHY,NONE,0,1,synthetic,semiconductor_synthetic,physics_RD_power_law,0.1
COMP-SYN-039-057,LOT-SYN-039,ISRO_MOCK,CMOS_LOGIC,HEX_INVERTER,CERAMIC_FP,96,125,1.5,2078.811,271.951,197.37,0.1916,HEALTHY,NONE,0,1,synthetic,semiconductor_synthetic,physics_RD_power_law,0.1
COMP-SYN-039-057,LOT-SYN-039,ISRO_MOCK,CMOS_LOGIC,HEX_INVERTER,CERAMIC_FP,168,125,1.5,2107.729,270.593,196.86,0.2143,HEALTHY,NONE,0,1,synthetic,semiconductor_synthetic,physics_RD_power_law,0.1
COMP-SYN-039-058,LOT-SYN-039,ISRO_MOCK,CMOS_LOGIC,HEX_INVERTER,CERAMIC_FP,0,125,1.5,2007.529,312.956,196.62,0.0,HEALTHY,NONE,0,1,synthetic,semiconductor_synthetic,physics_RD_power_law,0.1
COMP-SYN-039-058,LOT-SYN-039,ISRO_MOCK,CMOS_LOGIC,HEX_INVERTER,CERAMIC_FP,24,125,1.5,1991.983,316.786,202.9,0.1452,HEALTHY,NONE,0,1,synthetic,semiconductor_synthetic,physics_RD_power_law,0.1
COMP-SYN-039-058,LOT-SYN-039,ISRO_MOCK,CMOS_LOGIC,HEX_INVERTER,CERAMIC_FP,96,125,1.5,1985.455,310.736,205.23,0.1916,HEALTHY,NONE,0,1,synthetic,semiconductor_synthetic,physics_RD_power_law,0.1
COMP-SYN-039-058,LOT-SYN-039,ISRO_MOCK,CMOS_LOGIC,HEX_INVERTER,CERAMIC_FP,168,125,1.5,1988.65,311.193,203.66,0.2143,HEALTHY,NONE,0,1,synthetic,semiconductor_synthetic,physics_RD_power_law,0.1
COMP-SYN-039-059,LOT-SYN-039,ISRO_MOCK,CMOS_LOGIC,HEX_INVERTER,CERAMIC_FP,0,125,1.5,2084.105,299.792,191.56,0.0,HEALTHY,NONE,0,1,synthetic,semiconductor_synthetic,physics_RD_power_law,0.1
COMP-SYN-039-059,LOT-SYN-039,ISRO_MOCK,CMOS_LOGIC,HEX_INVERTER,CERAMIC_FP,24,125,1.5,2076.124,293.801,202.89,0.1452,HEALTHY,NONE,0,1,synthetic,semiconductor_synthetic,physics_RD_power_law,0.1
COMP-SYN-039-059,LOT-SYN-039,ISRO_MOCK,CMOS_LOGIC,HEX_INVERTER,CERAMIC_FP,96,125,1.5,2109.602,297.027,200.93,0.1916,HEALTHY,NONE,0,1,synthetic,semiconductor_synthetic,physics_RD_power_law,0.1
COMP-SYN-039-059,LOT-SYN-039,ISRO_MOCK,CMOS_LOGIC,HEX_INVERTER,CERAMIC_FP,168,125,1.5,2031.471,293.336,206.6,0.2143,HEALTHY,NONE,0,1,synthetic,semiconductor_synthetic,physics_RD_power_law,0.1
COMP-SYN-039-060,LOT-SYN-039,ISRO_MOCK,CMOS_LOGIC,HEX_INVERTER,CERAMIC_FP,0,125,1.5,2867.701,395.621,265.82,0.0,BORDERLINE,NONE,0,1,synthetic,semiconductor_synthetic,physics_RD_power_law,0.1
COMP-SYN-039-060,LOT-SYN-039,ISRO_MOCK,CMOS_LOGIC,HEX_INVERTER,CERAMIC_FP,24,125,1.5,2840.709,398.044,276.73,0.1452,BORDERLINE,NONE,0,1,synthetic,semiconductor_synthetic,physics_RD_power_law,0.1
COMP-SYN-039-060,LOT-SYN-039,ISRO_MOCK,CMOS_LOGIC,HEX_INVERTER,CERAMIC_FP,96,125,1.5,2863.606,396.412,283.28,0.1916,BORDERLINE,NONE,0,1,synthetic,semiconductor_synthetic,physics_RD_power_law,0.1
COMP-SYN-039-060,LOT-SYN-039,ISRO_MOCK,CMOS_LOGIC,HEX_INVERTER,CERAMIC_FP,168,125,1.5,2935.957,394.248,282.36,0.2143,BORDERLINE,NONE,0,1,synthetic,semiconductor_synthetic,physics_RD_power_law,0.1
COMP-SYN-039-061,LOT-SYN-039,ISRO_MOCK,CMOS_LOGIC,HEX_INVERTER,CERAMIC_FP,0,125,1.5,1915.046,296.392,183.96,0.0,HEALTHY,NONE,0,1,synthetic,semiconductor_synthetic,physics_RD_power_law,0.1
COMP-SYN-039-061,LOT-SYN-039,ISRO_MOCK,CMOS_LOGIC,HEX_INVERTER,CERAMIC_FP,24,125,1.5,1886.845,293.834,194.47,0.1452,HEALTHY,NONE,0,1,synthetic,semiconductor_synthetic,physics_RD_power_law,0.1
COMP-SYN-039-061,LOT-SYN-039,ISRO_MOCK,CMOS_LOGIC,HEX_INVERTER,CERAMIC_FP,96,125,1.5,1911.85,293.001,199.84,0.1916,HEALTHY,NONE,0,1,synthetic,semiconductor_synthetic,physics_RD_power_law,0.1
COMP-SYN-039-061,LOT-SYN-039,ISRO_MOCK,CMOS_LOGIC,HEX_INVERTER,CERAMIC_FP,168,125,1.5,1928.674,293.425,197.06,0.2143,HEALTHY,NONE,0,1,synthetic,semiconductor_synthetic,physics_RD_power_law,0.1
COMP-SYN-039-062,LOT-SYN-039,ISRO_MOCK,CMOS_LOGIC,HEX_INVERTER,CERAMIC_FP,0,125,1.5,2000.936,308.829,200.03,0.0,HEALTHY,NONE,0,1,synthetic,semiconductor_synthetic,physics_RD_power_law,0.1
COMP-SYN-039-062,LOT-SYN-039,ISRO_MOCK,CMOS_LOGIC,HEX_INVERTER,CERAMIC_FP,24,125,1.5,1955.134,296.627,208.35,0.1452,HEALTHY,NONE,0,1,synthetic,semiconductor_synthetic,physics_RD_power_law,0.1
COMP-SYN-039-062,LOT-SYN-039,ISRO_MOCK,CMOS_LOGIC,HEX_INVERTER,CERAMIC_FP,96,125,1.5,1971.331,303.051,210.04,0.1916,HEALTHY,NONE,0,1,synthetic,semiconductor_synthetic,physics_RD_power_law,0.1
COMP-SYN-039-062,LOT-SYN-039,ISRO_MOCK,CMOS_LOGIC,HEX_INVERTER,CERAMIC_FP,168,125,1.5,1993.22,308.323,207.07,0.2143,HEALTHY,NONE,0,1,synthetic,semiconductor_synthetic,physics_RD_power_law,0.1
COMP-SYN-039-063,LOT-SYN-039,ISRO_MOCK,CMOS_LOGIC,HEX_INVERTER,CERAMIC_FP,0,125,1.5,2054.589,275.253,187.17,0.0,HEALTHY,NONE,0,1,synthetic,semiconductor_synthetic,physics_RD_power_law,0.1
COMP-SYN-039-063,LOT-SYN-039,ISRO_MOCK,CMOS_LOGIC,HEX_INVERTER,CERAMIC_FP,24,125,1.5,2012.859,277.187,194.71,0.1452,HEALTHY,NONE,0,1,synthetic,semiconductor_synthetic,physics_RD_power_law,0.1
COMP-SYN-039-063,LOT-SYN-039,ISRO_MOCK,CMOS_LOGIC,HEX_INVERTER,CERAMIC_FP,96,125,1.5,2037.004,273.228,196.02,0.1916,HEALTHY,NONE,0,1,synthetic,semiconductor_synthetic,physics_RD_power_law,0.1
COMP-SYN-039-063,LOT-SYN-039,ISRO_MOCK,CMOS_LOGIC,HEX_INVERTER,CERAMIC_FP,168,125,1.5,1991.914,275.459,201.04,0.2143,HEALTHY,NONE,0,1,synthetic,semiconductor_synthetic,physics_RD_power_law,0.1
COMP-SYN-039-064,LOT-SYN-039,ISRO_MOCK,CMOS_LOGIC,HEX_INVERTER,CERAMIC_FP,0,125,1.5,2068.255,292.748,201.97,0.0,HEALTHY,NONE,0,1,synthetic,semiconductor_synthetic,physics_RD_power_law,0.1
COMP-SYN-039-064,LOT-SYN-039,ISRO_MOCK,CMOS_LOGIC,HEX_INVERTER,CERAMIC_FP,24,125,1.5,2060.029,289.6,206.85,0.1452,HEALTHY,NONE,0,1,synthetic,semiconductor_synthetic,physics_RD_power_law,0.1
COMP-SYN-039-064,LOT-SYN-039,ISRO_MOCK,CMOS_LOGIC,HEX_INVERTER,CERAMIC_FP,96,125,1.5,2039.308,293.327,206.25,0.1916,HEALTHY,NONE,0,1,synthetic,semiconductor_synthetic,physics_RD_power_law,0.1
COMP-SYN-039-064,LOT-SYN-039,ISRO_MOCK,CMOS_LOGIC,HEX_INVERTER,CERAMIC_FP,168,125,1.5,2056.136,279.796,209.18,0.2143,HEALTHY,NONE,0,1,synthetic,semiconductor_synthetic,physics_RD_power_law,0.1
COMP-SYN-039-065,LOT-SYN-039,ISRO_MOCK,CMOS_LOGIC,HEX_INVERTER,CERAMIC_FP,0,125,1.5,2005.712,299.67,183.32,0.0,HEALTHY,NONE,0,1,synthetic,semiconductor_synthetic,physics_RD_power_law,0.1
COMP-SYN-039-065,LOT-SYN-039,ISRO_MOCK,CMOS_LOGIC,HEX_INVERTER,CERAMIC_FP,24,125,1.5,1969.686,302.626,196.7,0.1452,HEALTHY,NONE,0,1,synthetic,semiconductor_synthetic,physics_RD_power_law,0.1
COMP-SYN-039-065,LOT-SYN-039,ISRO_MOCK,CMOS_LOGIC,HEX_INVERTER,CERAMIC_FP,96,125,1.5,1964.497,297.726,194.4,0.1916,HEALTHY,NONE,0,1,synthetic,semiconductor_synthetic,physics_RD_power_law,0.1
COMP-SYN-039-065,LOT-SYN-039,ISRO_MOCK,CMOS_LOGIC,HEX_INVERTER,CERAMIC_FP,168,125,1.5,1971.738,295.171,192.36,0.2143,HEALTHY,NONE,0,1,synthetic,semiconductor_synthetic,physics_RD_power_law,0.1
COMP-SYN-039-066,LOT-SYN-039,ISRO_MOCK,CMOS_LOGIC,HEX_INVERTER,CERAMIC_FP,0,125,1.5,2231.071,283.524,183.66,0.0,HEALTHY,NONE,0,1,synthetic,semiconductor_synthetic,physics_RD_power_law,0.1
COMP-SYN-039-066,LOT-SYN-039,ISRO_MOCK,CMOS_LOGIC,HEX_INVERTER,CERAMIC_FP,24,125,1.5,2197.617,282.173,185.38,0.1452,HEALTHY,NONE,0,1,synthetic,semiconductor_synthetic,physics_RD_power_law,0.1
COMP-SYN-039-066,LOT-SYN-039,ISRO_MOCK,CMOS_LOGIC,HEX_INVERTER,CERAMIC_FP,96,125,1.5,2235.649,281.796,193.46,0.1916,HEALTHY,NONE,0,1,synthetic,semiconductor_synthetic,physics_RD_power_law,0.1
COMP-SYN-039-066,LOT-SYN-039,ISRO_MOCK,CMOS_LOGIC,HEX_INVERTER,CERAMIC_FP,168,125,1.5,2220.052,282.569,194.06,0.2143,HEALTHY,NONE,0,1,synthetic,semiconductor_synthetic,physics_RD_power_law,0.1
COMP-SYN-039-067,LOT-SYN-039,ISRO_MOCK,CMOS_LOGIC,HEX_INVERTER,CERAMIC_FP,0,125,1.5,2106.23,305.709,192.08,0.0,HEALTHY,NONE,0,1,synthetic,semiconductor_synthetic,physics_RD_power_law,0.1
COMP-SYN-039-067,LOT-SYN-039,ISRO_MOCK,CMOS_LOGIC,HEX_INVERTER,CERAMIC_FP,24,125,1.5,2052.428,304.041,198.12,0.1452,HEALTHY,NONE,0,1,synthetic,semiconductor_synthetic,physics_RD_power_law,0.1
COMP-SYN-039-067,LOT-SYN-039,ISRO_MOCK,CMOS_LOGIC,HEX_INVERTER,CERAMIC_FP,96,125,1.5,2095.851,304.621,200.6,0.1916,HEALTHY,NONE,0,1,synthetic,semiconductor_synthetic,physics_RD_power_law,0.1
COMP-SYN-039-067,LOT-SYN-039,ISRO_MOCK,CMOS_LOGIC,HEX_INVERTER,CERAMIC_FP,168,125,1.5,2065.228,305.9,202.34,0.2143,HEALTHY,NONE,0,1,synthetic,semiconductor_synthetic,physics_RD_power_law,0.1
COMP-SYN-039-068,LOT-SYN-039,ISRO_MOCK,CMOS_LOGIC,HEX_INVERTER,CERAMIC_FP,0,125,1.5,2051.276,295.111,188.81,0.0,HEALTHY,NONE,0,1,synthetic,semiconductor_synthetic,physics_RD_power_law,0.1
COMP-SYN-039-068,LOT-SYN-039,ISRO_MOCK,CMOS_LOGIC,HEX_INVERTER,CERAMIC_FP,24,125,1.5,1983.049,290.052,196.11,0.1452,HEALTHY,NONE,0,1,synthetic,semiconductor_synthetic,physics_RD_power_law,0.1
COMP-SYN-039-068,LOT-SYN-039,ISRO_MOCK,CMOS_LOGIC,HEX_INVERTER,CERAMIC_FP,96,125,1.5,2005.98,288.461,201.41,0.1916,HEALTHY,NONE,0,1,synthetic,semiconductor_synthetic,physics_RD_power_law,0.1
COMP-SYN-039-068,LOT-SYN-039,ISRO_MOCK,CMOS_LOGIC,HEX_INVERTER,CERAMIC_FP,168,125,1.5,2003.453,285.223,198.23,0.2143,HEALTHY,NONE,0,1,synthetic,semiconductor_synthetic,physics_RD_power_law,0.1
COMP-SYN-039-069,LOT-SYN-039,ISRO_MOCK,CMOS_LOGIC,HEX_INVERTER,CERAMIC_FP,0,125,1.5,2085.286,313.537,189.69,0.0,HEALTHY,NONE,0,1,synthetic,semiconductor_synthetic,physics_RD_power_law,0.1
COMP-SYN-039-069,LOT-SYN-039,ISRO_MOCK,CMOS_LOGIC,HEX_INVERTER,CERAMIC_FP,24,125,1.5,2066.67,315.835,196.03,0.1452,HEALTHY,NONE,0,1,synthetic,semiconductor_synthetic,physics_RD_power_law,0.1
COMP-SYN-039-069,LOT-SYN-039,ISRO_MOCK,CMOS_LOGIC,HEX_INVERTER,CERAMIC_FP,96,125,1.5,2087.343,315.414,194.42,0.1916,HEALTHY,NONE,0,1,synthetic,semiconductor_synthetic,physics_RD_power_law,0.1
COMP-SYN-039-069,LOT-SYN-039,ISRO_MOCK,CMOS_LOGIC,HEX_INVERTER,CERAMIC_FP,168,125,1.5,2073.851,309.862,199.54,0.2143,HEALTHY,NONE,0,1,synthetic,semiconductor_synthetic,physics_RD_power_law,0.1
COMP-SYN-039-070,LOT-SYN-039,ISRO_MOCK,CMOS_LOGIC,HEX_INVERTER,CERAMIC_FP,0,125,1.5,2134.709,301.315,194.21,0.0,HEALTHY,NONE,0,1,synthetic,semiconductor_synthetic,physics_RD_power_law,0.1
COMP-SYN-039-070,LOT-SYN-039,ISRO_MOCK,CMOS_LOGIC,HEX_INVERTER,CERAMIC_FP,24,125,1.5,2094.455,299.077,202.75,0.1452,HEALTHY,NONE,0,1,synthetic,semiconductor_synthetic,physics_RD_power_law,0.1
COMP-SYN-039-070,LOT-SYN-039,ISRO_MOCK,CMOS_LOGIC,HEX_INVERTER,CERAMIC_FP,96,125,1.5,2074.676,302.35,201.58,0.1916,HEALTHY,NONE,0,1,synthetic,semiconductor_synthetic,physics_RD_power_law,0.1
COMP-SYN-039-070,LOT-SYN-039,ISRO_MOCK,CMOS_LOGIC,HEX_INVERTER,CERAMIC_FP,168,125,1.5,2097.602,305.558,206.15,0.2143,HEALTHY,NONE,0,1,synthetic,semiconductor_synthetic,physics_RD_power_law,0.1
COMP-SYN-039-071,LOT-SYN-039,ISRO_MOCK,CMOS_LOGIC,HEX_INVERTER,CERAMIC_FP,0,125,1.5,2071.814,291.238,191.92,0.0,HEALTHY,NONE,0,1,synthetic,semiconductor_synthetic,physics_RD_power_law,0.1
COMP-SYN-039-071,LOT-SYN-039,ISRO_MOCK,CMOS_LOGIC,HEX_INVERTER,CERAMIC_FP,24,125,1.5,2051.237,291.687,203.31,0.1452,HEALTHY,NONE,0,1,synthetic,semiconductor_synthetic,physics_RD_power_law,0.1
COMP-SYN-039-071,LOT-SYN-039,ISRO_MOCK,CMOS_LOGIC,HEX_INVERTER,CERAMIC_FP,96,125,1.5,2021.034,282.704,201.9,0.1916,HEALTHY,NONE,0,1,synthetic,semiconductor_synthetic,physics_RD_power_law,0.1
COMP-SYN-039-071,LOT-SYN-039,ISRO_MOCK,CMOS_LOGIC,HEX_INVERTER,CERAMIC_FP,168,125,1.5,2005.268,285.402,199.34,0.2143,HEALTHY,NONE,0,1,synthetic,semiconductor_synthetic,physics_RD_power_law,0.1
COMP-SYN-039-072,LOT-SYN-039,ISRO_MOCK,CMOS_LOGIC,HEX_INVERTER,CERAMIC_FP,0,125,1.5,2164.156,301.132,190.0,0.0,HEALTHY,NONE,0,1,synthetic,semiconductor_synthetic,physics_RD_power_law,0.1
COMP-SYN-039-072,LOT-SYN-039,ISRO_MOCK,CMOS_LOGIC,HEX_INVERTER,CERAMIC_FP,24,125,1.5,2161.377,300.431,195.99,0.1452,HEALTHY,NONE,0,1,synthetic,semiconductor_synthetic,physics_RD_power_law,0.1
COMP-SYN-039-072,LOT-SYN-039,ISRO_MOCK,CMOS_LOGIC,HEX_INVERTER,CERAMIC_FP,96,125,1.5,2181.147,295.502,196.92,0.1916,HEALTHY,NONE,0,1,synthetic,semiconductor_synthetic,physics_RD_power_law,0.1
COMP-SYN-039-072,LOT-SYN-039,ISRO_MOCK,CMOS_LOGIC,HEX_INVERTER,CERAMIC_FP,168,125,1.5,2175.009,293.552,198.97,0.2143,HEALTHY,NONE,0,1,synthetic,semiconductor_synthetic,physics_RD_power_law,0.1
COMP-SYN-039-073,LOT-SYN-039,ISRO_MOCK,CMOS_LOGIC,HEX_INVERTER,CERAMIC_FP,0,125,1.5,2005.083,297.014,186.21,0.0,HEALTHY,NONE,0,1,synthetic,semiconductor_synthetic,physics_RD_power_law,0.1
COMP-SYN-039-073,LOT-SYN-039,ISRO_MOCK,CMOS_LOGIC,HEX_INVERTER,CERAMIC_FP,24,125,1.5,1962.63,287.854,191.63,0.1452,HEALTHY,NONE,0,1,synthetic,semiconductor_synthetic,physics_RD_power_law,0.1
COMP-SYN-039-073,LOT-SYN-039,ISRO_MOCK,CMOS_LOGIC,HEX_INVERTER,CERAMIC_FP,96,125,1.5,1980.995,292.589,196.47,0.1916,HEALTHY,NONE,0,1,synthetic,semiconductor_synthetic,physics_RD_power_law,0.1
COMP-SYN-039-073,LOT-SYN-039,ISRO_MOCK,CMOS_LOGIC,HEX_INVERTER,CERAMIC_FP,168,125,1.5,1980.001,293.618,198.09,0.2143,HEALTHY,NONE,0,1,synthetic,semiconductor_synthetic,physics_RD_power_law,0.1
COMP-SYN-039-074,LOT-SYN-039,ISRO_MOCK,CMOS_LOGIC,HEX_INVERTER,CERAMIC_FP,0,125,1.5,1998.524,286.884,186.71,0.0,HEALTHY,NONE,0,1,synthetic,semiconductor_synthetic,physics_RD_power_law,0.1
COMP-SYN-039-074,LOT-SYN-039,ISRO_MOCK,CMOS_LOGIC,HEX_INVERTER,CERAMIC_FP,24,125,1.5,1996.51,294.193,195.07,0.1452,HEALTHY,NONE,0,1,synthetic,semiconductor_synthetic,physics_RD_power_law,0.1
COMP-SYN-039-074,LOT-SYN-039,ISRO_MOCK,CMOS_LOGIC,HEX_INVERTER,CERAMIC_FP,96,125,1.5,1982.29,288.082,194.13,0.1916,HEALTHY,NONE,0,1,synthetic,semiconductor_synthetic,physics_RD_power_law,0.1
COMP-SYN-039-074,LOT-SYN-039,ISRO_MOCK,CMOS_LOGIC,HEX_INVERTER,CERAMIC_FP,168,125,1.5,2000.054,289.877,196.05,0.2143,HEALTHY,NONE,0,1,synthetic,semiconductor_synthetic,physics_RD_power_law,0.1
COMP-SYN-039-075,LOT-SYN-039,ISRO_MOCK,CMOS_LOGIC,HEX_INVERTER,CERAMIC_FP,0,125,1.5,2067.338,293.602,187.47,0.0,HEALTHY,NONE,0,1,synthetic,semiconductor_synthetic,physics_RD_power_law,0.1
COMP-SYN-039-075,LOT-SYN-039,ISRO_MOCK,CMOS_LOGIC,HEX_INVERTER,CERAMIC_FP,24,125,1.5,2060.383,288.021,198.21,0.1452,HEALTHY,NONE,0,1,synthetic,semiconductor_synthetic,physics_RD_power_law,0.1
COMP-SYN-039-075,LOT-SYN-039,ISRO_MOCK,CMOS_LOGIC,HEX_INVERTER,CERAMIC_FP,96,125,1.5,2064.201,290.61,200.2,0.1916,HEALTHY,NONE,0,1,synthetic,semiconductor_synthetic,physics_RD_power_law,0.1
COMP-SYN-039-075,LOT-SYN-039,ISRO_MOCK,CMOS_LOGIC,HEX_INVERTER,CERAMIC_FP,168,125,1.5,2045.851,291.504,198.27,0.2143,HEALTHY,NONE,0,1,synthetic,semiconductor_synthetic,physics_RD_power_law,0.1
COMP-SYN-039-076,LOT-SYN-039,ISRO_MOCK,CMOS_LOGIC,HEX_INVERTER,CERAMIC_FP,0,125,1.5,1973.384,282.171,183.16,0.0,HEALTHY,NONE,0,1,synthetic,semiconductor_synthetic,physics_RD_power_law,0.1
COMP-SYN-039-076,LOT-SYN-039,ISRO_MOCK,CMOS_LOGIC,HEX_INVERTER,CERAMIC_FP,24,125,1.5,1971.589,286.724,194.79,0.1452,HEALTHY,NONE,0,1,synthetic,semiconductor_synthetic,physics_RD_power_law,0.1
COMP-SYN-039-076,LOT-SYN-039,ISRO_MOCK,CMOS_LOGIC,HEX_INVERTER,CERAMIC_FP,96,125,1.5,1974.502,280.131,196.25,0.1916,HEALTHY,NONE,0,1,synthetic,semiconductor_synthetic,physics_RD_power_law,0.1
COMP-SYN-039-076,LOT-SYN-039,ISRO_MOCK,CMOS_LOGIC,HEX_INVERTER,CERAMIC_FP,168,125,1.5,1941.925,279.411,197.36,0.2143,HEALTHY,NONE,0,1,synthetic,semiconductor_synthetic,physics_RD_power_law,0.1
COMP-SYN-039-077,LOT-SYN-039,ISRO_MOCK,CMOS_LOGIC,HEX_INVERTER,CERAMIC_FP,0,125,1.5,2056.81,310.531,184.41,0.0,HEALTHY,NONE,0,1,synthetic,semiconductor_synthetic,physics_RD_power_law,0.1
COMP-SYN-039-077,LOT-SYN-039,ISRO_MOCK,CMOS_LOGIC,HEX_INVERTER,CERAMIC_FP,24,125,1.5,2072.73,307.324,190.42,0.1452,HEALTHY,NONE,0,1,synthetic,semiconductor_synthetic,physics_RD_power_law,0.1
COMP-SYN-039-077,LOT-SYN-039,ISRO_MOCK,CMOS_LOGIC,HEX_INVERTER,CERAMIC_FP,96,125,1.5,2044.96,305.267,191.75,0.1916,HEALTHY,NONE,0,1,synthetic,semiconductor_synthetic,physics_RD_power_law,0.1
COMP-SYN-039-077,LOT-SYN-039,ISRO_MOCK,CMOS_LOGIC,HEX_INVERTER,CERAMIC_FP,168,125,1.5,2045.879,305.264,196.67,0.2143,HEALTHY,NONE,0,1,synthetic,semiconductor_synthetic,physics_RD_power_law,0.1
COMP-SYN-039-078,LOT-SYN-039,ISRO_MOCK,CMOS_LOGIC,HEX_INVERTER,CERAMIC_FP,0,125,1.5,1986.863,288.894,182.74,0.0,HEALTHY,NONE,0,1,synthetic,semiconductor_synthetic,physics_RD_power_law,0.1
COMP-SYN-039-078,LOT-SYN-039,ISRO_MOCK,CMOS_LOGIC,HEX_INVERTER,CERAMIC_FP,24,125,1.5,1946.589,288.444,187.15,0.1452,HEALTHY,NONE,0,1,synthetic,semiconductor_synthetic,physics_RD_power_law,0.1
COMP-SYN-039-078,LOT-SYN-039,ISRO_MOCK,CMOS_LOGIC,HEX_INVERTER,CERAMIC_FP,96,125,1.5,1947.264,290.649,189.73,0.1916,HEALTHY,NONE,0,1,synthetic,semiconductor_synthetic,physics_RD_power_law,0.1
COMP-SYN-039-078,LOT-SYN-039,ISRO_MOCK,CMOS_LOGIC,HEX_INVERTER,CERAMIC_FP,168,125,1.5,1959.655,291.645,186.43,0.2143,HEALTHY,NONE,0,1,synthetic,semiconductor_synthetic,physics_RD_power_law,0.1
COMP-SYN-039-079,LOT-SYN-039,ISRO_MOCK,CMOS_LOGIC,HEX_INVERTER,CERAMIC_FP,0,125,1.5,1948.042,294.501,187.38,0.0,HEALTHY,NONE,0,1,synthetic,semiconductor_synthetic,physics_RD_power_law,0.1
COMP-SYN-039-079,LOT-SYN-039,ISRO_MOCK,CMOS_LOGIC,HEX_INVERTER,CERAMIC_FP,24,125,1.5,1979.295,296.546,199.28,0.1452,HEALTHY,NONE,0,1,synthetic,semiconductor_synthetic,physics_RD_power_law,0.1
COMP-SYN-039-079,LOT-SYN-039,ISRO_MOCK,CMOS_LOGIC,HEX_INVERTER,CERAMIC_FP,96,125,1.5,1946.284,295.571,195.93,0.1916,HEALTHY,NONE,0,1,synthetic,semiconductor_synthetic,physics_RD_power_law,0.1
COMP-SYN-039-079,LOT-SYN-039,ISRO_MOCK,CMOS_LOGIC,HEX_INVERTER,CERAMIC_FP,168,125,1.5,2000.861,295.119,201.69,0.2143,HEALTHY,NONE,0,1,synthetic,semiconductor_synthetic,physics_RD_power_law,0.1
COMP-SYN-039-080,LOT-SYN-039,ISRO_MOCK,CMOS_LOGIC,HEX_INVERTER,CERAMIC_FP,0,125,1.5,2002.999,289.585,185.85,0.0,HEALTHY,NONE,0,1,synthetic,semiconductor_synthetic,physics_RD_power_law,0.1
COMP-SYN-039-080,LOT-SYN-039,ISRO_MOCK,CMOS_LOGIC,HEX_INVERTER,CERAMIC_FP,24,125,1.5,2019.7,286.693,190.04,0.1452,HEALTHY,NONE,0,1,synthetic,semiconductor_synthetic,physics_RD_power_law,0.1
COMP-SYN-039-080,LOT-SYN-039,ISRO_MOCK,CMOS_LOGIC,HEX_INVERTER,CERAMIC_FP,96,125,1.5,2000.436,285.774,194.17,0.1916,HEALTHY,NONE,0,1,synthetic,semiconductor_synthetic,physics_RD_power_law,0.1
COMP-SYN-039-080,LOT-SYN-039,ISRO_MOCK,CMOS_LOGIC,HEX_INVERTER,CERAMIC_FP,168,125,1.5,2004.929,282.803,188.94,0.2143,HEALTHY,NONE,0,1,synthetic,semiconductor_synthetic,physics_RD_power_law,0.1
COMP-SYN-039-081,LOT-SYN-039,ISRO_MOCK,CMOS_LOGIC,HEX_INVERTER,CERAMIC_FP,0,125,1.5,2203.662,287.407,192.44,0.0,HEALTHY,NONE,0,1,synthetic,semiconductor_synthetic,physics_RD_power_law,0.1
COMP-SYN-039-081,LOT-SYN-039,ISRO_MOCK,CMOS_LOGIC,HEX_INVERTER,CERAMIC_FP,24,125,1.5,2198.856,289.036,197.96,0.1452,HEALTHY,NONE,0,1,synthetic,semiconductor_synthetic,physics_RD_power_law,0.1
COMP-SYN-039-081,LOT-SYN-039,ISRO_MOCK,CMOS_LOGIC,HEX_INVERTER,CERAMIC_FP,96,125,1.5,2154.863,285.636,199.32,0.1916,HEALTHY,NONE,0,1,synthetic,semiconductor_synthetic,physics_RD_power_law,0.1
COMP-SYN-039-081,LOT-SYN-039,ISRO_MOCK,CMOS_LOGIC,HEX_INVERTER,CERAMIC_FP,168,125,1.5,2162.647,288.9,199.72,0.2143,HEALTHY,NONE,0,1,synthetic,semiconductor_synthetic,physics_RD_power_law,0.1
COMP-SYN-039-082,LOT-SYN-039,ISRO_MOCK,CMOS_LOGIC,HEX_INVERTER,CERAMIC_FP,0,125,1.5,1991.726,303.067,188.56,0.0,HEALTHY,NONE,0,1,synthetic,semiconductor_synthetic,physics_RD_power_law,0.1
COMP-SYN-039-082,LOT-SYN-039,ISRO_MOCK,CMOS_LOGIC,HEX_INVERTER,CERAMIC_FP,24,125,1.5,1975.72,299.596,193.36,0.1452,HEALTHY,NONE,0,1,synthetic,semiconductor_synthetic,physics_RD_power_law,0.1
COMP-SYN-039-082,LOT-SYN-039,ISRO_MOCK,CMOS_LOGIC,HEX_INVERTER,CERAMIC_FP,96,125,1.5,1968.234,295.375,196.31,0.1916,HEALTHY,NONE,0,1,synthetic,semiconductor_synthetic,physics_RD_power_law,0.1
COMP-SYN-039-082,LOT-SYN-039,ISRO_MOCK,CMOS_LOGIC,HEX_INVERTER,CERAMIC_FP,168,125,1.5,1985.681,295.649,193.49,0.2143,HEALTHY,NONE,0,1,synthetic,semiconductor_synthetic,physics_RD_power_law,0.1
COMP-SYN-039-083,LOT-SYN-039,ISRO_MOCK,CMOS_LOGIC,HEX_INVERTER,CERAMIC_FP,0,125,1.5,2081.711,289.678,191.88,0.0,HEALTHY,NONE,0,1,synthetic,semiconductor_synthetic,physics_RD_power_law,0.1
COMP-SYN-039-083,LOT-SYN-039,ISRO_MOCK,CMOS_LOGIC,HEX_INVERTER,CERAMIC_FP,24,125,1.5,2054.794,287.602,196.49,0.1452,HEALTHY,NONE,0,1,synthetic,semiconductor_synthetic,physics_RD_power_law,0.1
COMP-SYN-039-083,LOT-SYN-039,ISRO_MOCK,CMOS_LOGIC,HEX_INVERTER,CERAMIC_FP,96,125,1.5,2077.225,281.181,197.69,0.1916,HEALTHY,NONE,0,1,synthetic,semiconductor_synthetic,physics_RD_power_law,0.1
COMP-SYN-039-083,LOT-SYN-039,ISRO_MOCK,CMOS_LOGIC,HEX_INVERTER,CERAMIC_FP,168,125,1.5,2074.487,287.823,197.25,0.2143,HEALTHY,NONE,0,1,synthetic,semiconductor_synthetic,physics_RD_power_law,0.1
COMP-SYN-039-084,LOT-SYN-039,ISRO_MOCK,CMOS_LOGIC,HEX_INVERTER,CERAMIC_FP,0,125,1.5,1927.675,282.923,177.35,0.0,HEALTHY,NONE,0,1,synthetic,semiconductor_synthetic,physics_RD_power_law,0.1
COMP-SYN-039-084,LOT-SYN-039,ISRO_MOCK,CMOS_LOGIC,HEX_INVERTER,CERAMIC_FP,24,125,1.5,1907.626,277.808,184.39,0.1452,HEALTHY,NONE,0,1,synthetic,semiconductor_synthetic,physics_RD_power_law,0.1
COMP-SYN-039-084,LOT-SYN-039,ISRO_MOCK,CMOS_LOGIC,HEX_INVERTER,CERAMIC_FP,96,125,1.5,1874.261,279.612,185.45,0.1916,HEALTHY,NONE,0,1,synthetic,semiconductor_synthetic,physics_RD_power_law,0.1
COMP-SYN-039-084,LOT-SYN-039,ISRO_MOCK,CMOS_LOGIC,HEX_INVERTER,CERAMIC_FP,168,125,1.5,1861.999,275.891,188.31,0.2143,HEALTHY,NONE,0,1,synthetic,semiconductor_synthetic,physics_RD_power_law,0.1
COMP-SYN-039-085,LOT-SYN-039,ISRO_MOCK,CMOS_LOGIC,HEX_INVERTER,CERAMIC_FP,0,125,1.5,2151.591,303.773,186.4,0.0,HEALTHY,NONE,0,1,synthetic,semiconductor_synthetic,physics_RD_power_law,0.1
COMP-SYN-039-085,LOT-SYN-039,ISRO_MOCK,CMOS_LOGIC,HEX_INVERTER,CERAMIC_FP,24,125,1.5,2105.935,300.864,195.39,0.1452,HEALTHY,NONE,0,1,synthetic,semiconductor_synthetic,physics_RD_power_law,0.1
COMP-SYN-039-085,LOT-SYN-039,ISRO_MOCK,CMOS_LOGIC,HEX_INVERTER,CERAMIC_FP,96,125,1.5,2083.6,295.009,193.03,0.1916,HEALTHY,NONE,0,1,synthetic,semiconductor_synthetic,physics_RD_power_law,0.1
COMP-SYN-039-085,LOT-SYN-039,ISRO_MOCK,CMOS_LOGIC,HEX_INVERTER,CERAMIC_FP,168,125,1.5,2079.363,304.932,199.45,0.2143,HEALTHY,NONE,0,1,synthetic,semiconductor_synthetic,physics_RD_power_law,0.1
COMP-SYN-039-086,LOT-SYN-039,ISRO_MOCK,CMOS_LOGIC,HEX_INVERTER,CERAMIC_FP,0,125,1.5,2182.773,283.844,188.53,0.0,HEALTHY,NONE,0,1,synthetic,semiconductor_synthetic,physics_RD_power_law,0.1
COMP-SYN-039-086,LOT-SYN-039,ISRO_MOCK,CMOS_LOGIC,HEX_INVERTER,CERAMIC_FP,24,125,1.5,2164.275,282.206,194.38,0.1452,HEALTHY,NONE,0,1,synthetic,semiconductor_synthetic,physics_RD_power_law,0.1
COMP-SYN-039-086,LOT-SYN-039,ISRO_MOCK,CMOS_LOGIC,HEX_INVERTER,CERAMIC_FP,96,125,1.5,2140.865,275.191,195.73,0.1916,HEALTHY,NONE,0,1,synthetic,semiconductor_synthetic,physics_RD_power_law,0.1
COMP-SYN-039-086,LOT-SYN-039,ISRO_MOCK,CMOS_LOGIC,HEX_INVERTER,CERAMIC_FP,168,125,1.5,2101.167,281.842,200.75,0.2143,HEALTHY,NONE,0,1,synthetic,semiconductor_synthetic,physics_RD_power_law,0.1
COMP-SYN-039-087,LOT-SYN-039,ISRO_MOCK,CMOS_LOGIC,HEX_INVERTER,CERAMIC_FP,0,125,1.5,2061.349,293.72,188.29,0.0,HEALTHY,NONE,0,1,synthetic,semiconductor_synthetic,physics_RD_power_law,0.1
COMP-SYN-039-087,LOT-SYN-039,ISRO_MOCK,CMOS_LOGIC,HEX_INVERTER,CERAMIC_FP,24,125,1.5,2035.601,282.102,190.01,0.1452,HEALTHY,NONE,0,1,synthetic,semiconductor_synthetic,physics_RD_power_law,0.1
COMP-SYN-039-087,LOT-SYN-039,ISRO_MOCK,CMOS_LOGIC,HEX_INVERTER,CERAMIC_FP,96,125,1.5,2066.11,287.713,194.31,0.1916,HEALTHY,NONE,0,1,synthetic,semiconductor_synthetic,physics_RD_power_law,0.1
COMP-SYN-039-087,LOT-SYN-039,ISRO_MOCK,CMOS_LOGIC,HEX_INVERTER,CERAMIC_FP,168,125,1.5,1979.968,286.397,198.33,0.2143,HEALTHY,NONE,0,1,synthetic,semiconductor_synthetic,physics_RD_power_law,0.1
COMP-SYN-039-088,LOT-SYN-039,ISRO_MOCK,CMOS_LOGIC,HEX_INVERTER,CERAMIC_FP,0,125,1.5,1990.95,291.219,177.92,0.0,HEALTHY,NONE,0,1,synthetic,semiconductor_synthetic,physics_RD_power_law,0.1
COMP-SYN-039-088,LOT-SYN-039,ISRO_MOCK,CMOS_LOGIC,HEX_INVERTER,CERAMIC_FP,24,125,1.5,1992.377,295.653,183.02,0.1452,HEALTHY,NONE,0,1,synthetic,semiconductor_synthetic,physics_RD_power_law,0.1
COMP-SYN-039-088,LOT-SYN-039,ISRO_MOCK,CMOS_LOGIC,HEX_INVERTER,CERAMIC_FP,96,125,1.5,1951.97,294.846,187.61,0.1916,HEALTHY,NONE,0,1,synthetic,semiconductor_synthetic,physics_RD_power_law,0.1
COMP-SYN-039-088,LOT-SYN-039,ISRO_MOCK,CMOS_LOGIC,HEX_INVERTER,CERAMIC_FP,168,125,1.5,1954.129,292.596,187.93,0.2143,HEALTHY,NONE,0,1,synthetic,semiconductor_synthetic,physics_RD_power_law,0.1
COMP-SYN-039-089,LOT-SYN-039,ISRO_MOCK,CMOS_LOGIC,HEX_INVERTER,CERAMIC_FP,0,125,1.5,2031.341,299.095,181.1,0.0,HEALTHY,NONE,0,1,synthetic,semiconductor_synthetic,physics_RD_power_law,0.1
COMP-SYN-039-089,LOT-SYN-039,ISRO_MOCK,CMOS_LOGIC,HEX_INVERTER,CERAMIC_FP,24,125,1.5,2030.405,298.281,189.36,0.1452,HEALTHY,NONE,0,1,synthetic,semiconductor_synthetic,physics_RD_power_law,0.1
COMP-SYN-039-089,LOT-SYN-039,ISRO_MOCK,CMOS_LOGIC,HEX_INVERTER,CERAMIC_FP,96,125,1.5,2069.275,299.752,193.94,0.1916,HEALTHY,NONE,0,1,synthetic,semiconductor_synthetic,physics_RD_power_law,0.1
COMP-SYN-039-089,LOT-SYN-039,ISRO_MOCK,CMOS_LOGIC,HEX_INVERTER,CERAMIC_FP,168,125,1.5,2052.1,297.155,193.4,0.2143,HEALTHY,NONE,0,1,synthetic,semiconductor_synthetic,physics_RD_power_law,0.1
COMP-SYN-039-090,LOT-SYN-039,ISRO_MOCK,CMOS_LOGIC,HEX_INVERTER,CERAMIC_FP,0,125,1.5,2096.846,298.341,187.64,0.0,HEALTHY,NONE,0,1,synthetic,semiconductor_synthetic,physics_RD_power_law,0.1
COMP-SYN-039-090,LOT-SYN-039,ISRO_MOCK,CMOS_LOGIC,HEX_INVERTER,CERAMIC_FP,24,125,1.5,2078.676,295.311,190.24,0.1452,HEALTHY,NONE,0,1,synthetic,semiconductor_synthetic,physics_RD_power_law,0.1
COMP-SYN-039-090,LOT-SYN-039,ISRO_MOCK,CMOS_LOGIC,HEX_INVERTER,CERAMIC_FP,96,125,1.5,2040.853,300.081,194.81,0.1916,HEALTHY,NONE,0,1,synthetic,semiconductor_synthetic,physics_RD_power_law,0.1
COMP-SYN-039-090,LOT-SYN-039,ISRO_MOCK,CMOS_LOGIC,HEX_INVERTER,CERAMIC_FP,168,125,1.5,2018.827,290.118,194.12,0.2143,HEALTHY,NONE,0,1,synthetic,semiconductor_synthetic,physics_RD_power_law,0.1
COMP-SYN-039-091,LOT-SYN-039,ISRO_MOCK,CMOS_LOGIC,HEX_INVERTER,CERAMIC_FP,0,125,1.5,1988.417,313.815,192.69,0.0,HEALTHY,NONE,0,1,synthetic,semiconductor_synthetic,physics_RD_power_law,0.1
COMP-SYN-039-091,LOT-SYN-039,ISRO_MOCK,CMOS_LOGIC,HEX_INVERTER,CERAMIC_FP,24,125,1.5,1997.79,306.716,194.61,0.1452,HEALTHY,NONE,0,1,synthetic,semiconductor_synthetic,physics_RD_power_law,0.1
COMP-SYN-039-091,LOT-SYN-039,ISRO_MOCK,CMOS_LOGIC,HEX_INVERTER,CERAMIC_FP,96,125,1.5,1950.375,307.545,197.37,0.1916,HEALTHY,NONE,0,1,synthetic,semiconductor_synthetic,physics_RD_power_law,0.1
COMP-SYN-039-091,LOT-SYN-039,ISRO_MOCK,CMOS_LOGIC,HEX_INVERTER,CERAMIC_FP,168,125,1.5,1973.807,310.038,197.28,0.2143,HEALTHY,NONE,0,1,synthetic,semiconductor_synthetic,physics_RD_power_law,0.1
COMP-SYN-039-092,LOT-SYN-039,ISRO_MOCK,CMOS_LOGIC,HEX_INVERTER,CERAMIC_FP,0,125,1.5,2075.183,286.716,186.66,0.0,HEALTHY,NONE,0,1,synthetic,semiconductor_synthetic,physics_RD_power_law,0.1
COMP-SYN-039-092,LOT-SYN-039,ISRO_MOCK,CMOS_LOGIC,HEX_INVERTER,CERAMIC_FP,24,125,1.5,2044.613,285.3,195.3,0.1452,HEALTHY,NONE,0,1,synthetic,semiconductor_synthetic,physics_RD_power_law,0.1
COMP-SYN-039-092,LOT-SYN-039,ISRO_MOCK,CMOS_LOGIC,HEX_INVERTER,CERAMIC_FP,96,125,1.5,2061.131,284.615,198.25,0.1916,HEALTHY,NONE,0,1,synthetic,semiconductor_synthetic,physics_RD_power_law,0.1
COMP-SYN-039-092,LOT-SYN-039,ISRO_MOCK,CMOS_LOGIC,HEX_INVERTER,CERAMIC_FP,168,125,1.5,2013.032,281.295,198.96,0.2143,HEALTHY,NONE,0,1,synthetic,semiconductor_synthetic,physics_RD_power_law,0.1
COMP-SYN-039-093,LOT-SYN-039,ISRO_MOCK,CMOS_LOGIC,HEX_INVERTER,CERAMIC_FP,0,125,1.5,2152.535,288.686,185.6,0.0,HEALTHY,NONE,0,1,synthetic,semiconductor_synthetic,physics_RD_power_law,0.1
COMP-SYN-039-093,LOT-SYN-039,ISRO_MOCK,CMOS_LOGIC,HEX_INVERTER,CERAMIC_FP,24,125,1.5,2097.265,285.444,195.47,0.1452,HEALTHY,NONE,0,1,synthetic,semiconductor_synthetic,physics_RD_power_law,0.1
COMP-SYN-039-093,LOT-SYN-039,ISRO_MOCK,CMOS_LOGIC,HEX_INVERTER,CERAMIC_FP,96,125,1.5,2169.438,281.773,191.36,0.1916,HEALTHY,NONE,0,1,synthetic,semiconductor_synthetic,physics_RD_power_law,0.1
COMP-SYN-039-093,LOT-SYN-039,ISRO_MOCK,CMOS_LOGIC,HEX_INVERTER,CERAMIC_FP,168,125,1.5,2163.228,281.864,196.9,0.2143,HEALTHY,NONE,0,1,synthetic,semiconductor_synthetic,physics_RD_power_law,0.1
COMP-SYN-039-094,LOT-SYN-039,ISRO_MOCK,CMOS_LOGIC,HEX_INVERTER,CERAMIC_FP,0,125,1.5,1959.411,288.739,189.98,0.0,LATENT_DEFECT,TIMING_OFFSET,1,1,synthetic,semiconductor_synthetic,physics_RD_power_law,0.1
COMP-SYN-039-094,LOT-SYN-039,ISRO_MOCK,CMOS_LOGIC,HEX_INVERTER,CERAMIC_FP,24,125,1.5,1893.15,281.426,219.82,0.581,LATENT_DEFECT,TIMING_OFFSET,1,1,synthetic,semiconductor_synthetic,physics_RD_power_law,0.1
COMP-SYN-039-094,LOT-SYN-039,ISRO_MOCK,CMOS_LOGIC,HEX_INVERTER,CERAMIC_FP,96,125,1.5,1890.468,283.084,232.49,0.7666,LATENT_DEFECT,TIMING_OFFSET,1,1,synthetic,semiconductor_synthetic,physics_RD_power_law,0.1
COMP-SYN-039-094,LOT-SYN-039,ISRO_MOCK,CMOS_LOGIC,HEX_INVERTER,CERAMIC_FP,168,125,1.5,1883.229,276.98,242.28,0.8574,LATENT_DEFECT,TIMING_OFFSET,1,1,synthetic,semiconductor_synthetic,physics_RD_power_law,0.1
COMP-SYN-039-095,LOT-SYN-039,ISRO_MOCK,CMOS_LOGIC,HEX_INVERTER,CERAMIC_FP,0,125,1.5,2158.689,295.356,185.74,0.0,HEALTHY,NONE,0,1,synthetic,semiconductor_synthetic,physics_RD_power_law,0.1
COMP-SYN-039-095,LOT-SYN-039,ISRO_MOCK,CMOS_LOGIC,HEX_INVERTER,CERAMIC_FP,24,125,1.5,2134.058,298.226,193.61,0.1452,HEALTHY,NONE,0,1,synthetic,semiconductor_synthetic,physics_RD_power_law,0.1
COMP-SYN-039-095,LOT-SYN-039,ISRO_MOCK,CMOS_LOGIC,HEX_INVERTER,CERAMIC_FP,96,125,1.5,2130.53,295.594,195.68,0.1916,HEALTHY,NONE,0,1,synthetic,semiconductor_synthetic,physics_RD_power_law,0.1
COMP-SYN-039-095,LOT-SYN-039,ISRO_MOCK,CMOS_LOGIC,HEX_INVERTER,CERAMIC_FP,168,125,1.5,2100.062,297.816,195.84,0.2143,HEALTHY,NONE,0,1,synthetic,semiconductor_synthetic,physics_RD_power_law,0.1
COMP-SYN-039-096,LOT-SYN-039,ISRO_MOCK,CMOS_LOGIC,HEX_INVERTER,CERAMIC_FP,0,125,1.5,2046.863,308.14,189.86,0.0,HEALTHY,NONE,0,1,synthetic,semiconductor_synthetic,physics_RD_power_law,0.1
COMP-SYN-039-096,LOT-SYN-039,ISRO_MOCK,CMOS_LOGIC,HEX_INVERTER,CERAMIC_FP,24,125,1.5,2016.706,304.262,193.34,0.1452,HEALTHY,NONE,0,1,synthetic,semiconductor_synthetic,physics_RD_power_law,0.1
COMP-SYN-039-096,LOT-SYN-039,ISRO_MOCK,CMOS_LOGIC,HEX_INVERTER,CERAMIC_FP,96,125,1.5,2025.169,308.045,194.87,0.1916,HEALTHY,NONE,0,1,synthetic,semiconductor_synthetic,physics_RD_power_law,0.1
COMP-SYN-039-096,LOT-SYN-039,ISRO_MOCK,CMOS_LOGIC,HEX_INVERTER,CERAMIC_FP,168,125,1.5,2039.805,314.207,195.67,0.2143,HEALTHY,NONE,0,1,synthetic,semiconductor_synthetic,physics_RD_power_law,0.1
COMP-SYN-039-097,LOT-SYN-039,ISRO_MOCK,CMOS_LOGIC,HEX_INVERTER,CERAMIC_FP,0,125,1.5,2159.612,293.181,187.04,0.0,HEALTHY,NONE,0,1,synthetic,semiconductor_synthetic,physics_RD_power_law,0.1
COMP-SYN-039-097,LOT-SYN-039,ISRO_MOCK,CMOS_LOGIC,HEX_INVERTER,CERAMIC_FP,24,125,1.5,2113.342,291.666,189.14,0.1452,HEALTHY,NONE,0,1,synthetic,semiconductor_synthetic,physics_RD_power_law,0.1
COMP-SYN-039-097,LOT-SYN-039,ISRO_MOCK,CMOS_LOGIC,HEX_INVERTER,CERAMIC_FP,96,125,1.5,2155.781,287.872,194.51,0.1916,HEALTHY,NONE,0,1,synthetic,semiconductor_synthetic,physics_RD_power_law,0.1
COMP-SYN-039-097,LOT-SYN-039,ISRO_MOCK,CMOS_LOGIC,HEX_INVERTER,CERAMIC_FP,168,125,1.5,2150.973,287.482,196.34,0.2143,HEALTHY,NONE,0,1,synthetic,semiconductor_synthetic,physics_RD_power_law,0.1
COMP-SYN-039-098,LOT-SYN-039,ISRO_MOCK,CMOS_LOGIC,HEX_INVERTER,CERAMIC_FP,0,125,1.5,2070.785,294.613,182.41,0.0,HEALTHY,NONE,0,1,synthetic,semiconductor_synthetic,physics_RD_power_law,0.1
COMP-SYN-039-098,LOT-SYN-039,ISRO_MOCK,CMOS_LOGIC,HEX_INVERTER,CERAMIC_FP,24,125,1.5,2026.773,299.495,188.1,0.1452,HEALTHY,NONE,0,1,synthetic,semiconductor_synthetic,physics_RD_power_law,0.1
COMP-SYN-039-098,LOT-SYN-039,ISRO_MOCK,CMOS_LOGIC,HEX_INVERTER,CERAMIC_FP,96,125,1.5,2057.068,296.339,189.83,0.1916,HEALTHY,NONE,0,1,synthetic,semiconductor_synthetic,physics_RD_power_law,0.1
COMP-SYN-039-098,LOT-SYN-039,ISRO_MOCK,CMOS_LOGIC,HEX_INVERTER,CERAMIC_FP,168,125,1.5,2005.92,300.924,191.69,0.2143,HEALTHY,NONE,0,1,synthetic,semiconductor_synthetic,physics_RD_power_law,0.1
COMP-SYN-039-099,LOT-SYN-039,ISRO_MOCK,CMOS_LOGIC,HEX_INVERTER,CERAMIC_FP,0,125,1.5,2173.752,312.891,182.89,0.0,HEALTHY,NONE,0,1,synthetic,semiconductor_synthetic,physics_RD_power_law,0.1
COMP-SYN-039-099,LOT-SYN-039,ISRO_MOCK,CMOS_LOGIC,HEX_INVERTER,CERAMIC_FP,24,125,1.5,2144.701,309.048,189.27,0.1452,HEALTHY,NONE,0,1,synthetic,semiconductor_synthetic,physics_RD_power_law,0.1
COMP-SYN-039-099,LOT-SYN-039,ISRO_MOCK,CMOS_LOGIC,HEX_INVERTER,CERAMIC_FP,96,125,1.5,2166.796,306.267,192.58,0.1916,HEALTHY,NONE,0,1,synthetic,semiconductor_synthetic,physics_RD_power_law,0.1
COMP-SYN-039-099,LOT-SYN-039,ISRO_MOCK,CMOS_LOGIC,HEX_INVERTER,CERAMIC_FP,168,125,1.5,2182.896,310.197,190.59,0.2143,HEALTHY,NONE,0,1,synthetic,semiconductor_synthetic,physics_RD_power_law,0.1
COMP-SYN-039-100,LOT-SYN-039,ISRO_MOCK,CMOS_LOGIC,HEX_INVERTER,CERAMIC_FP,0,125,1.5,2122.231,301.904,184.27,0.0,HEALTHY,NONE,0,1,synthetic,semiconductor_synthetic,physics_RD_power_law,0.1
COMP-SYN-039-100,LOT-SYN-039,ISRO_MOCK,CMOS_LOGIC,HEX_INVERTER,CERAMIC_FP,24,125,1.5,2130.472,299.783,187.33,0.1452,HEALTHY,NONE,0,1,synthetic,semiconductor_synthetic,physics_RD_power_law,0.1
COMP-SYN-039-100,LOT-SYN-039,ISRO_MOCK,CMOS_LOGIC,HEX_INVERTER,CERAMIC_FP,96,125,1.5,2113.813,304.737,192.98,0.1916,HEALTHY,NONE,0,1,synthetic,semiconductor_synthetic,physics_RD_power_law,0.1
COMP-SYN-039-100,LOT-SYN-039,ISRO_MOCK,CMOS_LOGIC,HEX_INVERTER,CERAMIC_FP,168,125,1.5,2122.675,300.45,192.08,0.2143,HEALTHY,NONE,0,1,synthetic,semiconductor_synthetic,physics_RD_power_law,0.1
COMP-SYN-040-001,LOT-SYN-040,ISRO_MOCK,CMOS_LOGIC,HEX_INVERTER,CERAMIC_FP,0,125,1.5,2020.627,275.347,191.53,0.0,HEALTHY,NONE,0,1,synthetic,semiconductor_synthetic,physics_RD_power_law,0.1
COMP-SYN-040-001,LOT-SYN-040,ISRO_MOCK,CMOS_LOGIC,HEX_INVERTER,CERAMIC_FP,24,125,1.5,2046.248,275.766,198.36,0.1452,HEALTHY,NONE,0,1,synthetic,semiconductor_synthetic,physics_RD_power_law,0.1
COMP-SYN-040-001,LOT-SYN-040,ISRO_MOCK,CMOS_LOGIC,HEX_INVERTER,CERAMIC_FP,96,125,1.5,2022.733,270.606,201.27,0.1916,HEALTHY,NONE,0,1,synthetic,semiconductor_synthetic,physics_RD_power_law,0.1
COMP-SYN-040-001,LOT-SYN-040,ISRO_MOCK,CMOS_LOGIC,HEX_INVERTER,CERAMIC_FP,168,125,1.5,2000.572,276.951,201.73,0.2143,HEALTHY,NONE,0,1,synthetic,semiconductor_synthetic,physics_RD_power_law,0.1
COMP-SYN-040-002,LOT-SYN-040,ISRO_MOCK,CMOS_LOGIC,HEX_INVERTER,CERAMIC_FP,0,125,1.5,1982.784,280.251,176.84,0.0,HEALTHY,NONE,0,1,synthetic,semiconductor_synthetic,physics_RD_power_law,0.1
COMP-SYN-040-002,LOT-SYN-040,ISRO_MOCK,CMOS_LOGIC,HEX_INVERTER,CERAMIC_FP,24,125,1.5,1980.719,276.936,185.15,0.1452,HEALTHY,NONE,0,1,synthetic,semiconductor_synthetic,physics_RD_power_law,0.1
COMP-SYN-040-002,LOT-SYN-040,ISRO_MOCK,CMOS_LOGIC,HEX_INVERTER,CERAMIC_FP,96,125,1.5,1980.536,273.662,186.09,0.1916,HEALTHY,NONE,0,1,synthetic,semiconductor_synthetic,physics_RD_power_law,0.1
COMP-SYN-040-002,LOT-SYN-040,ISRO_MOCK,CMOS_LOGIC,HEX_INVERTER,CERAMIC_FP,168,125,1.5,1945.785,273.578,187.38,0.2143,HEALTHY,NONE,0,1,synthetic,semiconductor_synthetic,physics_RD_power_law,0.1
COMP-SYN-040-003,LOT-SYN-040,ISRO_MOCK,CMOS_LOGIC,HEX_INVERTER,CERAMIC_FP,0,125,1.5,2175.095,310.467,185.12,0.0,HEALTHY,NONE,0,1,synthetic,semiconductor_synthetic,physics_RD_power_law,0.1
COMP-SYN-040-003,LOT-SYN-040,ISRO_MOCK,CMOS_LOGIC,HEX_INVERTER,CERAMIC_FP,24,125,1.5,2133.995,317.091,190.35,0.1452,HEALTHY,NONE,0,1,synthetic,semiconductor_synthetic,physics_RD_power_law,0.1
COMP-SYN-040-003,LOT-SYN-040,ISRO_MOCK,CMOS_LOGIC,HEX_INVERTER,CERAMIC_FP,96,125,1.5,2152.208,312.38,188.24,0.1916,HEALTHY,NONE,0,1,synthetic,semiconductor_synthetic,physics_RD_power_law,0.1
COMP-SYN-040-003,LOT-SYN-040,ISRO_MOCK,CMOS_LOGIC,HEX_INVERTER,CERAMIC_FP,168,125,1.5,2150.25,309.773,195.74,0.2143,HEALTHY,NONE,0,1,synthetic,semiconductor_synthetic,physics_RD_power_law,0.1
COMP-SYN-040-004,LOT-SYN-040,ISRO_MOCK,CMOS_LOGIC,HEX_INVERTER,CERAMIC_FP,0,125,1.5,3050.445,416.05,256.62,0.0,BORDERLINE,NONE,0,1,synthetic,semiconductor_synthetic,physics_RD_power_law,0.1
COMP-SYN-040-004,LOT-SYN-040,ISRO_MOCK,CMOS_LOGIC,HEX_INVERTER,CERAMIC_FP,24,125,1.5,2968.801,415.34,263.49,0.1452,BORDERLINE,NONE,0,1,synthetic,semiconductor_synthetic,physics_RD_power_law,0.1
COMP-SYN-040-004,LOT-SYN-040,ISRO_MOCK,CMOS_LOGIC,HEX_INVERTER,CERAMIC_FP,96,125,1.5,3016.202,407.362,271.19,0.1916,BORDERLINE,NONE,0,1,synthetic,semiconductor_synthetic,physics_RD_power_law,0.1
COMP-SYN-040-004,LOT-SYN-040,ISRO_MOCK,CMOS_LOGIC,HEX_INVERTER,CERAMIC_FP,168,125,1.5,2969.619,407.055,260.89,0.2143,BORDERLINE,NONE,0,1,synthetic,semiconductor_synthetic,physics_RD_power_law,0.1
COMP-SYN-040-005,LOT-SYN-040,ISRO_MOCK,CMOS_LOGIC,HEX_INVERTER,CERAMIC_FP,0,125,1.5,1912.976,313.36,180.04,0.0,HEALTHY,NONE,0,1,synthetic,semiconductor_synthetic,physics_RD_power_law,0.1
COMP-SYN-040-005,LOT-SYN-040,ISRO_MOCK,CMOS_LOGIC,HEX_INVERTER,CERAMIC_FP,24,125,1.5,1865.093,309.177,183.58,0.1452,HEALTHY,NONE,0,1,synthetic,semiconductor_synthetic,physics_RD_power_law,0.1
COMP-SYN-040-005,LOT-SYN-040,ISRO_MOCK,CMOS_LOGIC,HEX_INVERTER,CERAMIC_FP,96,125,1.5,1873.384,308.284,188.78,0.1916,HEALTHY,NONE,0,1,synthetic,semiconductor_synthetic,physics_RD_power_law,0.1
COMP-SYN-040-005,LOT-SYN-040,ISRO_MOCK,CMOS_LOGIC,HEX_INVERTER,CERAMIC_FP,168,125,1.5,1941.128,314.259,190.99,0.2143,HEALTHY,NONE,0,1,synthetic,semiconductor_synthetic,physics_RD_power_law,0.1
COMP-SYN-040-006,LOT-SYN-040,ISRO_MOCK,CMOS_LOGIC,HEX_INVERTER,CERAMIC_FP,0,125,1.5,1786.199,298.756,187.34,0.0,HEALTHY,NONE,0,1,synthetic,semiconductor_synthetic,physics_RD_power_law,0.1
COMP-SYN-040-006,LOT-SYN-040,ISRO_MOCK,CMOS_LOGIC,HEX_INVERTER,CERAMIC_FP,24,125,1.5,1808.598,301.181,193.25,0.1452,HEALTHY,NONE,0,1,synthetic,semiconductor_synthetic,physics_RD_power_law,0.1
COMP-SYN-040-006,LOT-SYN-040,ISRO_MOCK,CMOS_LOGIC,HEX_INVERTER,CERAMIC_FP,96,125,1.5,1795.409,294.937,198.01,0.1916,HEALTHY,NONE,0,1,synthetic,semiconductor_synthetic,physics_RD_power_law,0.1
COMP-SYN-040-006,LOT-SYN-040,ISRO_MOCK,CMOS_LOGIC,HEX_INVERTER,CERAMIC_FP,168,125,1.5,1789.786,298.96,194.52,0.2143,HEALTHY,NONE,0,1,synthetic,semiconductor_synthetic,physics_RD_power_law,0.1
COMP-SYN-040-007,LOT-SYN-040,ISRO_MOCK,CMOS_LOGIC,HEX_INVERTER,CERAMIC_FP,0,125,1.5,1786.317,295.452,184.71,0.0,HEALTHY,NONE,0,1,synthetic,semiconductor_synthetic,physics_RD_power_law,0.1
COMP-SYN-040-007,LOT-SYN-040,ISRO_MOCK,CMOS_LOGIC,HEX_INVERTER,CERAMIC_FP,24,125,1.5,1825.445,293.55,192.43,0.1452,HEALTHY,NONE,0,1,synthetic,semiconductor_synthetic,physics_RD_power_law,0.1
COMP-SYN-040-007,LOT-SYN-040,ISRO_MOCK,CMOS_LOGIC,HEX_INVERTER,CERAMIC_FP,96,125,1.5,1783.051,295.786,189.3,0.1916,HEALTHY,NONE,0,1,synthetic,semiconductor_synthetic,physics_RD_power_law,0.1
COMP-SYN-040-007,LOT-SYN-040,ISRO_MOCK,CMOS_LOGIC,HEX_INVERTER,CERAMIC_FP,168,125,1.5,1810.536,289.785,194.49,0.2143,HEALTHY,NONE,0,1,synthetic,semiconductor_synthetic,physics_RD_power_law,0.1
COMP-SYN-040-008,LOT-SYN-040,ISRO_MOCK,CMOS_LOGIC,HEX_INVERTER,CERAMIC_FP,0,125,1.5,2016.875,308.907,175.26,0.0,HEALTHY,NONE,0,1,synthetic,semiconductor_synthetic,physics_RD_power_law,0.1
COMP-SYN-040-008,LOT-SYN-040,ISRO_MOCK,CMOS_LOGIC,HEX_INVERTER,CERAMIC_FP,24,125,1.5,2036.325,305.471,187.54,0.1452,HEALTHY,NONE,0,1,synthetic,semiconductor_synthetic,physics_RD_power_law,0.1
COMP-SYN-040-008,LOT-SYN-040,ISRO_MOCK,CMOS_LOGIC,HEX_INVERTER,CERAMIC_FP,96,125,1.5,2016.001,304.579,190.4,0.1916,HEALTHY,NONE,0,1,synthetic,semiconductor_synthetic,physics_RD_power_law,0.1
COMP-SYN-040-008,LOT-SYN-040,ISRO_MOCK,CMOS_LOGIC,HEX_INVERTER,CERAMIC_FP,168,125,1.5,1985.333,305.112,187.55,0.2143,HEALTHY,NONE,0,1,synthetic,semiconductor_synthetic,physics_RD_power_law,0.1
COMP-SYN-040-009,LOT-SYN-040,ISRO_MOCK,CMOS_LOGIC,HEX_INVERTER,CERAMIC_FP,0,125,1.5,1968.946,300.399,180.78,0.0,HEALTHY,NONE,0,1,synthetic,semiconductor_synthetic,physics_RD_power_law,0.1
COMP-SYN-040-009,LOT-SYN-040,ISRO_MOCK,CMOS_LOGIC,HEX_INVERTER,CERAMIC_FP,24,125,1.5,1914.442,296.122,188.45,0.1452,HEALTHY,NONE,0,1,synthetic,semiconductor_synthetic,physics_RD_power_law,0.1
COMP-SYN-040-009,LOT-SYN-040,ISRO_MOCK,CMOS_LOGIC,HEX_INVERTER,CERAMIC_FP,96,125,1.5,1925.531,295.051,189.98,0.1916,HEALTHY,NONE,0,1,synthetic,semiconductor_synthetic,physics_RD_power_law,0.1
COMP-SYN-040-009,LOT-SYN-040,ISRO_MOCK,CMOS_LOGIC,HEX_INVERTER,CERAMIC_FP,168,125,1.5,1918.131,288.199,188.86,0.2143,HEALTHY,NONE,0,1,synthetic,semiconductor_synthetic,physics_RD_power_law,0.1
COMP-SYN-040-010,LOT-SYN-040,ISRO_MOCK,CMOS_LOGIC,HEX_INVERTER,CERAMIC_FP,0,125,1.5,2113.348,303.326,188.98,0.0,HEALTHY,NONE,0,1,synthetic,semiconductor_synthetic,physics_RD_power_law,0.1
COMP-SYN-040-010,LOT-SYN-040,ISRO_MOCK,CMOS_LOGIC,HEX_INVERTER,CERAMIC_FP,24,125,1.5,2100.09,298.148,194.85,0.1452,HEALTHY,NONE,0,1,synthetic,semiconductor_synthetic,physics_RD_power_law,0.1
COMP-SYN-040-010,LOT-SYN-040,ISRO_MOCK,CMOS_LOGIC,HEX_INVERTER,CERAMIC_FP,96,125,1.5,2099.06,296.843,197.05,0.1916,HEALTHY,NONE,0,1,synthetic,semiconductor_synthetic,physics_RD_power_law,0.1
COMP-SYN-040-010,LOT-SYN-040,ISRO_MOCK,CMOS_LOGIC,HEX_INVERTER,CERAMIC_FP,168,125,1.5,2087.481,299.237,200.84,0.2143,HEALTHY,NONE,0,1,synthetic,semiconductor_synthetic,physics_RD_power_law,0.1
COMP-SYN-040-011,LOT-SYN-040,ISRO_MOCK,CMOS_LOGIC,HEX_INVERTER,CERAMIC_FP,0,125,1.5,2083.083,292.789,177.76,0.0,HEALTHY,NONE,0,1,synthetic,semiconductor_synthetic,physics_RD_power_law,0.1
COMP-SYN-040-011,LOT-SYN-040,ISRO_MOCK,CMOS_LOGIC,HEX_INVERTER,CERAMIC_FP,24,125,1.5,2065.596,282.162,186.28,0.1452,HEALTHY,NONE,0,1,synthetic,semiconductor_synthetic,physics_RD_power_law,0.1
COMP-SYN-040-011,LOT-SYN-040,ISRO_MOCK,CMOS_LOGIC,HEX_INVERTER,CERAMIC_FP,96,125,1.5,2079.644,284.54,184.96,0.1916,HEALTHY,NONE,0,1,synthetic,semiconductor_synthetic,physics_RD_power_law,0.1
COMP-SYN-040-011,LOT-SYN-040,ISRO_MOCK,CMOS_LOGIC,HEX_INVERTER,CERAMIC_FP,168,125,1.5,2070.621,286.577,186.58,0.2143,HEALTHY,NONE,0,1,synthetic,semiconductor_synthetic,physics_RD_power_law,0.1
COMP-SYN-040-012,LOT-SYN-040,ISRO_MOCK,CMOS_LOGIC,HEX_INVERTER,CERAMIC_FP,0,125,1.5,2305.321,292.551,189.32,0.0,HEALTHY,NONE,0,1,synthetic,semiconductor_synthetic,physics_RD_power_law,0.1
COMP-SYN-040-012,LOT-SYN-040,ISRO_MOCK,CMOS_LOGIC,HEX_INVERTER,CERAMIC_FP,24,125,1.5,2279.417,295.322,190.26,0.1452,HEALTHY,NONE,0,1,synthetic,semiconductor_synthetic,physics_RD_power_law,0.1
COMP-SYN-040-012,LOT-SYN-040,ISRO_MOCK,CMOS_LOGIC,HEX_INVERTER,CERAMIC_FP,96,125,1.5,2298.853,297.192,197.77,0.1916,HEALTHY,NONE,0,1,synthetic,semiconductor_synthetic,physics_RD_power_law,0.1
COMP-SYN-040-012,LOT-SYN-040,ISRO_MOCK,CMOS_LOGIC,HEX_INVERTER,CERAMIC_FP,168,125,1.5,2292.976,299.119,198.57,0.2143,HEALTHY,NONE,0,1,synthetic,semiconductor_synthetic,physics_RD_power_law,0.1
COMP-SYN-040-013,LOT-SYN-040,ISRO_MOCK,CMOS_LOGIC,HEX_INVERTER,CERAMIC_FP,0,125,1.5,2004.394,297.09,190.11,0.0,HEALTHY,NONE,0,1,synthetic,semiconductor_synthetic,physics_RD_power_law,0.1
COMP-SYN-040-013,LOT-SYN-040,ISRO_MOCK,CMOS_LOGIC,HEX_INVERTER,CERAMIC_FP,24,125,1.5,1998.276,299.487,196.56,0.1452,HEALTHY,NONE,0,1,synthetic,semiconductor_synthetic,physics_RD_power_law,0.1
COMP-SYN-040-013,LOT-SYN-040,ISRO_MOCK,CMOS_LOGIC,HEX_INVERTER,CERAMIC_FP,96,125,1.5,1983.523,300.792,199.4,0.1916,HEALTHY,NONE,0,1,synthetic,semiconductor_synthetic,physics_RD_power_law,0.1
COMP-SYN-040-013,LOT-SYN-040,ISRO_MOCK,CMOS_LOGIC,HEX_INVERTER,CERAMIC_FP,168,125,1.5,1971.248,294.255,204.44,0.2143,HEALTHY,NONE,0,1,synthetic,semiconductor_synthetic,physics_RD_power_law,0.1
COMP-SYN-040-014,LOT-SYN-040,ISRO_MOCK,CMOS_LOGIC,HEX_INVERTER,CERAMIC_FP,0,125,1.5,2041.775,299.95,184.13,0.0,HEALTHY,NONE,0,1,synthetic,semiconductor_synthetic,physics_RD_power_law,0.1
COMP-SYN-040-014,LOT-SYN-040,ISRO_MOCK,CMOS_LOGIC,HEX_INVERTER,CERAMIC_FP,24,125,1.5,2061.131,298.513,192.62,0.1452,HEALTHY,NONE,0,1,synthetic,semiconductor_synthetic,physics_RD_power_law,0.1
COMP-SYN-040-014,LOT-SYN-040,ISRO_MOCK,CMOS_LOGIC,HEX_INVERTER,CERAMIC_FP,96,125,1.5,2026.535,294.937,192.38,0.1916,HEALTHY,NONE,0,1,synthetic,semiconductor_synthetic,physics_RD_power_law,0.1
COMP-SYN-040-014,LOT-SYN-040,ISRO_MOCK,CMOS_LOGIC,HEX_INVERTER,CERAMIC_FP,168,125,1.5,2057.221,291.525,192.06,0.2143,HEALTHY,NONE,0,1,synthetic,semiconductor_synthetic,physics_RD_power_law,0.1
COMP-SYN-040-015,LOT-SYN-040,ISRO_MOCK,CMOS_LOGIC,HEX_INVERTER,CERAMIC_FP,0,125,1.5,2327.59,302.993,184.28,0.0,HEALTHY,NONE,0,1,synthetic,semiconductor_synthetic,physics_RD_power_law,0.1
COMP-SYN-040-015,LOT-SYN-040,ISRO_MOCK,CMOS_LOGIC,HEX_INVERTER,CERAMIC_FP,24,125,1.5,2322.462,297.989,193.88,0.1452,HEALTHY,NONE,0,1,synthetic,semiconductor_synthetic,physics_RD_power_law,0.1
COMP-SYN-040-015,LOT-SYN-040,ISRO_MOCK,CMOS_LOGIC,HEX_INVERTER,CERAMIC_FP,96,125,1.5,2310.612,296.746,193.42,0.1916,HEALTHY,NONE,0,1,synthetic,semiconductor_synthetic,physics_RD_power_law,0.1
COMP-SYN-040-015,LOT-SYN-040,ISRO_MOCK,CMOS_LOGIC,HEX_INVERTER,CERAMIC_FP,168,125,1.5,2293.68,299.483,196.37,0.2143,HEALTHY,NONE,0,1,synthetic,semiconductor_synthetic,physics_RD_power_law,0.1
COMP-SYN-040-016,LOT-SYN-040,ISRO_MOCK,CMOS_LOGIC,HEX_INVERTER,CERAMIC_FP,0,125,1.5,2101.83,287.643,186.67,0.0,HEALTHY,NONE,0,1,synthetic,semiconductor_synthetic,physics_RD_power_law,0.1
COMP-SYN-040-016,LOT-SYN-040,ISRO_MOCK,CMOS_LOGIC,HEX_INVERTER,CERAMIC_FP,24,125,1.5,2088.139,288.375,194.73,0.1452,HEALTHY,NONE,0,1,synthetic,semiconductor_synthetic,physics_RD_power_law,0.1
COMP-SYN-040-016,LOT-SYN-040,ISRO_MOCK,CMOS_LOGIC,HEX_INVERTER,CERAMIC_FP,96,125,1.5,2135.537,284.621,192.71,0.1916,HEALTHY,NONE,0,1,synthetic,semiconductor_synthetic,physics_RD_power_law,0.1
COMP-SYN-040-016,LOT-SYN-040,ISRO_MOCK,CMOS_LOGIC,HEX_INVERTER,CERAMIC_FP,168,125,1.5,2094.75,286.367,194.72,0.2143,HEALTHY,NONE,0,1,synthetic,semiconductor_synthetic,physics_RD_power_law,0.1
COMP-SYN-040-017,LOT-SYN-040,ISRO_MOCK,CMOS_LOGIC,HEX_INVERTER,CERAMIC_FP,0,125,1.5,1942.021,275.169,186.64,0.0,HEALTHY,NONE,0,1,synthetic,semiconductor_synthetic,physics_RD_power_law,0.1
COMP-SYN-040-017,LOT-SYN-040,ISRO_MOCK,CMOS_LOGIC,HEX_INVERTER,CERAMIC_FP,24,125,1.5,1927.616,275.532,186.45,0.1452,HEALTHY,NONE,0,1,synthetic,semiconductor_synthetic,physics_RD_power_law,0.1
COMP-SYN-040-017,LOT-SYN-040,ISRO_MOCK,CMOS_LOGIC,HEX_INVERTER,CERAMIC_FP,96,125,1.5,1946.352,275.628,194.09,0.1916,HEALTHY,NONE,0,1,synthetic,semiconductor_synthetic,physics_RD_power_law,0.1
COMP-SYN-040-017,LOT-SYN-040,ISRO_MOCK,CMOS_LOGIC,HEX_INVERTER,CERAMIC_FP,168,125,1.5,1932.916,278.866,193.12,0.2143,HEALTHY,NONE,0,1,synthetic,semiconductor_synthetic,physics_RD_power_law,0.1
COMP-SYN-040-018,LOT-SYN-040,ISRO_MOCK,CMOS_LOGIC,HEX_INVERTER,CERAMIC_FP,0,125,1.5,2146.792,285.7,181.8,0.0,HEALTHY,NONE,0,1,synthetic,semiconductor_synthetic,physics_RD_power_law,0.1
COMP-SYN-040-018,LOT-SYN-040,ISRO_MOCK,CMOS_LOGIC,HEX_INVERTER,CERAMIC_FP,24,125,1.5,2151.839,289.393,191.04,0.1452,HEALTHY,NONE,0,1,synthetic,semiconductor_synthetic,physics_RD_power_law,0.1
COMP-SYN-040-018,LOT-SYN-040,ISRO_MOCK,CMOS_LOGIC,HEX_INVERTER,CERAMIC_FP,96,125,1.5,2107.113,290.666,191.07,0.1916,HEALTHY,NONE,0,1,synthetic,semiconductor_synthetic,physics_RD_power_law,0.1
COMP-SYN-040-018,LOT-SYN-040,ISRO_MOCK,CMOS_LOGIC,HEX_INVERTER,CERAMIC_FP,168,125,1.5,2127.475,288.671,192.09,0.2143,HEALTHY,NONE,0,1,synthetic,semiconductor_synthetic,physics_RD_power_law,0.1
COMP-SYN-040-019,LOT-SYN-040,ISRO_MOCK,CMOS_LOGIC,HEX_INVERTER,CERAMIC_FP,0,125,1.5,2139.255,314.732,189.34,0.0,HEALTHY,NONE,0,1,synthetic,semiconductor_synthetic,physics_RD_power_law,0.1
COMP-SYN-040-019,LOT-SYN-040,ISRO_MOCK,CMOS_LOGIC,HEX_INVERTER,CERAMIC_FP,24,125,1.5,2118.418,314.172,195.8,0.1452,HEALTHY,NONE,0,1,synthetic,semiconductor_synthetic,physics_RD_power_law,0.1
COMP-SYN-040-019,LOT-SYN-040,ISRO_MOCK,CMOS_LOGIC,HEX_INVERTER,CERAMIC_FP,96,125,1.5,2140.973,310.348,197.71,0.1916,HEALTHY,NONE,0,1,synthetic,semiconductor_synthetic,physics_RD_power_law,0.1
COMP-SYN-040-019,LOT-SYN-040,ISRO_MOCK,CMOS_LOGIC,HEX_INVERTER,CERAMIC_FP,168,125,1.5,2126.092,313.624,195.53,0.2143,HEALTHY,NONE,0,1,synthetic,semiconductor_synthetic,physics_RD_power_law,0.1
COMP-SYN-040-020,LOT-SYN-040,ISRO_MOCK,CMOS_LOGIC,HEX_INVERTER,CERAMIC_FP,0,125,1.5,1898.859,306.949,186.77,0.0,HEALTHY,NONE,0,1,synthetic,semiconductor_synthetic,physics_RD_power_law,0.1
COMP-SYN-040-020,LOT-SYN-040,ISRO_MOCK,CMOS_LOGIC,HEX_INVERTER,CERAMIC_FP,24,125,1.5,1832.091,304.347,195.52,0.1452,HEALTHY,NONE,0,1,synthetic,semiconductor_synthetic,physics_RD_power_law,0.1
COMP-SYN-040-020,LOT-SYN-040,ISRO_MOCK,CMOS_LOGIC,HEX_INVERTER,CERAMIC_FP,96,125,1.5,1857.225,305.437,196.62,0.1916,HEALTHY,NONE,0,1,synthetic,semiconductor_synthetic,physics_RD_power_law,0.1
COMP-SYN-040-020,LOT-SYN-040,ISRO_MOCK,CMOS_LOGIC,HEX_INVERTER,CERAMIC_FP,168,125,1.5,1848.596,306.22,195.28,0.2143,HEALTHY,NONE,0,1,synthetic,semiconductor_synthetic,physics_RD_power_law,0.1
COMP-SYN-040-021,LOT-SYN-040,ISRO_MOCK,CMOS_LOGIC,HEX_INVERTER,CERAMIC_FP,0,125,1.5,2024.548,312.962,181.64,0.0,HEALTHY,NONE,0,1,synthetic,semiconductor_synthetic,physics_RD_power_law,0.1
COMP-SYN-040-021,LOT-SYN-040,ISRO_MOCK,CMOS_LOGIC,HEX_INVERTER,CERAMIC_FP,24,125,1.5,1973.05,314.203,188.89,0.1452,HEALTHY,NONE,0,1,synthetic,semiconductor_synthetic,physics_RD_power_law,0.1
COMP-SYN-040-021,LOT-SYN-040,ISRO_MOCK,CMOS_LOGIC,HEX_INVERTER,CERAMIC_FP,96,125,1.5,1985.516,306.205,187.43,0.1916,HEALTHY,NONE,0,1,synthetic,semiconductor_synthetic,physics_RD_power_law,0.1
COMP-SYN-040-021,LOT-SYN-040,ISRO_MOCK,CMOS_LOGIC,HEX_INVERTER,CERAMIC_FP,168,125,1.5,1989.614,312.425,192.74,0.2143,HEALTHY,NONE,0,1,synthetic,semiconductor_synthetic,physics_RD_power_law,0.1
COMP-SYN-040-022,LOT-SYN-040,ISRO_MOCK,CMOS_LOGIC,HEX_INVERTER,CERAMIC_FP,0,125,1.5,2302.215,300.119,185.12,0.0,HEALTHY,NONE,0,1,synthetic,semiconductor_synthetic,physics_RD_power_law,0.1
COMP-SYN-040-022,LOT-SYN-040,ISRO_MOCK,CMOS_LOGIC,HEX_INVERTER,CERAMIC_FP,24,125,1.5,2237.617,296.987,190.02,0.1452,HEALTHY,NONE,0,1,synthetic,semiconductor_synthetic,physics_RD_power_law,0.1
COMP-SYN-040-022,LOT-SYN-040,ISRO_MOCK,CMOS_LOGIC,HEX_INVERTER,CERAMIC_FP,96,125,1.5,2248.472,296.183,194.2,0.1916,HEALTHY,NONE,0,1,synthetic,semiconductor_synthetic,physics_RD_power_law,0.1
COMP-SYN-040-022,LOT-SYN-040,ISRO_MOCK,CMOS_LOGIC,HEX_INVERTER,CERAMIC_FP,168,125,1.5,2275.84,301.079,197.1,0.2143,HEALTHY,NONE,0,1,synthetic,semiconductor_synthetic,physics_RD_power_law,0.1
COMP-SYN-040-023,LOT-SYN-040,ISRO_MOCK,CMOS_LOGIC,HEX_INVERTER,CERAMIC_FP,0,125,1.5,1816.585,298.493,189.38,0.0,HEALTHY,NONE,0,1,synthetic,semiconductor_synthetic,physics_RD_power_law,0.1
COMP-SYN-040-023,LOT-SYN-040,ISRO_MOCK,CMOS_LOGIC,HEX_INVERTER,CERAMIC_FP,24,125,1.5,1776.09,295.798,193.22,0.1452,HEALTHY,NONE,0,1,synthetic,semiconductor_synthetic,physics_RD_power_law,0.1
COMP-SYN-040-023,LOT-SYN-040,ISRO_MOCK,CMOS_LOGIC,HEX_INVERTER,CERAMIC_FP,96,125,1.5,1803.328,298.236,200.03,0.1916,HEALTHY,NONE,0,1,synthetic,semiconductor_synthetic,physics_RD_power_law,0.1
COMP-SYN-040-023,LOT-SYN-040,ISRO_MOCK,CMOS_LOGIC,HEX_INVERTER,CERAMIC_FP,168,125,1.5,1728.536,293.491,197.19,0.2143,HEALTHY,NONE,0,1,synthetic,semiconductor_synthetic,physics_RD_power_law,0.1
COMP-SYN-040-024,LOT-SYN-040,ISRO_MOCK,CMOS_LOGIC,HEX_INVERTER,CERAMIC_FP,0,125,1.5,1946.182,306.714,191.39,0.0,HEALTHY,NONE,0,1,synthetic,semiconductor_synthetic,physics_RD_power_law,0.1
COMP-SYN-040-024,LOT-SYN-040,ISRO_MOCK,CMOS_LOGIC,HEX_INVERTER,CERAMIC_FP,24,125,1.5,1950.546,305.437,196.42,0.1452,HEALTHY,NONE,0,1,synthetic,semiconductor_synthetic,physics_RD_power_law,0.1
COMP-SYN-040-024,LOT-SYN-040,ISRO_MOCK,CMOS_LOGIC,HEX_INVERTER,CERAMIC_FP,96,125,1.5,1947.362,307.987,203.88,0.1916,HEALTHY,NONE,0,1,synthetic,semiconductor_synthetic,physics_RD_power_law,0.1
COMP-SYN-040-024,LOT-SYN-040,ISRO_MOCK,CMOS_LOGIC,HEX_INVERTER,CERAMIC_FP,168,125,1.5,1931.072,306.248,202.34,0.2143,HEALTHY,NONE,0,1,synthetic,semiconductor_synthetic,physics_RD_power_law,0.1
COMP-SYN-040-025,LOT-SYN-040,ISRO_MOCK,CMOS_LOGIC,HEX_INVERTER,CERAMIC_FP,0,125,1.5,2073.969,303.342,190.84,0.0,HEALTHY,NONE,0,1,synthetic,semiconductor_synthetic,physics_RD_power_law,0.1
COMP-SYN-040-025,LOT-SYN-040,ISRO_MOCK,CMOS_LOGIC,HEX_INVERTER,CERAMIC_FP,24,125,1.5,2075.531,301.847,197.69,0.1452,HEALTHY,NONE,0,1,synthetic,semiconductor_synthetic,physics_RD_power_law,0.1
COMP-SYN-040-025,LOT-SYN-040,ISRO_MOCK,CMOS_LOGIC,HEX_INVERTER,CERAMIC_FP,96,125,1.5,2078.285,304.829,201.45,0.1916,HEALTHY,NONE,0,1,synthetic,semiconductor_synthetic,physics_RD_power_law,0.1
COMP-SYN-040-025,LOT-SYN-040,ISRO_MOCK,CMOS_LOGIC,HEX_INVERTER,CERAMIC_FP,168,125,1.5,2081.078,292.413,200.06,0.2143,HEALTHY,NONE,0,1,synthetic,semiconductor_synthetic,physics_RD_power_law,0.1
COMP-SYN-040-026,LOT-SYN-040,ISRO_MOCK,CMOS_LOGIC,HEX_INVERTER,CERAMIC_FP,0,125,1.5,1816.663,302.799,176.77,0.0,HEALTHY,NONE,0,1,synthetic,semiconductor_synthetic,physics_RD_power_law,0.1
COMP-SYN-040-026,LOT-SYN-040,ISRO_MOCK,CMOS_LOGIC,HEX_INVERTER,CERAMIC_FP,24,125,1.5,1817.768,293.105,184.3,0.1452,HEALTHY,NONE,0,1,synthetic,semiconductor_synthetic,physics_RD_power_law,0.1
COMP-SYN-040-026,LOT-SYN-040,ISRO_MOCK,CMOS_LOGIC,HEX_INVERTER,CERAMIC_FP,96,125,1.5,1814.647,289.556,186.1,0.1916,HEALTHY,NONE,0,1,synthetic,semiconductor_synthetic,physics_RD_power_law,0.1
COMP-SYN-040-026,LOT-SYN-040,ISRO_MOCK,CMOS_LOGIC,HEX_INVERTER,CERAMIC_FP,168,125,1.5,1829.31,295.387,185.11,0.2143,HEALTHY,NONE,0,1,synthetic,semiconductor_synthetic,physics_RD_power_law,0.1
COMP-SYN-040-027,LOT-SYN-040,ISRO_MOCK,CMOS_LOGIC,HEX_INVERTER,CERAMIC_FP,0,125,1.5,2072.258,293.636,188.81,0.0,HEALTHY,NONE,0,1,synthetic,semiconductor_synthetic,physics_RD_power_law,0.1
COMP-SYN-040-027,LOT-SYN-040,ISRO_MOCK,CMOS_LOGIC,HEX_INVERTER,CERAMIC_FP,24,125,1.5,2046.653,284.566,194.03,0.1452,HEALTHY,NONE,0,1,synthetic,semiconductor_synthetic,physics_RD_power_law,0.1
COMP-SYN-040-027,LOT-SYN-040,ISRO_MOCK,CMOS_LOGIC,HEX_INVERTER,CERAMIC_FP,96,125,1.5,2045.552,286.871,194.78,0.1916,HEALTHY,NONE,0,1,synthetic,semiconductor_synthetic,physics_RD_power_law,0.1
COMP-SYN-040-027,LOT-SYN-040,ISRO_MOCK,CMOS_LOGIC,HEX_INVERTER,CERAMIC_FP,168,125,1.5,2063.319,288.65,194.87,0.2143,HEALTHY,NONE,0,1,synthetic,semiconductor_synthetic,physics_RD_power_law,0.1
COMP-SYN-040-028,LOT-SYN-040,ISRO_MOCK,CMOS_LOGIC,HEX_INVERTER,CERAMIC_FP,0,125,1.5,1949.958,304.005,183.66,0.0,HEALTHY,NONE,0,1,synthetic,semiconductor_synthetic,physics_RD_power_law,0.1
COMP-SYN-040-028,LOT-SYN-040,ISRO_MOCK,CMOS_LOGIC,HEX_INVERTER,CERAMIC_FP,24,125,1.5,1925.795,297.718,192.42,0.1452,HEALTHY,NONE,0,1,synthetic,semiconductor_synthetic,physics_RD_power_law,0.1
COMP-SYN-040-028,LOT-SYN-040,ISRO_MOCK,CMOS_LOGIC,HEX_INVERTER,CERAMIC_FP,96,125,1.5,1931.984,300.028,192.37,0.1916,HEALTHY,NONE,0,1,synthetic,semiconductor_synthetic,physics_RD_power_law,0.1
COMP-SYN-040-028,LOT-SYN-040,ISRO_MOCK,CMOS_LOGIC,HEX_INVERTER,CERAMIC_FP,168,125,1.5,1908.05,293.122,195.27,0.2143,HEALTHY,NONE,0,1,synthetic,semiconductor_synthetic,physics_RD_power_law,0.1
COMP-SYN-040-029,LOT-SYN-040,ISRO_MOCK,CMOS_LOGIC,HEX_INVERTER,CERAMIC_FP,0,125,1.5,1939.67,298.748,184.69,0.0,HEALTHY,NONE,0,1,synthetic,semiconductor_synthetic,physics_RD_power_law,0.1
COMP-SYN-040-029,LOT-SYN-040,ISRO_MOCK,CMOS_LOGIC,HEX_INVERTER,CERAMIC_FP,24,125,1.5,1932.653,296.684,189.49,0.1452,HEALTHY,NONE,0,1,synthetic,semiconductor_synthetic,physics_RD_power_law,0.1
COMP-SYN-040-029,LOT-SYN-040,ISRO_MOCK,CMOS_LOGIC,HEX_INVERTER,CERAMIC_FP,96,125,1.5,1929.629,295.735,189.47,0.1916,HEALTHY,NONE,0,1,synthetic,semiconductor_synthetic,physics_RD_power_law,0.1
COMP-SYN-040-029,LOT-SYN-040,ISRO_MOCK,CMOS_LOGIC,HEX_INVERTER,CERAMIC_FP,168,125,1.5,1955.711,301.87,191.78,0.2143,HEALTHY,NONE,0,1,synthetic,semiconductor_synthetic,physics_RD_power_law,0.1
COMP-SYN-040-030,LOT-SYN-040,ISRO_MOCK,CMOS_LOGIC,HEX_INVERTER,CERAMIC_FP,0,125,1.5,2163.569,301.129,182.31,0.0,HEALTHY,NONE,0,1,synthetic,semiconductor_synthetic,physics_RD_power_law,0.1
COMP-SYN-040-030,LOT-SYN-040,ISRO_MOCK,CMOS_LOGIC,HEX_INVERTER,CERAMIC_FP,24,125,1.5,2069.061,301.008,193.76,0.1452,HEALTHY,NONE,0,1,synthetic,semiconductor_synthetic,physics_RD_power_law,0.1
COMP-SYN-040-030,LOT-SYN-040,ISRO_MOCK,CMOS_LOGIC,HEX_INVERTER,CERAMIC_FP,96,125,1.5,2104.35,302.513,195.19,0.1916,HEALTHY,NONE,0,1,synthetic,semiconductor_synthetic,physics_RD_power_law,0.1
COMP-SYN-040-030,LOT-SYN-040,ISRO_MOCK,CMOS_LOGIC,HEX_INVERTER,CERAMIC_FP,168,125,1.5,2104.53,301.551,197.88,0.2143,HEALTHY,NONE,0,1,synthetic,semiconductor_synthetic,physics_RD_power_law,0.1
COMP-SYN-040-031,LOT-SYN-040,ISRO_MOCK,CMOS_LOGIC,HEX_INVERTER,CERAMIC_FP,0,125,1.5,2173.363,301.361,182.52,0.0,HEALTHY,NONE,0,1,synthetic,semiconductor_synthetic,physics_RD_power_law,0.1
COMP-SYN-040-031,LOT-SYN-040,ISRO_MOCK,CMOS_LOGIC,HEX_INVERTER,CERAMIC_FP,24,125,1.5,2207.727,302.781,191.89,0.1452,HEALTHY,NONE,0,1,synthetic,semiconductor_synthetic,physics_RD_power_law,0.1
COMP-SYN-040-031,LOT-SYN-040,ISRO_MOCK,CMOS_LOGIC,HEX_INVERTER,CERAMIC_FP,96,125,1.5,2180.569,300.542,193.29,0.1916,HEALTHY,NONE,0,1,synthetic,semiconductor_synthetic,physics_RD_power_law,0.1
COMP-SYN-040-031,LOT-SYN-040,ISRO_MOCK,CMOS_LOGIC,HEX_INVERTER,CERAMIC_FP,168,125,1.5,2195.155,301.995,195.37,0.2143,HEALTHY,NONE,0,1,synthetic,semiconductor_synthetic,physics_RD_power_law,0.1
COMP-SYN-040-032,LOT-SYN-040,ISRO_MOCK,CMOS_LOGIC,HEX_INVERTER,CERAMIC_FP,0,125,1.5,1984.51,291.59,190.7,0.0,HEALTHY,NONE,0,1,synthetic,semiconductor_synthetic,physics_RD_power_law,0.1
COMP-SYN-040-032,LOT-SYN-040,ISRO_MOCK,CMOS_LOGIC,HEX_INVERTER,CERAMIC_FP,24,125,1.5,1954.26,287.238,197.31,0.1452,HEALTHY,NONE,0,1,synthetic,semiconductor_synthetic,physics_RD_power_law,0.1
COMP-SYN-040-032,LOT-SYN-040,ISRO_MOCK,CMOS_LOGIC,HEX_INVERTER,CERAMIC_FP,96,125,1.5,1943.817,292.614,198.55,0.1916,HEALTHY,NONE,0,1,synthetic,semiconductor_synthetic,physics_RD_power_law,0.1
COMP-SYN-040-032,LOT-SYN-040,ISRO_MOCK,CMOS_LOGIC,HEX_INVERTER,CERAMIC_FP,168,125,1.5,1942.073,290.997,199.1,0.2143,HEALTHY,NONE,0,1,synthetic,semiconductor_synthetic,physics_RD_power_law,0.1
COMP-SYN-040-033,LOT-SYN-040,ISRO_MOCK,CMOS_LOGIC,HEX_INVERTER,CERAMIC_FP,0,125,1.5,2186.513,307.817,178.66,0.0,HEALTHY,NONE,0,1,synthetic,semiconductor_synthetic,physics_RD_power_law,0.1
COMP-SYN-040-033,LOT-SYN-040,ISRO_MOCK,CMOS_LOGIC,HEX_INVERTER,CERAMIC_FP,24,125,1.5,2111.817,300.748,187.48,0.1452,HEALTHY,NONE,0,1,synthetic,semiconductor_synthetic,physics_RD_power_law,0.1
COMP-SYN-040-033,LOT-SYN-040,ISRO_MOCK,CMOS_LOGIC,HEX_INVERTER,CERAMIC_FP,96,125,1.5,2176.261,299.486,192.42,0.1916,HEALTHY,NONE,0,1,synthetic,semiconductor_synthetic,physics_RD_power_law,0.1
COMP-SYN-040-033,LOT-SYN-040,ISRO_MOCK,CMOS_LOGIC,HEX_INVERTER,CERAMIC_FP,168,125,1.5,2134.377,302.366,192.52,0.2143,HEALTHY,NONE,0,1,synthetic,semiconductor_synthetic,physics_RD_power_law,0.1
COMP-SYN-040-034,LOT-SYN-040,ISRO_MOCK,CMOS_LOGIC,HEX_INVERTER,CERAMIC_FP,0,125,1.5,1930.646,296.216,187.16,0.0,HEALTHY,NONE,0,1,synthetic,semiconductor_synthetic,physics_RD_power_law,0.1
COMP-SYN-040-034,LOT-SYN-040,ISRO_MOCK,CMOS_LOGIC,HEX_INVERTER,CERAMIC_FP,24,125,1.5,1920.374,292.574,192.31,0.1452,HEALTHY,NONE,0,1,synthetic,semiconductor_synthetic,physics_RD_power_law,0.1
COMP-SYN-040-034,LOT-SYN-040,ISRO_MOCK,CMOS_LOGIC,HEX_INVERTER,CERAMIC_FP,96,125,1.5,1942.758,291.78,194.53,0.1916,HEALTHY,NONE,0,1,synthetic,semiconductor_synthetic,physics_RD_power_law,0.1
COMP-SYN-040-034,LOT-SYN-040,ISRO_MOCK,CMOS_LOGIC,HEX_INVERTER,CERAMIC_FP,168,125,1.5,1890.71,293.993,197.45,0.2143,HEALTHY,NONE,0,1,synthetic,semiconductor_synthetic,physics_RD_power_law,0.1
COMP-SYN-040-035,LOT-SYN-040,ISRO_MOCK,CMOS_LOGIC,HEX_INVERTER,CERAMIC_FP,0,125,1.5,2217.483,304.379,190.73,0.0,HEALTHY,NONE,0,1,synthetic,semiconductor_synthetic,physics_RD_power_law,0.1
COMP-SYN-040-035,LOT-SYN-040,ISRO_MOCK,CMOS_LOGIC,HEX_INVERTER,CERAMIC_FP,24,125,1.5,2184.402,305.958,191.08,0.1452,HEALTHY,NONE,0,1,synthetic,semiconductor_synthetic,physics_RD_power_law,0.1
COMP-SYN-040-035,LOT-SYN-040,ISRO_MOCK,CMOS_LOGIC,HEX_INVERTER,CERAMIC_FP,96,125,1.5,2185.023,298.48,194.65,0.1916,HEALTHY,NONE,0,1,synthetic,semiconductor_synthetic,physics_RD_power_law,0.1
COMP-SYN-040-035,LOT-SYN-040,ISRO_MOCK,CMOS_LOGIC,HEX_INVERTER,CERAMIC_FP,168,125,1.5,2189.862,297.695,194.69,0.2143,HEALTHY,NONE,0,1,synthetic,semiconductor_synthetic,physics_RD_power_law,0.1
COMP-SYN-040-036,LOT-SYN-040,ISRO_MOCK,CMOS_LOGIC,HEX_INVERTER,CERAMIC_FP,0,125,1.5,2022.833,310.884,182.47,0.0,HEALTHY,NONE,0,1,synthetic,semiconductor_synthetic,physics_RD_power_law,0.1
COMP-SYN-040-036,LOT-SYN-040,ISRO_MOCK,CMOS_LOGIC,HEX_INVERTER,CERAMIC_FP,24,125,1.5,2001.041,303.797,189.65,0.1452,HEALTHY,NONE,0,1,synthetic,semiconductor_synthetic,physics_RD_power_law,0.1
COMP-SYN-040-036,LOT-SYN-040,ISRO_MOCK,CMOS_LOGIC,HEX_INVERTER,CERAMIC_FP,96,125,1.5,2004.353,307.144,189.39,0.1916,HEALTHY,NONE,0,1,synthetic,semiconductor_synthetic,physics_RD_power_law,0.1
COMP-SYN-040-036,LOT-SYN-040,ISRO_MOCK,CMOS_LOGIC,HEX_INVERTER,CERAMIC_FP,168,125,1.5,1930.707,309.165,192.67,0.2143,HEALTHY,NONE,0,1,synthetic,semiconductor_synthetic,physics_RD_power_law,0.1
COMP-SYN-040-037,LOT-SYN-040,ISRO_MOCK,CMOS_LOGIC,HEX_INVERTER,CERAMIC_FP,0,125,1.5,1998.757,309.761,190.54,0.0,HEALTHY,NONE,0,1,synthetic,semiconductor_synthetic,physics_RD_power_law,0.1
COMP-SYN-040-037,LOT-SYN-040,ISRO_MOCK,CMOS_LOGIC,HEX_INVERTER,CERAMIC_FP,24,125,1.5,1998.555,304.21,192.54,0.1452,HEALTHY,NONE,0,1,synthetic,semiconductor_synthetic,physics_RD_power_law,0.1
COMP-SYN-040-037,LOT-SYN-040,ISRO_MOCK,CMOS_LOGIC,HEX_INVERTER,CERAMIC_FP,96,125,1.5,1999.149,307.44,199.86,0.1916,HEALTHY,NONE,0,1,synthetic,semiconductor_synthetic,physics_RD_power_law,0.1
COMP-SYN-040-037,LOT-SYN-040,ISRO_MOCK,CMOS_LOGIC,HEX_INVERTER,CERAMIC_FP,168,125,1.5,1971.08,304.501,198.32,0.2143,HEALTHY,NONE,0,1,synthetic,semiconductor_synthetic,physics_RD_power_law,0.1
COMP-SYN-040-038,LOT-SYN-040,ISRO_MOCK,CMOS_LOGIC,HEX_INVERTER,CERAMIC_FP,0,125,1.5,2012.218,296.794,178.88,0.0,HEALTHY,NONE,0,1,synthetic,semiconductor_synthetic,physics_RD_power_law,0.1
COMP-SYN-040-038,LOT-SYN-040,ISRO_MOCK,CMOS_LOGIC,HEX_INVERTER,CERAMIC_FP,24,125,1.5,2030.634,290.608,185.28,0.1452,HEALTHY,NONE,0,1,synthetic,semiconductor_synthetic,physics_RD_power_law,0.1
COMP-SYN-040-038,LOT-SYN-040,ISRO_MOCK,CMOS_LOGIC,HEX_INVERTER,CERAMIC_FP,96,125,1.5,2023.714,292.431,185.53,0.1916,HEALTHY,NONE,0,1,synthetic,semiconductor_synthetic,physics_RD_power_law,0.1
COMP-SYN-040-038,LOT-SYN-040,ISRO_MOCK,CMOS_LOGIC,HEX_INVERTER,CERAMIC_FP,168,125,1.5,2027.314,294.002,186.04,0.2143,HEALTHY,NONE,0,1,synthetic,semiconductor_synthetic,physics_RD_power_law,0.1
COMP-SYN-040-039,LOT-SYN-040,ISRO_MOCK,CMOS_LOGIC,HEX_INVERTER,CERAMIC_FP,0,125,1.5,2064.323,292.671,187.51,0.0,HEALTHY,NONE,0,1,synthetic,semiconductor_synthetic,physics_RD_power_law,0.1
COMP-SYN-040-039,LOT-SYN-040,ISRO_MOCK,CMOS_LOGIC,HEX_INVERTER,CERAMIC_FP,24,125,1.5,2016.448,289.584,192.76,0.1452,HEALTHY,NONE,0,1,synthetic,semiconductor_synthetic,physics_RD_power_law,0.1
COMP-SYN-040-039,LOT-SYN-040,ISRO_MOCK,CMOS_LOGIC,HEX_INVERTER,CERAMIC_FP,96,125,1.5,2034.264,287.043,194.17,0.1916,HEALTHY,NONE,0,1,synthetic,semiconductor_synthetic,physics_RD_power_law,0.1
COMP-SYN-040-039,LOT-SYN-040,ISRO_MOCK,CMOS_LOGIC,HEX_INVERTER,CERAMIC_FP,168,125,1.5,2040.142,291.785,197.35,0.2143,HEALTHY,NONE,0,1,synthetic,semiconductor_synthetic,physics_RD_power_law,0.1
COMP-SYN-040-040,LOT-SYN-040,ISRO_MOCK,CMOS_LOGIC,HEX_INVERTER,CERAMIC_FP,0,125,1.5,2124.359,316.431,183.48,0.0,HEALTHY,NONE,0,1,synthetic,semiconductor_synthetic,physics_RD_power_law,0.1
COMP-SYN-040-040,LOT-SYN-040,ISRO_MOCK,CMOS_LOGIC,HEX_INVERTER,CERAMIC_FP,24,125,1.5,2138.418,318.637,185.49,0.1452,HEALTHY,NONE,0,1,synthetic,semiconductor_synthetic,physics_RD_power_law,0.1
COMP-SYN-040-040,LOT-SYN-040,ISRO_MOCK,CMOS_LOGIC,HEX_INVERTER,CERAMIC_FP,96,125,1.5,2136.666,316.89,190.54,0.1916,HEALTHY,NONE,0,1,synthetic,semiconductor_synthetic,physics_RD_power_law,0.1
COMP-SYN-040-040,LOT-SYN-040,ISRO_MOCK,CMOS_LOGIC,HEX_INVERTER,CERAMIC_FP,168,125,1.5,2151.276,309.978,189.58,0.2143,HEALTHY,NONE,0,1,synthetic,semiconductor_synthetic,physics_RD_power_law,0.1
COMP-SYN-040-041,LOT-SYN-040,ISRO_MOCK,CMOS_LOGIC,HEX_INVERTER,CERAMIC_FP,0,125,1.5,1987.418,305.642,193.1,0.0,HEALTHY,NONE,0,1,synthetic,semiconductor_synthetic,physics_RD_power_law,0.1
COMP-SYN-040-041,LOT-SYN-040,ISRO_MOCK,CMOS_LOGIC,HEX_INVERTER,CERAMIC_FP,24,125,1.5,1989.602,300.185,200.14,0.1452,HEALTHY,NONE,0,1,synthetic,semiconductor_synthetic,physics_RD_power_law,0.1
COMP-SYN-040-041,LOT-SYN-040,ISRO_MOCK,CMOS_LOGIC,HEX_INVERTER,CERAMIC_FP,96,125,1.5,2012.816,302.797,203.52,0.1916,HEALTHY,NONE,0,1,synthetic,semiconductor_synthetic,physics_RD_power_law,0.1
COMP-SYN-040-041,LOT-SYN-040,ISRO_MOCK,CMOS_LOGIC,HEX_INVERTER,CERAMIC_FP,168,125,1.5,1980.77,293.919,198.12,0.2143,HEALTHY,NONE,0,1,synthetic,semiconductor_synthetic,physics_RD_power_law,0.1
COMP-SYN-040-042,LOT-SYN-040,ISRO_MOCK,CMOS_LOGIC,HEX_INVERTER,CERAMIC_FP,0,125,1.5,2046.623,298.251,184.65,0.0,LATENT_DEFECT,TIMING_OFFSET,1,1,synthetic,semiconductor_synthetic,physics_RD_power_law,0.1
COMP-SYN-040-042,LOT-SYN-040,ISRO_MOCK,CMOS_LOGIC,HEX_INVERTER,CERAMIC_FP,24,125,1.5,1962.497,289.501,211.03,0.581,LATENT_DEFECT,TIMING_OFFSET,1,1,synthetic,semiconductor_synthetic,physics_RD_power_law,0.1
COMP-SYN-040-042,LOT-SYN-040,ISRO_MOCK,CMOS_LOGIC,HEX_INVERTER,CERAMIC_FP,96,125,1.5,1983.238,281.298,222.78,0.7666,LATENT_DEFECT,TIMING_OFFSET,1,1,synthetic,semiconductor_synthetic,physics_RD_power_law,0.1
COMP-SYN-040-042,LOT-SYN-040,ISRO_MOCK,CMOS_LOGIC,HEX_INVERTER,CERAMIC_FP,168,125,1.5,1960.111,282.727,233.82,0.8574,LATENT_DEFECT,TIMING_OFFSET,1,1,synthetic,semiconductor_synthetic,physics_RD_power_law,0.1
COMP-SYN-040-043,LOT-SYN-040,ISRO_MOCK,CMOS_LOGIC,HEX_INVERTER,CERAMIC_FP,0,125,1.5,2005.553,278.065,195.02,0.0,HEALTHY,NONE,0,1,synthetic,semiconductor_synthetic,physics_RD_power_law,0.1
COMP-SYN-040-043,LOT-SYN-040,ISRO_MOCK,CMOS_LOGIC,HEX_INVERTER,CERAMIC_FP,24,125,1.5,1967.746,273.601,199.78,0.1452,HEALTHY,NONE,0,1,synthetic,semiconductor_synthetic,physics_RD_power_law,0.1
COMP-SYN-040-043,LOT-SYN-040,ISRO_MOCK,CMOS_LOGIC,HEX_INVERTER,CERAMIC_FP,96,125,1.5,2026.355,273.806,203.42,0.1916,HEALTHY,NONE,0,1,synthetic,semiconductor_synthetic,physics_RD_power_law,0.1
COMP-SYN-040-043,LOT-SYN-040,ISRO_MOCK,CMOS_LOGIC,HEX_INVERTER,CERAMIC_FP,168,125,1.5,1950.529,273.486,200.58,0.2143,HEALTHY,NONE,0,1,synthetic,semiconductor_synthetic,physics_RD_power_law,0.1
COMP-SYN-040-044,LOT-SYN-040,ISRO_MOCK,CMOS_LOGIC,HEX_INVERTER,CERAMIC_FP,0,125,1.5,1993.056,299.858,183.38,0.0,HEALTHY,NONE,0,1,synthetic,semiconductor_synthetic,physics_RD_power_law,0.1
COMP-SYN-040-044,LOT-SYN-040,ISRO_MOCK,CMOS_LOGIC,HEX_INVERTER,CERAMIC_FP,24,125,1.5,1943.818,292.73,193.44,0.1452,HEALTHY,NONE,0,1,synthetic,semiconductor_synthetic,physics_RD_power_law,0.1
COMP-SYN-040-044,LOT-SYN-040,ISRO_MOCK,CMOS_LOGIC,HEX_INVERTER,CERAMIC_FP,96,125,1.5,1969.466,298.751,192.52,0.1916,HEALTHY,NONE,0,1,synthetic,semiconductor_synthetic,physics_RD_power_law,0.1
COMP-SYN-040-044,LOT-SYN-040,ISRO_MOCK,CMOS_LOGIC,HEX_INVERTER,CERAMIC_FP,168,125,1.5,1987.535,293.608,191.48,0.2143,HEALTHY,NONE,0,1,synthetic,semiconductor_synthetic,physics_RD_power_law,0.1
COMP-SYN-040-045,LOT-SYN-040,ISRO_MOCK,CMOS_LOGIC,HEX_INVERTER,CERAMIC_FP,0,125,1.5,1913.811,297.73,188.72,0.0,HEALTHY,NONE,0,1,synthetic,semiconductor_synthetic,physics_RD_power_law,0.1
COMP-SYN-040-045,LOT-SYN-040,ISRO_MOCK,CMOS_LOGIC,HEX_INVERTER,CERAMIC_FP,24,125,1.5,1917.956,299.545,192.6,0.1452,HEALTHY,NONE,0,1,synthetic,semiconductor_synthetic,physics_RD_power_law,0.1
COMP-SYN-040-045,LOT-SYN-040,ISRO_MOCK,CMOS_LOGIC,HEX_INVERTER,CERAMIC_FP,96,125,1.5,1929.078,297.723,193.22,0.1916,HEALTHY,NONE,0,1,synthetic,semiconductor_synthetic,physics_RD_power_law,0.1
COMP-SYN-040-045,LOT-SYN-040,ISRO_MOCK,CMOS_LOGIC,HEX_INVERTER,CERAMIC_FP,168,125,1.5,1882.986,295.514,194.13,0.2143,HEALTHY,NONE,0,1,synthetic,semiconductor_synthetic,physics_RD_power_law,0.1
COMP-SYN-040-046,LOT-SYN-040,ISRO_MOCK,CMOS_LOGIC,HEX_INVERTER,CERAMIC_FP,0,125,1.5,1969.857,282.912,185.72,0.0,HEALTHY,NONE,0,1,synthetic,semiconductor_synthetic,physics_RD_power_law,0.1
COMP-SYN-040-046,LOT-SYN-040,ISRO_MOCK,CMOS_LOGIC,HEX_INVERTER,CERAMIC_FP,24,125,1.5,1968.85,277.689,190.83,0.1452,HEALTHY,NONE,0,1,synthetic,semiconductor_synthetic,physics_RD_power_law,0.1
COMP-SYN-040-046,LOT-SYN-040,ISRO_MOCK,CMOS_LOGIC,HEX_INVERTER,CERAMIC_FP,96,125,1.5,1981.554,281.095,195.9,0.1916,HEALTHY,NONE,0,1,synthetic,semiconductor_synthetic,physics_RD_power_law,0.1
COMP-SYN-040-046,LOT-SYN-040,ISRO_MOCK,CMOS_LOGIC,HEX_INVERTER,CERAMIC_FP,168,125,1.5,1948.677,279.334,196.67,0.2143,HEALTHY,NONE,0,1,synthetic,semiconductor_synthetic,physics_RD_power_law,0.1
COMP-SYN-040-047,LOT-SYN-040,ISRO_MOCK,CMOS_LOGIC,HEX_INVERTER,CERAMIC_FP,0,125,1.5,2039.984,308.192,180.29,0.0,HEALTHY,NONE,0,1,synthetic,semiconductor_synthetic,physics_RD_power_law,0.1
COMP-SYN-040-047,LOT-SYN-040,ISRO_MOCK,CMOS_LOGIC,HEX_INVERTER,CERAMIC_FP,24,125,1.5,2022.137,303.253,184.93,0.1452,HEALTHY,NONE,0,1,synthetic,semiconductor_synthetic,physics_RD_power_law,0.1
COMP-SYN-040-047,LOT-SYN-040,ISRO_MOCK,CMOS_LOGIC,HEX_INVERTER,CERAMIC_FP,96,125,1.5,2013.429,296.549,185.0,0.1916,HEALTHY,NONE,0,1,synthetic,semiconductor_synthetic,physics_RD_power_law,0.1
COMP-SYN-040-047,LOT-SYN-040,ISRO_MOCK,CMOS_LOGIC,HEX_INVERTER,CERAMIC_FP,168,125,1.5,1982.015,300.973,189.45,0.2143,HEALTHY,NONE,0,1,synthetic,semiconductor_synthetic,physics_RD_power_law,0.1
COMP-SYN-040-048,LOT-SYN-040,ISRO_MOCK,CMOS_LOGIC,HEX_INVERTER,CERAMIC_FP,0,125,1.5,2149.281,301.345,183.97,0.0,HEALTHY,NONE,0,1,synthetic,semiconductor_synthetic,physics_RD_power_law,0.1
COMP-SYN-040-048,LOT-SYN-040,ISRO_MOCK,CMOS_LOGIC,HEX_INVERTER,CERAMIC_FP,24,125,1.5,2123.636,304.089,187.55,0.1452,HEALTHY,NONE,0,1,synthetic,semiconductor_synthetic,physics_RD_power_law,0.1
COMP-SYN-040-048,LOT-SYN-040,ISRO_MOCK,CMOS_LOGIC,HEX_INVERTER,CERAMIC_FP,96,125,1.5,2154.598,296.986,187.87,0.1916,HEALTHY,NONE,0,1,synthetic,semiconductor_synthetic,physics_RD_power_law,0.1
COMP-SYN-040-048,LOT-SYN-040,ISRO_MOCK,CMOS_LOGIC,HEX_INVERTER,CERAMIC_FP,168,125,1.5,2135.781,294.26,192.61,0.2143,HEALTHY,NONE,0,1,synthetic,semiconductor_synthetic,physics_RD_power_law,0.1
COMP-SYN-040-049,LOT-SYN-040,ISRO_MOCK,CMOS_LOGIC,HEX_INVERTER,CERAMIC_FP,0,125,1.5,2070.193,293.119,183.58,0.0,HEALTHY,NONE,0,1,synthetic,semiconductor_synthetic,physics_RD_power_law,0.1
COMP-SYN-040-049,LOT-SYN-040,ISRO_MOCK,CMOS_LOGIC,HEX_INVERTER,CERAMIC_FP,24,125,1.5,2030.272,298.999,190.17,0.1452,HEALTHY,NONE,0,1,synthetic,semiconductor_synthetic,physics_RD_power_law,0.1
COMP-SYN-040-049,LOT-SYN-040,ISRO_MOCK,CMOS_LOGIC,HEX_INVERTER,CERAMIC_FP,96,125,1.5,2030.172,293.099,190.88,0.1916,HEALTHY,NONE,0,1,synthetic,semiconductor_synthetic,physics_RD_power_law,0.1
COMP-SYN-040-049,LOT-SYN-040,ISRO_MOCK,CMOS_LOGIC,HEX_INVERTER,CERAMIC_FP,168,125,1.5,2027.784,295.577,194.96,0.2143,HEALTHY,NONE,0,1,synthetic,semiconductor_synthetic,physics_RD_power_law,0.1
COMP-SYN-040-050,LOT-SYN-040,ISRO_MOCK,CMOS_LOGIC,HEX_INVERTER,CERAMIC_FP,0,125,1.5,2131.084,310.394,187.56,0.0,HEALTHY,NONE,0,1,synthetic,semiconductor_synthetic,physics_RD_power_law,0.1
COMP-SYN-040-050,LOT-SYN-040,ISRO_MOCK,CMOS_LOGIC,HEX_INVERTER,CERAMIC_FP,24,125,1.5,2081.736,307.106,194.32,0.1452,HEALTHY,NONE,0,1,synthetic,semiconductor_synthetic,physics_RD_power_law,0.1
COMP-SYN-040-050,LOT-SYN-040,ISRO_MOCK,CMOS_LOGIC,HEX_INVERTER,CERAMIC_FP,96,125,1.5,2056.438,308.11,195.3,0.1916,HEALTHY,NONE,0,1,synthetic,semiconductor_synthetic,physics_RD_power_law,0.1
COMP-SYN-040-050,LOT-SYN-040,ISRO_MOCK,CMOS_LOGIC,HEX_INVERTER,CERAMIC_FP,168,125,1.5,2119.969,307.624,193.05,0.2143,HEALTHY,NONE,0,1,synthetic,semiconductor_synthetic,physics_RD_power_law,0.1
COMP-SYN-040-051,LOT-SYN-040,ISRO_MOCK,CMOS_LOGIC,HEX_INVERTER,CERAMIC_FP,0,125,1.5,2168.217,297.663,180.3,0.0,HEALTHY,NONE,0,1,synthetic,semiconductor_synthetic,physics_RD_power_law,0.1
COMP-SYN-040-051,LOT-SYN-040,ISRO_MOCK,CMOS_LOGIC,HEX_INVERTER,CERAMIC_FP,24,125,1.5,2157.306,298.081,184.27,0.1452,HEALTHY,NONE,0,1,synthetic,semiconductor_synthetic,physics_RD_power_law,0.1
COMP-SYN-040-051,LOT-SYN-040,ISRO_MOCK,CMOS_LOGIC,HEX_INVERTER,CERAMIC_FP,96,125,1.5,2157.466,300.468,188.86,0.1916,HEALTHY,NONE,0,1,synthetic,semiconductor_synthetic,physics_RD_power_law,0.1
COMP-SYN-040-051,LOT-SYN-040,ISRO_MOCK,CMOS_LOGIC,HEX_INVERTER,CERAMIC_FP,168,125,1.5,2167.738,298.4,188.98,0.2143,HEALTHY,NONE,0,1,synthetic,semiconductor_synthetic,physics_RD_power_law,0.1
COMP-SYN-040-052,LOT-SYN-040,ISRO_MOCK,CMOS_LOGIC,HEX_INVERTER,CERAMIC_FP,0,125,1.5,3034.14,411.384,263.43,0.0,BORDERLINE,NONE,0,1,synthetic,semiconductor_synthetic,physics_RD_power_law,0.1
COMP-SYN-040-052,LOT-SYN-040,ISRO_MOCK,CMOS_LOGIC,HEX_INVERTER,CERAMIC_FP,24,125,1.5,3017.529,413.337,272.95,0.1452,BORDERLINE,NONE,0,1,synthetic,semiconductor_synthetic,physics_RD_power_law,0.1
COMP-SYN-040-052,LOT-SYN-040,ISRO_MOCK,CMOS_LOGIC,HEX_INVERTER,CERAMIC_FP,96,125,1.5,3020.597,411.097,274.86,0.1916,BORDERLINE,NONE,0,1,synthetic,semiconductor_synthetic,physics_RD_power_law,0.1
COMP-SYN-040-052,LOT-SYN-040,ISRO_MOCK,CMOS_LOGIC,HEX_INVERTER,CERAMIC_FP,168,125,1.5,2910.136,411.353,269.29,0.2143,BORDERLINE,NONE,0,1,synthetic,semiconductor_synthetic,physics_RD_power_law,0.1
COMP-SYN-040-053,LOT-SYN-040,ISRO_MOCK,CMOS_LOGIC,HEX_INVERTER,CERAMIC_FP,0,125,1.5,2070.067,285.553,187.26,0.0,HEALTHY,NONE,0,1,synthetic,semiconductor_synthetic,physics_RD_power_law,0.1
COMP-SYN-040-053,LOT-SYN-040,ISRO_MOCK,CMOS_LOGIC,HEX_INVERTER,CERAMIC_FP,24,125,1.5,2054.428,282.373,195.24,0.1452,HEALTHY,NONE,0,1,synthetic,semiconductor_synthetic,physics_RD_power_law,0.1
COMP-SYN-040-053,LOT-SYN-040,ISRO_MOCK,CMOS_LOGIC,HEX_INVERTER,CERAMIC_FP,96,125,1.5,2036.185,273.001,194.46,0.1916,HEALTHY,NONE,0,1,synthetic,semiconductor_synthetic,physics_RD_power_law,0.1
COMP-SYN-040-053,LOT-SYN-040,ISRO_MOCK,CMOS_LOGIC,HEX_INVERTER,CERAMIC_FP,168,125,1.5,2059.944,278.663,197.48,0.2143,HEALTHY,NONE,0,1,synthetic,semiconductor_synthetic,physics_RD_power_law,0.1
COMP-SYN-040-054,LOT-SYN-040,ISRO_MOCK,CMOS_LOGIC,HEX_INVERTER,CERAMIC_FP,0,125,1.5,2007.195,285.424,187.31,0.0,HEALTHY,NONE,0,1,synthetic,semiconductor_synthetic,physics_RD_power_law,0.1
COMP-SYN-040-054,LOT-SYN-040,ISRO_MOCK,CMOS_LOGIC,HEX_INVERTER,CERAMIC_FP,24,125,1.5,2012.061,286.116,197.01,0.1452,HEALTHY,NONE,0,1,synthetic,semiconductor_synthetic,physics_RD_power_law,0.1
COMP-SYN-040-054,LOT-SYN-040,ISRO_MOCK,CMOS_LOGIC,HEX_INVERTER,CERAMIC_FP,96,125,1.5,1962.056,282.081,198.33,0.1916,HEALTHY,NONE,0,1,synthetic,semiconductor_synthetic,physics_RD_power_law,0.1
COMP-SYN-040-054,LOT-SYN-040,ISRO_MOCK,CMOS_LOGIC,HEX_INVERTER,CERAMIC_FP,168,125,1.5,1997.114,283.848,198.77,0.2143,HEALTHY,NONE,0,1,synthetic,semiconductor_synthetic,physics_RD_power_law,0.1
COMP-SYN-040-055,LOT-SYN-040,ISRO_MOCK,CMOS_LOGIC,HEX_INVERTER,CERAMIC_FP,0,125,1.5,2098.273,296.044,175.5,0.0,HEALTHY,NONE,0,1,synthetic,semiconductor_synthetic,physics_RD_power_law,0.1
COMP-SYN-040-055,LOT-SYN-040,ISRO_MOCK,CMOS_LOGIC,HEX_INVERTER,CERAMIC_FP,24,125,1.5,2052.607,296.58,180.24,0.1452,HEALTHY,NONE,0,1,synthetic,semiconductor_synthetic,physics_RD_power_law,0.1
COMP-SYN-040-055,LOT-SYN-040,ISRO_MOCK,CMOS_LOGIC,HEX_INVERTER,CERAMIC_FP,96,125,1.5,2058.957,296.679,187.71,0.1916,HEALTHY,NONE,0,1,synthetic,semiconductor_synthetic,physics_RD_power_law,0.1
COMP-SYN-040-055,LOT-SYN-040,ISRO_MOCK,CMOS_LOGIC,HEX_INVERTER,CERAMIC_FP,168,125,1.5,2053.928,297.52,184.67,0.2143,HEALTHY,NONE,0,1,synthetic,semiconductor_synthetic,physics_RD_power_law,0.1
COMP-SYN-040-056,LOT-SYN-040,ISRO_MOCK,CMOS_LOGIC,HEX_INVERTER,CERAMIC_FP,0,125,1.5,2169.383,273.646,183.53,0.0,HEALTHY,NONE,0,1,synthetic,semiconductor_synthetic,physics_RD_power_law,0.1
COMP-SYN-040-056,LOT-SYN-040,ISRO_MOCK,CMOS_LOGIC,HEX_INVERTER,CERAMIC_FP,24,125,1.5,2150.014,274.94,184.16,0.1452,HEALTHY,NONE,0,1,synthetic,semiconductor_synthetic,physics_RD_power_law,0.1
COMP-SYN-040-056,LOT-SYN-040,ISRO_MOCK,CMOS_LOGIC,HEX_INVERTER,CERAMIC_FP,96,125,1.5,2150.874,272.146,192.12,0.1916,HEALTHY,NONE,0,1,synthetic,semiconductor_synthetic,physics_RD_power_law,0.1
COMP-SYN-040-056,LOT-SYN-040,ISRO_MOCK,CMOS_LOGIC,HEX_INVERTER,CERAMIC_FP,168,125,1.5,2179.504,267.3,192.04,0.2143,HEALTHY,NONE,0,1,synthetic,semiconductor_synthetic,physics_RD_power_law,0.1
COMP-SYN-040-057,LOT-SYN-040,ISRO_MOCK,CMOS_LOGIC,HEX_INVERTER,CERAMIC_FP,0,125,1.5,1845.588,286.78,190.45,0.0,HEALTHY,NONE,0,1,synthetic,semiconductor_synthetic,physics_RD_power_law,0.1
COMP-SYN-040-057,LOT-SYN-040,ISRO_MOCK,CMOS_LOGIC,HEX_INVERTER,CERAMIC_FP,24,125,1.5,1849.312,281.481,195.47,0.1452,HEALTHY,NONE,0,1,synthetic,semiconductor_synthetic,physics_RD_power_law,0.1
COMP-SYN-040-057,LOT-SYN-040,ISRO_MOCK,CMOS_LOGIC,HEX_INVERTER,CERAMIC_FP,96,125,1.5,1834.164,285.193,198.41,0.1916,HEALTHY,NONE,0,1,synthetic,semiconductor_synthetic,physics_RD_power_law,0.1
COMP-SYN-040-057,LOT-SYN-040,ISRO_MOCK,CMOS_LOGIC,HEX_INVERTER,CERAMIC_FP,168,125,1.5,1868.439,288.585,198.5,0.2143,HEALTHY,NONE,0,1,synthetic,semiconductor_synthetic,physics_RD_power_law,0.1
COMP-SYN-040-058,LOT-SYN-040,ISRO_MOCK,CMOS_LOGIC,HEX_INVERTER,CERAMIC_FP,0,125,1.5,1991.632,311.092,176.5,0.0,HEALTHY,NONE,0,1,synthetic,semiconductor_synthetic,physics_RD_power_law,0.1
COMP-SYN-040-058,LOT-SYN-040,ISRO_MOCK,CMOS_LOGIC,HEX_INVERTER,CERAMIC_FP,24,125,1.5,2023.002,304.598,181.04,0.1452,HEALTHY,NONE,0,1,synthetic,semiconductor_synthetic,physics_RD_power_law,0.1
COMP-SYN-040-058,LOT-SYN-040,ISRO_MOCK,CMOS_LOGIC,HEX_INVERTER,CERAMIC_FP,96,125,1.5,1980.454,303.77,191.49,0.1916,HEALTHY,NONE,0,1,synthetic,semiconductor_synthetic,physics_RD_power_law,0.1
COMP-SYN-040-058,LOT-SYN-040,ISRO_MOCK,CMOS_LOGIC,HEX_INVERTER,CERAMIC_FP,168,125,1.5,2002.73,305.36,188.09,0.2143,HEALTHY,NONE,0,1,synthetic,semiconductor_synthetic,physics_RD_power_law,0.1
COMP-SYN-040-059,LOT-SYN-040,ISRO_MOCK,CMOS_LOGIC,HEX_INVERTER,CERAMIC_FP,0,125,1.5,2126.953,284.649,177.28,0.0,HEALTHY,NONE,0,1,synthetic,semiconductor_synthetic,physics_RD_power_law,0.1
COMP-SYN-040-059,LOT-SYN-040,ISRO_MOCK,CMOS_LOGIC,HEX_INVERTER,CERAMIC_FP,24,125,1.5,2139.029,276.36,188.54,0.1452,HEALTHY,NONE,0,1,synthetic,semiconductor_synthetic,physics_RD_power_law,0.1
COMP-SYN-040-059,LOT-SYN-040,ISRO_MOCK,CMOS_LOGIC,HEX_INVERTER,CERAMIC_FP,96,125,1.5,2095.063,278.495,191.98,0.1916,HEALTHY,NONE,0,1,synthetic,semiconductor_synthetic,physics_RD_power_law,0.1
COMP-SYN-040-059,LOT-SYN-040,ISRO_MOCK,CMOS_LOGIC,HEX_INVERTER,CERAMIC_FP,168,125,1.5,2067.546,277.188,189.47,0.2143,HEALTHY,NONE,0,1,synthetic,semiconductor_synthetic,physics_RD_power_law,0.1
COMP-SYN-040-060,LOT-SYN-040,ISRO_MOCK,CMOS_LOGIC,HEX_INVERTER,CERAMIC_FP,0,125,1.5,1975.401,279.821,180.96,0.0,HEALTHY,NONE,0,1,synthetic,semiconductor_synthetic,physics_RD_power_law,0.1
COMP-SYN-040-060,LOT-SYN-040,ISRO_MOCK,CMOS_LOGIC,HEX_INVERTER,CERAMIC_FP,24,125,1.5,1960.059,276.474,185.55,0.1452,HEALTHY,NONE,0,1,synthetic,semiconductor_synthetic,physics_RD_power_law,0.1
COMP-SYN-040-060,LOT-SYN-040,ISRO_MOCK,CMOS_LOGIC,HEX_INVERTER,CERAMIC_FP,96,125,1.5,1952.394,277.93,190.17,0.1916,HEALTHY,NONE,0,1,synthetic,semiconductor_synthetic,physics_RD_power_law,0.1
COMP-SYN-040-060,LOT-SYN-040,ISRO_MOCK,CMOS_LOGIC,HEX_INVERTER,CERAMIC_FP,168,125,1.5,1908.955,277.615,190.22,0.2143,HEALTHY,NONE,0,1,synthetic,semiconductor_synthetic,physics_RD_power_law,0.1
COMP-SYN-040-061,LOT-SYN-040,ISRO_MOCK,CMOS_LOGIC,HEX_INVERTER,CERAMIC_FP,0,125,1.5,2083.298,285.153,187.6,0.0,HEALTHY,NONE,0,1,synthetic,semiconductor_synthetic,physics_RD_power_law,0.1
COMP-SYN-040-061,LOT-SYN-040,ISRO_MOCK,CMOS_LOGIC,HEX_INVERTER,CERAMIC_FP,24,125,1.5,2062.113,278.141,190.62,0.1452,HEALTHY,NONE,0,1,synthetic,semiconductor_synthetic,physics_RD_power_law,0.1
COMP-SYN-040-061,LOT-SYN-040,ISRO_MOCK,CMOS_LOGIC,HEX_INVERTER,CERAMIC_FP,96,125,1.5,2068.13,277.994,192.71,0.1916,HEALTHY,NONE,0,1,synthetic,semiconductor_synthetic,physics_RD_power_law,0.1
COMP-SYN-040-061,LOT-SYN-040,ISRO_MOCK,CMOS_LOGIC,HEX_INVERTER,CERAMIC_FP,168,125,1.5,2054.751,279.96,194.53,0.2143,HEALTHY,NONE,0,1,synthetic,semiconductor_synthetic,physics_RD_power_law,0.1
COMP-SYN-040-062,LOT-SYN-040,ISRO_MOCK,CMOS_LOGIC,HEX_INVERTER,CERAMIC_FP,0,125,1.5,2004.086,310.557,182.07,0.0,HEALTHY,NONE,0,1,synthetic,semiconductor_synthetic,physics_RD_power_law,0.1
COMP-SYN-040-062,LOT-SYN-040,ISRO_MOCK,CMOS_LOGIC,HEX_INVERTER,CERAMIC_FP,24,125,1.5,2000.106,301.888,190.09,0.1452,HEALTHY,NONE,0,1,synthetic,semiconductor_synthetic,physics_RD_power_law,0.1
COMP-SYN-040-062,LOT-SYN-040,ISRO_MOCK,CMOS_LOGIC,HEX_INVERTER,CERAMIC_FP,96,125,1.5,1968.405,298.166,189.13,0.1916,HEALTHY,NONE,0,1,synthetic,semiconductor_synthetic,physics_RD_power_law,0.1
COMP-SYN-040-062,LOT-SYN-040,ISRO_MOCK,CMOS_LOGIC,HEX_INVERTER,CERAMIC_FP,168,125,1.5,1989.179,302.904,192.66,0.2143,HEALTHY,NONE,0,1,synthetic,semiconductor_synthetic,physics_RD_power_law,0.1
COMP-SYN-040-063,LOT-SYN-040,ISRO_MOCK,CMOS_LOGIC,HEX_INVERTER,CERAMIC_FP,0,125,1.5,2072.756,292.906,187.19,0.0,HEALTHY,NONE,0,1,synthetic,semiconductor_synthetic,physics_RD_power_law,0.1
COMP-SYN-040-063,LOT-SYN-040,ISRO_MOCK,CMOS_LOGIC,HEX_INVERTER,CERAMIC_FP,24,125,1.5,2094.518,296.071,198.34,0.1452,HEALTHY,NONE,0,1,synthetic,semiconductor_synthetic,physics_RD_power_law,0.1
COMP-SYN-040-063,LOT-SYN-040,ISRO_MOCK,CMOS_LOGIC,HEX_INVERTER,CERAMIC_FP,96,125,1.5,2085.792,292.487,197.87,0.1916,HEALTHY,NONE,0,1,synthetic,semiconductor_synthetic,physics_RD_power_law,0.1
COMP-SYN-040-063,LOT-SYN-040,ISRO_MOCK,CMOS_LOGIC,HEX_INVERTER,CERAMIC_FP,168,125,1.5,2093.351,295.004,196.55,0.2143,HEALTHY,NONE,0,1,synthetic,semiconductor_synthetic,physics_RD_power_law,0.1
COMP-SYN-040-064,LOT-SYN-040,ISRO_MOCK,CMOS_LOGIC,HEX_INVERTER,CERAMIC_FP,0,125,1.5,2059.286,301.861,191.28,0.0,HEALTHY,NONE,0,1,synthetic,semiconductor_synthetic,physics_RD_power_law,0.1
COMP-SYN-040-064,LOT-SYN-040,ISRO_MOCK,CMOS_LOGIC,HEX_INVERTER,CERAMIC_FP,24,125,1.5,2060.481,295.304,192.95,0.1452,HEALTHY,NONE,0,1,synthetic,semiconductor_synthetic,physics_RD_power_law,0.1
COMP-SYN-040-064,LOT-SYN-040,ISRO_MOCK,CMOS_LOGIC,HEX_INVERTER,CERAMIC_FP,96,125,1.5,2050.863,293.315,194.85,0.1916,HEALTHY,NONE,0,1,synthetic,semiconductor_synthetic,physics_RD_power_law,0.1
COMP-SYN-040-064,LOT-SYN-040,ISRO_MOCK,CMOS_LOGIC,HEX_INVERTER,CERAMIC_FP,168,125,1.5,2032.19,297.232,196.51,0.2143,HEALTHY,NONE,0,1,synthetic,semiconductor_synthetic,physics_RD_power_law,0.1
COMP-SYN-040-065,LOT-SYN-040,ISRO_MOCK,CMOS_LOGIC,HEX_INVERTER,CERAMIC_FP,0,125,1.5,2406.189,292.96,181.98,0.0,HEALTHY,NONE,0,1,synthetic,semiconductor_synthetic,physics_RD_power_law,0.1
COMP-SYN-040-065,LOT-SYN-040,ISRO_MOCK,CMOS_LOGIC,HEX_INVERTER,CERAMIC_FP,24,125,1.5,2395.011,293.456,186.52,0.1452,HEALTHY,NONE,0,1,synthetic,semiconductor_synthetic,physics_RD_power_law,0.1
COMP-SYN-040-065,LOT-SYN-040,ISRO_MOCK,CMOS_LOGIC,HEX_INVERTER,CERAMIC_FP,96,125,1.5,2348.221,290.315,187.65,0.1916,HEALTHY,NONE,0,1,synthetic,semiconductor_synthetic,physics_RD_power_law,0.1
COMP-SYN-040-065,LOT-SYN-040,ISRO_MOCK,CMOS_LOGIC,HEX_INVERTER,CERAMIC_FP,168,125,1.5,2376.544,289.084,190.38,0.2143,HEALTHY,NONE,0,1,synthetic,semiconductor_synthetic,physics_RD_power_law,0.1
COMP-SYN-040-066,LOT-SYN-040,ISRO_MOCK,CMOS_LOGIC,HEX_INVERTER,CERAMIC_FP,0,125,1.5,2070.118,289.57,185.46,0.0,HEALTHY,NONE,0,1,synthetic,semiconductor_synthetic,physics_RD_power_law,0.1
COMP-SYN-040-066,LOT-SYN-040,ISRO_MOCK,CMOS_LOGIC,HEX_INVERTER,CERAMIC_FP,24,125,1.5,2098.758,294.978,190.0,0.1452,HEALTHY,NONE,0,1,synthetic,semiconductor_synthetic,physics_RD_power_law,0.1
COMP-SYN-040-066,LOT-SYN-040,ISRO_MOCK,CMOS_LOGIC,HEX_INVERTER,CERAMIC_FP,96,125,1.5,2089.7,287.865,189.63,0.1916,HEALTHY,NONE,0,1,synthetic,semiconductor_synthetic,physics_RD_power_law,0.1
COMP-SYN-040-066,LOT-SYN-040,ISRO_MOCK,CMOS_LOGIC,HEX_INVERTER,CERAMIC_FP,168,125,1.5,2136.568,284.041,194.6,0.2143,HEALTHY,NONE,0,1,synthetic,semiconductor_synthetic,physics_RD_power_law,0.1
COMP-SYN-040-067,LOT-SYN-040,ISRO_MOCK,CMOS_LOGIC,HEX_INVERTER,CERAMIC_FP,0,125,1.5,2061.797,305.817,183.89,0.0,HEALTHY,NONE,0,1,synthetic,semiconductor_synthetic,physics_RD_power_law,0.1
COMP-SYN-040-067,LOT-SYN-040,ISRO_MOCK,CMOS_LOGIC,HEX_INVERTER,CERAMIC_FP,24,125,1.5,2024.941,303.581,188.13,0.1452,HEALTHY,NONE,0,1,synthetic,semiconductor_synthetic,physics_RD_power_law,0.1
COMP-SYN-040-067,LOT-SYN-040,ISRO_MOCK,CMOS_LOGIC,HEX_INVERTER,CERAMIC_FP,96,125,1.5,2016.557,300.101,189.81,0.1916,HEALTHY,NONE,0,1,synthetic,semiconductor_synthetic,physics_RD_power_law,0.1
COMP-SYN-040-067,LOT-SYN-040,ISRO_MOCK,CMOS_LOGIC,HEX_INVERTER,CERAMIC_FP,168,125,1.5,2029.677,301.04,190.28,0.2143,HEALTHY,NONE,0,1,synthetic,semiconductor_synthetic,physics_RD_power_law,0.1
COMP-SYN-040-068,LOT-SYN-040,ISRO_MOCK,CMOS_LOGIC,HEX_INVERTER,CERAMIC_FP,0,125,1.5,2104.463,286.448,177.97,0.0,HEALTHY,NONE,0,1,synthetic,semiconductor_synthetic,physics_RD_power_law,0.1
COMP-SYN-040-068,LOT-SYN-040,ISRO_MOCK,CMOS_LOGIC,HEX_INVERTER,CERAMIC_FP,24,125,1.5,2112.559,281.644,188.17,0.1452,HEALTHY,NONE,0,1,synthetic,semiconductor_synthetic,physics_RD_power_law,0.1
COMP-SYN-040-068,LOT-SYN-040,ISRO_MOCK,CMOS_LOGIC,HEX_INVERTER,CERAMIC_FP,96,125,1.5,2080.973,285.779,186.31,0.1916,HEALTHY,NONE,0,1,synthetic,semiconductor_synthetic,physics_RD_power_law,0.1
COMP-SYN-040-068,LOT-SYN-040,ISRO_MOCK,CMOS_LOGIC,HEX_INVERTER,CERAMIC_FP,168,125,1.5,2116.619,283.773,187.01,0.2143,HEALTHY,NONE,0,1,synthetic,semiconductor_synthetic,physics_RD_power_law,0.1
COMP-SYN-040-069,LOT-SYN-040,ISRO_MOCK,CMOS_LOGIC,HEX_INVERTER,CERAMIC_FP,0,125,1.5,1934.467,276.246,181.89,0.0,HEALTHY,NONE,0,1,synthetic,semiconductor_synthetic,physics_RD_power_law,0.1
COMP-SYN-040-069,LOT-SYN-040,ISRO_MOCK,CMOS_LOGIC,HEX_INVERTER,CERAMIC_FP,24,125,1.5,1930.422,276.396,185.98,0.1452,HEALTHY,NONE,0,1,synthetic,semiconductor_synthetic,physics_RD_power_law,0.1
COMP-SYN-040-069,LOT-SYN-040,ISRO_MOCK,CMOS_LOGIC,HEX_INVERTER,CERAMIC_FP,96,125,1.5,1935.147,278.219,187.85,0.1916,HEALTHY,NONE,0,1,synthetic,semiconductor_synthetic,physics_RD_power_law,0.1
COMP-SYN-040-069,LOT-SYN-040,ISRO_MOCK,CMOS_LOGIC,HEX_INVERTER,CERAMIC_FP,168,125,1.5,1951.603,279.255,189.09,0.2143,HEALTHY,NONE,0,1,synthetic,semiconductor_synthetic,physics_RD_power_law,0.1
COMP-SYN-040-070,LOT-SYN-040,ISRO_MOCK,CMOS_LOGIC,HEX_INVERTER,CERAMIC_FP,0,125,1.5,1923.892,292.146,188.68,0.0,HEALTHY,NONE,0,1,synthetic,semiconductor_synthetic,physics_RD_power_law,0.1
COMP-SYN-040-070,LOT-SYN-040,ISRO_MOCK,CMOS_LOGIC,HEX_INVERTER,CERAMIC_FP,24,125,1.5,1898.603,287.253,191.19,0.1452,HEALTHY,NONE,0,1,synthetic,semiconductor_synthetic,physics_RD_power_law,0.1
COMP-SYN-040-070,LOT-SYN-040,ISRO_MOCK,CMOS_LOGIC,HEX_INVERTER,CERAMIC_FP,96,125,1.5,1909.074,288.926,193.32,0.1916,HEALTHY,NONE,0,1,synthetic,semiconductor_synthetic,physics_RD_power_law,0.1
COMP-SYN-040-070,LOT-SYN-040,ISRO_MOCK,CMOS_LOGIC,HEX_INVERTER,CERAMIC_FP,168,125,1.5,1925.84,286.607,196.27,0.2143,HEALTHY,NONE,0,1,synthetic,semiconductor_synthetic,physics_RD_power_law,0.1
COMP-SYN-040-071,LOT-SYN-040,ISRO_MOCK,CMOS_LOGIC,HEX_INVERTER,CERAMIC_FP,0,125,1.5,2039.45,286.639,194.91,0.0,HEALTHY,NONE,0,1,synthetic,semiconductor_synthetic,physics_RD_power_law,0.1
COMP-SYN-040-071,LOT-SYN-040,ISRO_MOCK,CMOS_LOGIC,HEX_INVERTER,CERAMIC_FP,24,125,1.5,2020.36,288.345,198.47,0.1452,HEALTHY,NONE,0,1,synthetic,semiconductor_synthetic,physics_RD_power_law,0.1
COMP-SYN-040-071,LOT-SYN-040,ISRO_MOCK,CMOS_LOGIC,HEX_INVERTER,CERAMIC_FP,96,125,1.5,2024.219,286.206,201.27,0.1916,HEALTHY,NONE,0,1,synthetic,semiconductor_synthetic,physics_RD_power_law,0.1
COMP-SYN-040-071,LOT-SYN-040,ISRO_MOCK,CMOS_LOGIC,HEX_INVERTER,CERAMIC_FP,168,125,1.5,2062.195,287.736,199.87,0.2143,HEALTHY,NONE,0,1,synthetic,semiconductor_synthetic,physics_RD_power_law,0.1
COMP-SYN-040-072,LOT-SYN-040,ISRO_MOCK,CMOS_LOGIC,HEX_INVERTER,CERAMIC_FP,0,125,1.5,2145.579,295.639,192.06,0.0,HEALTHY,NONE,0,1,synthetic,semiconductor_synthetic,physics_RD_power_law,0.1
COMP-SYN-040-072,LOT-SYN-040,ISRO_MOCK,CMOS_LOGIC,HEX_INVERTER,CERAMIC_FP,24,125,1.5,2164.406,294.228,199.72,0.1452,HEALTHY,NONE,0,1,synthetic,semiconductor_synthetic,physics_RD_power_law,0.1
COMP-SYN-040-072,LOT-SYN-040,ISRO_MOCK,CMOS_LOGIC,HEX_INVERTER,CERAMIC_FP,96,125,1.5,2151.656,290.172,200.51,0.1916,HEALTHY,NONE,0,1,synthetic,semiconductor_synthetic,physics_RD_power_law,0.1
COMP-SYN-040-072,LOT-SYN-040,ISRO_MOCK,CMOS_LOGIC,HEX_INVERTER,CERAMIC_FP,168,125,1.5,2125.774,295.077,197.47,0.2143,HEALTHY,NONE,0,1,synthetic,semiconductor_synthetic,physics_RD_power_law,0.1
COMP-SYN-040-073,LOT-SYN-040,ISRO_MOCK,CMOS_LOGIC,HEX_INVERTER,CERAMIC_FP,0,125,1.5,1960.708,298.231,178.14,0.0,HEALTHY,NONE,0,1,synthetic,semiconductor_synthetic,physics_RD_power_law,0.1
COMP-SYN-040-073,LOT-SYN-040,ISRO_MOCK,CMOS_LOGIC,HEX_INVERTER,CERAMIC_FP,24,125,1.5,1905.515,298.272,185.81,0.1452,HEALTHY,NONE,0,1,synthetic,semiconductor_synthetic,physics_RD_power_law,0.1
COMP-SYN-040-073,LOT-SYN-040,ISRO_MOCK,CMOS_LOGIC,HEX_INVERTER,CERAMIC_FP,96,125,1.5,1885.723,291.821,182.34,0.1916,HEALTHY,NONE,0,1,synthetic,semiconductor_synthetic,physics_RD_power_law,0.1
COMP-SYN-040-073,LOT-SYN-040,ISRO_MOCK,CMOS_LOGIC,HEX_INVERTER,CERAMIC_FP,168,125,1.5,1923.98,298.305,185.71,0.2143,HEALTHY,NONE,0,1,synthetic,semiconductor_synthetic,physics_RD_power_law,0.1
COMP-SYN-040-074,LOT-SYN-040,ISRO_MOCK,CMOS_LOGIC,HEX_INVERTER,CERAMIC_FP,0,125,1.5,2104.96,296.05,173.09,0.0,HEALTHY,NONE,0,1,synthetic,semiconductor_synthetic,physics_RD_power_law,0.1
COMP-SYN-040-074,LOT-SYN-040,ISRO_MOCK,CMOS_LOGIC,HEX_INVERTER,CERAMIC_FP,24,125,1.5,2097.729,296.789,186.62,0.1452,HEALTHY,NONE,0,1,synthetic,semiconductor_synthetic,physics_RD_power_law,0.1
COMP-SYN-040-074,LOT-SYN-040,ISRO_MOCK,CMOS_LOGIC,HEX_INVERTER,CERAMIC_FP,96,125,1.5,2075.054,297.931,183.2,0.1916,HEALTHY,NONE,0,1,synthetic,semiconductor_synthetic,physics_RD_power_law,0.1
COMP-SYN-040-074,LOT-SYN-040,ISRO_MOCK,CMOS_LOGIC,HEX_INVERTER,CERAMIC_FP,168,125,1.5,2085.114,303.375,182.4,0.2143,HEALTHY,NONE,0,1,synthetic,semiconductor_synthetic,physics_RD_power_law,0.1
COMP-SYN-040-075,LOT-SYN-040,ISRO_MOCK,CMOS_LOGIC,HEX_INVERTER,CERAMIC_FP,0,125,1.5,2208.457,282.472,187.53,0.0,HEALTHY,NONE,0,1,synthetic,semiconductor_synthetic,physics_RD_power_law,0.1
COMP-SYN-040-075,LOT-SYN-040,ISRO_MOCK,CMOS_LOGIC,HEX_INVERTER,CERAMIC_FP,24,125,1.5,2120.053,281.868,191.9,0.1452,HEALTHY,NONE,0,1,synthetic,semiconductor_synthetic,physics_RD_power_law,0.1
COMP-SYN-040-075,LOT-SYN-040,ISRO_MOCK,CMOS_LOGIC,HEX_INVERTER,CERAMIC_FP,96,125,1.5,2196.609,280.842,194.61,0.1916,HEALTHY,NONE,0,1,synthetic,semiconductor_synthetic,physics_RD_power_law,0.1
COMP-SYN-040-075,LOT-SYN-040,ISRO_MOCK,CMOS_LOGIC,HEX_INVERTER,CERAMIC_FP,168,125,1.5,2150.167,280.727,195.32,0.2143,HEALTHY,NONE,0,1,synthetic,semiconductor_synthetic,physics_RD_power_law,0.1
COMP-SYN-040-076,LOT-SYN-040,ISRO_MOCK,CMOS_LOGIC,HEX_INVERTER,CERAMIC_FP,0,125,1.5,2274.189,296.514,183.52,0.0,HEALTHY,NONE,0,1,synthetic,semiconductor_synthetic,physics_RD_power_law,0.1
COMP-SYN-040-076,LOT-SYN-040,ISRO_MOCK,CMOS_LOGIC,HEX_INVERTER,CERAMIC_FP,24,125,1.5,2242.59,299.305,190.99,0.1452,HEALTHY,NONE,0,1,synthetic,semiconductor_synthetic,physics_RD_power_law,0.1
COMP-SYN-040-076,LOT-SYN-040,ISRO_MOCK,CMOS_LOGIC,HEX_INVERTER,CERAMIC_FP,96,125,1.5,2179.601,298.77,193.35,0.1916,HEALTHY,NONE,0,1,synthetic,semiconductor_synthetic,physics_RD_power_law,0.1
COMP-SYN-040-076,LOT-SYN-040,ISRO_MOCK,CMOS_LOGIC,HEX_INVERTER,CERAMIC_FP,168,125,1.5,2233.814,295.209,192.12,0.2143,HEALTHY,NONE,0,1,synthetic,semiconductor_synthetic,physics_RD_power_law,0.1
COMP-SYN-040-077,LOT-SYN-040,ISRO_MOCK,CMOS_LOGIC,HEX_INVERTER,CERAMIC_FP,0,125,1.5,2147.191,302.122,178.76,0.0,HEALTHY,NONE,0,1,synthetic,semiconductor_synthetic,physics_RD_power_law,0.1
COMP-SYN-040-077,LOT-SYN-040,ISRO_MOCK,CMOS_LOGIC,HEX_INVERTER,CERAMIC_FP,24,125,1.5,2172.762,303.046,187.01,0.1452,HEALTHY,NONE,0,1,synthetic,semiconductor_synthetic,physics_RD_power_law,0.1
COMP-SYN-040-077,LOT-SYN-040,ISRO_MOCK,CMOS_LOGIC,HEX_INVERTER,CERAMIC_FP,96,125,1.5,2189.942,296.397,185.75,0.1916,HEALTHY,NONE,0,1,synthetic,semiconductor_synthetic,physics_RD_power_law,0.1
COMP-SYN-040-077,LOT-SYN-040,ISRO_MOCK,CMOS_LOGIC,HEX_INVERTER,CERAMIC_FP,168,125,1.5,2160.402,300.961,188.87,0.2143,HEALTHY,NONE,0,1,synthetic,semiconductor_synthetic,physics_RD_power_law,0.1
COMP-SYN-040-078,LOT-SYN-040,ISRO_MOCK,CMOS_LOGIC,HEX_INVERTER,CERAMIC_FP,0,125,1.5,2110.645,279.526,185.3,0.0,HEALTHY,NONE,0,1,synthetic,semiconductor_synthetic,physics_RD_power_law,0.1
COMP-SYN-040-078,LOT-SYN-040,ISRO_MOCK,CMOS_LOGIC,HEX_INVERTER,CERAMIC_FP,24,125,1.5,2117.758,277.884,189.42,0.1452,HEALTHY,NONE,0,1,synthetic,semiconductor_synthetic,physics_RD_power_law,0.1
COMP-SYN-040-078,LOT-SYN-040,ISRO_MOCK,CMOS_LOGIC,HEX_INVERTER,CERAMIC_FP,96,125,1.5,2105.31,272.827,194.41,0.1916,HEALTHY,NONE,0,1,synthetic,semiconductor_synthetic,physics_RD_power_law,0.1
COMP-SYN-040-078,LOT-SYN-040,ISRO_MOCK,CMOS_LOGIC,HEX_INVERTER,CERAMIC_FP,168,125,1.5,2117.604,278.861,193.66,0.2143,HEALTHY,NONE,0,1,synthetic,semiconductor_synthetic,physics_RD_power_law,0.1
COMP-SYN-040-079,LOT-SYN-040,ISRO_MOCK,CMOS_LOGIC,HEX_INVERTER,CERAMIC_FP,0,125,1.5,2163.845,293.729,182.01,0.0,HEALTHY,NONE,0,1,synthetic,semiconductor_synthetic,physics_RD_power_law,0.1
COMP-SYN-040-079,LOT-SYN-040,ISRO_MOCK,CMOS_LOGIC,HEX_INVERTER,CERAMIC_FP,24,125,1.5,2153.25,291.321,190.95,0.1452,HEALTHY,NONE,0,1,synthetic,semiconductor_synthetic,physics_RD_power_law,0.1
COMP-SYN-040-079,LOT-SYN-040,ISRO_MOCK,CMOS_LOGIC,HEX_INVERTER,CERAMIC_FP,96,125,1.5,2181.807,291.583,191.67,0.1916,HEALTHY,NONE,0,1,synthetic,semiconductor_synthetic,physics_RD_power_law,0.1
COMP-SYN-040-079,LOT-SYN-040,ISRO_MOCK,CMOS_LOGIC,HEX_INVERTER,CERAMIC_FP,168,125,1.5,2169.467,293.182,193.61,0.2143,HEALTHY,NONE,0,1,synthetic,semiconductor_synthetic,physics_RD_power_law,0.1
COMP-SYN-040-080,LOT-SYN-040,ISRO_MOCK,CMOS_LOGIC,HEX_INVERTER,CERAMIC_FP,0,125,1.5,2919.693,417.391,260.66,0.0,BORDERLINE,NONE,0,1,synthetic,semiconductor_synthetic,physics_RD_power_law,0.1
COMP-SYN-040-080,LOT-SYN-040,ISRO_MOCK,CMOS_LOGIC,HEX_INVERTER,CERAMIC_FP,24,125,1.5,2849.378,420.452,268.29,0.1452,BORDERLINE,NONE,0,1,synthetic,semiconductor_synthetic,physics_RD_power_law,0.1
COMP-SYN-040-080,LOT-SYN-040,ISRO_MOCK,CMOS_LOGIC,HEX_INVERTER,CERAMIC_FP,96,125,1.5,2851.555,409.118,272.57,0.1916,BORDERLINE,NONE,0,1,synthetic,semiconductor_synthetic,physics_RD_power_law,0.1
COMP-SYN-040-080,LOT-SYN-040,ISRO_MOCK,CMOS_LOGIC,HEX_INVERTER,CERAMIC_FP,168,125,1.5,2937.124,409.16,270.8,0.2143,BORDERLINE,NONE,0,1,synthetic,semiconductor_synthetic,physics_RD_power_law,0.1
COMP-SYN-040-081,LOT-SYN-040,ISRO_MOCK,CMOS_LOGIC,HEX_INVERTER,CERAMIC_FP,0,125,1.5,2047.429,300.695,180.32,0.0,HEALTHY,NONE,0,1,synthetic,semiconductor_synthetic,physics_RD_power_law,0.1
COMP-SYN-040-081,LOT-SYN-040,ISRO_MOCK,CMOS_LOGIC,HEX_INVERTER,CERAMIC_FP,24,125,1.5,2029.752,296.183,185.7,0.1452,HEALTHY,NONE,0,1,synthetic,semiconductor_synthetic,physics_RD_power_law,0.1
COMP-SYN-040-081,LOT-SYN-040,ISRO_MOCK,CMOS_LOGIC,HEX_INVERTER,CERAMIC_FP,96,125,1.5,2014.415,300.876,193.76,0.1916,HEALTHY,NONE,0,1,synthetic,semiconductor_synthetic,physics_RD_power_law,0.1
COMP-SYN-040-081,LOT-SYN-040,ISRO_MOCK,CMOS_LOGIC,HEX_INVERTER,CERAMIC_FP,168,125,1.5,2051.102,301.333,188.61,0.2143,HEALTHY,NONE,0,1,synthetic,semiconductor_synthetic,physics_RD_power_law,0.1
COMP-SYN-040-082,LOT-SYN-040,ISRO_MOCK,CMOS_LOGIC,HEX_INVERTER,CERAMIC_FP,0,125,1.5,2090.422,282.192,194.56,0.0,HEALTHY,NONE,0,1,synthetic,semiconductor_synthetic,physics_RD_power_law,0.1
COMP-SYN-040-082,LOT-SYN-040,ISRO_MOCK,CMOS_LOGIC,HEX_INVERTER,CERAMIC_FP,24,125,1.5,2044.749,274.123,198.68,0.1452,HEALTHY,NONE,0,1,synthetic,semiconductor_synthetic,physics_RD_power_law,0.1
COMP-SYN-040-082,LOT-SYN-040,ISRO_MOCK,CMOS_LOGIC,HEX_INVERTER,CERAMIC_FP,96,125,1.5,2012.882,271.185,200.65,0.1916,HEALTHY,NONE,0,1,synthetic,semiconductor_synthetic,physics_RD_power_law,0.1
COMP-SYN-040-082,LOT-SYN-040,ISRO_MOCK,CMOS_LOGIC,HEX_INVERTER,CERAMIC_FP,168,125,1.5,2068.037,273.177,201.98,0.2143,HEALTHY,NONE,0,1,synthetic,semiconductor_synthetic,physics_RD_power_law,0.1
COMP-SYN-040-083,LOT-SYN-040,ISRO_MOCK,CMOS_LOGIC,HEX_INVERTER,CERAMIC_FP,0,125,1.5,2061.657,301.429,184.48,0.0,HEALTHY,NONE,0,1,synthetic,semiconductor_synthetic,physics_RD_power_law,0.1
COMP-SYN-040-083,LOT-SYN-040,ISRO_MOCK,CMOS_LOGIC,HEX_INVERTER,CERAMIC_FP,24,125,1.5,2027.908,294.694,190.61,0.1452,HEALTHY,NONE,0,1,synthetic,semiconductor_synthetic,physics_RD_power_law,0.1
COMP-SYN-040-083,LOT-SYN-040,ISRO_MOCK,CMOS_LOGIC,HEX_INVERTER,CERAMIC_FP,96,125,1.5,2037.571,294.873,191.61,0.1916,HEALTHY,NONE,0,1,synthetic,semiconductor_synthetic,physics_RD_power_law,0.1
COMP-SYN-040-083,LOT-SYN-040,ISRO_MOCK,CMOS_LOGIC,HEX_INVERTER,CERAMIC_FP,168,125,1.5,2012.053,297.155,191.7,0.2143,HEALTHY,NONE,0,1,synthetic,semiconductor_synthetic,physics_RD_power_law,0.1
COMP-SYN-040-084,LOT-SYN-040,ISRO_MOCK,CMOS_LOGIC,HEX_INVERTER,CERAMIC_FP,0,125,1.5,2124.672,292.758,183.77,0.0,HEALTHY,NONE,0,1,synthetic,semiconductor_synthetic,physics_RD_power_law,0.1
COMP-SYN-040-084,LOT-SYN-040,ISRO_MOCK,CMOS_LOGIC,HEX_INVERTER,CERAMIC_FP,24,125,1.5,2184.015,295.618,193.45,0.1452,HEALTHY,NONE,0,1,synthetic,semiconductor_synthetic,physics_RD_power_law,0.1
COMP-SYN-040-084,LOT-SYN-040,ISRO_MOCK,CMOS_LOGIC,HEX_INVERTER,CERAMIC_FP,96,125,1.5,2182.399,290.799,191.0,0.1916,HEALTHY,NONE,0,1,synthetic,semiconductor_synthetic,physics_RD_power_law,0.1
COMP-SYN-040-084,LOT-SYN-040,ISRO_MOCK,CMOS_LOGIC,HEX_INVERTER,CERAMIC_FP,168,125,1.5,2165.484,287.301,194.66,0.2143,HEALTHY,NONE,0,1,synthetic,semiconductor_synthetic,physics_RD_power_law,0.1
COMP-SYN-040-085,LOT-SYN-040,ISRO_MOCK,CMOS_LOGIC,HEX_INVERTER,CERAMIC_FP,0,125,1.5,2021.388,281.875,178.89,0.0,HEALTHY,NONE,0,1,synthetic,semiconductor_synthetic,physics_RD_power_law,0.1
COMP-SYN-040-085,LOT-SYN-040,ISRO_MOCK,CMOS_LOGIC,HEX_INVERTER,CERAMIC_FP,24,125,1.5,2006.244,272.712,189.62,0.1452,HEALTHY,NONE,0,1,synthetic,semiconductor_synthetic,physics_RD_power_law,0.1
COMP-SYN-040-085,LOT-SYN-040,ISRO_MOCK,CMOS_LOGIC,HEX_INVERTER,CERAMIC_FP,96,125,1.5,2011.497,275.911,191.55,0.1916,HEALTHY,NONE,0,1,synthetic,semiconductor_synthetic,physics_RD_power_law,0.1
COMP-SYN-040-085,LOT-SYN-040,ISRO_MOCK,CMOS_LOGIC,HEX_INVERTER,CERAMIC_FP,168,125,1.5,1983.514,274.414,194.34,0.2143,HEALTHY,NONE,0,1,synthetic,semiconductor_synthetic,physics_RD_power_law,0.1
COMP-SYN-040-086,LOT-SYN-040,ISRO_MOCK,CMOS_LOGIC,HEX_INVERTER,CERAMIC_FP,0,125,1.5,2139.76,294.725,177.12,0.0,HEALTHY,NONE,0,1,synthetic,semiconductor_synthetic,physics_RD_power_law,0.1
COMP-SYN-040-086,LOT-SYN-040,ISRO_MOCK,CMOS_LOGIC,HEX_INVERTER,CERAMIC_FP,24,125,1.5,2109.572,297.754,181.85,0.1452,HEALTHY,NONE,0,1,synthetic,semiconductor_synthetic,physics_RD_power_law,0.1
COMP-SYN-040-086,LOT-SYN-040,ISRO_MOCK,CMOS_LOGIC,HEX_INVERTER,CERAMIC_FP,96,125,1.5,2135.428,297.297,186.43,0.1916,HEALTHY,NONE,0,1,synthetic,semiconductor_synthetic,physics_RD_power_law,0.1
COMP-SYN-040-086,LOT-SYN-040,ISRO_MOCK,CMOS_LOGIC,HEX_INVERTER,CERAMIC_FP,168,125,1.5,2132.09,299.314,185.44,0.2143,HEALTHY,NONE,0,1,synthetic,semiconductor_synthetic,physics_RD_power_law,0.1
COMP-SYN-040-087,LOT-SYN-040,ISRO_MOCK,CMOS_LOGIC,HEX_INVERTER,CERAMIC_FP,0,125,1.5,2095.581,284.959,185.45,0.0,HEALTHY,NONE,0,1,synthetic,semiconductor_synthetic,physics_RD_power_law,0.1
COMP-SYN-040-087,LOT-SYN-040,ISRO_MOCK,CMOS_LOGIC,HEX_INVERTER,CERAMIC_FP,24,125,1.5,2087.155,285.275,188.81,0.1452,HEALTHY,NONE,0,1,synthetic,semiconductor_synthetic,physics_RD_power_law,0.1
COMP-SYN-040-087,LOT-SYN-040,ISRO_MOCK,CMOS_LOGIC,HEX_INVERTER,CERAMIC_FP,96,125,1.5,2074.205,282.66,192.34,0.1916,HEALTHY,NONE,0,1,synthetic,semiconductor_synthetic,physics_RD_power_law,0.1
COMP-SYN-040-087,LOT-SYN-040,ISRO_MOCK,CMOS_LOGIC,HEX_INVERTER,CERAMIC_FP,168,125,1.5,2107.63,281.476,195.37,0.2143,HEALTHY,NONE,0,1,synthetic,semiconductor_synthetic,physics_RD_power_law,0.1
COMP-SYN-040-088,LOT-SYN-040,ISRO_MOCK,CMOS_LOGIC,HEX_INVERTER,CERAMIC_FP,0,125,1.5,2051.74,287.439,183.07,0.0,HEALTHY,NONE,0,1,synthetic,semiconductor_synthetic,physics_RD_power_law,0.1
COMP-SYN-040-088,LOT-SYN-040,ISRO_MOCK,CMOS_LOGIC,HEX_INVERTER,CERAMIC_FP,24,125,1.5,2047.827,287.552,195.45,0.1452,HEALTHY,NONE,0,1,synthetic,semiconductor_synthetic,physics_RD_power_law,0.1
COMP-SYN-040-088,LOT-SYN-040,ISRO_MOCK,CMOS_LOGIC,HEX_INVERTER,CERAMIC_FP,96,125,1.5,2035.838,289.141,193.79,0.1916,HEALTHY,NONE,0,1,synthetic,semiconductor_synthetic,physics_RD_power_law,0.1
COMP-SYN-040-088,LOT-SYN-040,ISRO_MOCK,CMOS_LOGIC,HEX_INVERTER,CERAMIC_FP,168,125,1.5,2004.026,285.356,196.23,0.2143,HEALTHY,NONE,0,1,synthetic,semiconductor_synthetic,physics_RD_power_law,0.1
COMP-SYN-040-089,LOT-SYN-040,ISRO_MOCK,CMOS_LOGIC,HEX_INVERTER,CERAMIC_FP,0,125,1.5,2084.518,291.021,181.35,0.0,HEALTHY,NONE,0,1,synthetic,semiconductor_synthetic,physics_RD_power_law,0.1
COMP-SYN-040-089,LOT-SYN-040,ISRO_MOCK,CMOS_LOGIC,HEX_INVERTER,CERAMIC_FP,24,125,1.5,2064.194,292.355,188.81,0.1452,HEALTHY,NONE,0,1,synthetic,semiconductor_synthetic,physics_RD_power_law,0.1
COMP-SYN-040-089,LOT-SYN-040,ISRO_MOCK,CMOS_LOGIC,HEX_INVERTER,CERAMIC_FP,96,125,1.5,2050.296,288.097,190.75,0.1916,HEALTHY,NONE,0,1,synthetic,semiconductor_synthetic,physics_RD_power_law,0.1
COMP-SYN-040-089,LOT-SYN-040,ISRO_MOCK,CMOS_LOGIC,HEX_INVERTER,CERAMIC_FP,168,125,1.5,2051.739,291.057,188.28,0.2143,HEALTHY,NONE,0,1,synthetic,semiconductor_synthetic,physics_RD_power_law,0.1
COMP-SYN-040-090,LOT-SYN-040,ISRO_MOCK,CMOS_LOGIC,HEX_INVERTER,CERAMIC_FP,0,125,1.5,2126.798,304.742,178.36,0.0,HEALTHY,NONE,0,1,synthetic,semiconductor_synthetic,physics_RD_power_law,0.1
COMP-SYN-040-090,LOT-SYN-040,ISRO_MOCK,CMOS_LOGIC,HEX_INVERTER,CERAMIC_FP,24,125,1.5,2163.499,298.083,186.48,0.1452,HEALTHY,NONE,0,1,synthetic,semiconductor_synthetic,physics_RD_power_law,0.1
COMP-SYN-040-090,LOT-SYN-040,ISRO_MOCK,CMOS_LOGIC,HEX_INVERTER,CERAMIC_FP,96,125,1.5,2175.726,301.108,186.38,0.1916,HEALTHY,NONE,0,1,synthetic,semiconductor_synthetic,physics_RD_power_law,0.1
COMP-SYN-040-090,LOT-SYN-040,ISRO_MOCK,CMOS_LOGIC,HEX_INVERTER,CERAMIC_FP,168,125,1.5,2122.962,301.094,187.27,0.2143,HEALTHY,NONE,0,1,synthetic,semiconductor_synthetic,physics_RD_power_law,0.1
COMP-SYN-040-091,LOT-SYN-040,ISRO_MOCK,CMOS_LOGIC,HEX_INVERTER,CERAMIC_FP,0,125,1.5,1946.257,296.317,187.14,0.0,HEALTHY,NONE,0,1,synthetic,semiconductor_synthetic,physics_RD_power_law,0.1
COMP-SYN-040-091,LOT-SYN-040,ISRO_MOCK,CMOS_LOGIC,HEX_INVERTER,CERAMIC_FP,24,125,1.5,1904.741,290.15,193.55,0.1452,HEALTHY,NONE,0,1,synthetic,semiconductor_synthetic,physics_RD_power_law,0.1
COMP-SYN-040-091,LOT-SYN-040,ISRO_MOCK,CMOS_LOGIC,HEX_INVERTER,CERAMIC_FP,96,125,1.5,1926.904,292.18,193.66,0.1916,HEALTHY,NONE,0,1,synthetic,semiconductor_synthetic,physics_RD_power_law,0.1
COMP-SYN-040-091,LOT-SYN-040,ISRO_MOCK,CMOS_LOGIC,HEX_INVERTER,CERAMIC_FP,168,125,1.5,1896.249,293.181,196.02,0.2143,HEALTHY,NONE,0,1,synthetic,semiconductor_synthetic,physics_RD_power_law,0.1
COMP-SYN-040-092,LOT-SYN-040,ISRO_MOCK,CMOS_LOGIC,HEX_INVERTER,CERAMIC_FP,0,125,1.5,2169.069,282.915,182.76,0.0,HEALTHY,NONE,0,1,synthetic,semiconductor_synthetic,physics_RD_power_law,0.1
COMP-SYN-040-092,LOT-SYN-040,ISRO_MOCK,CMOS_LOGIC,HEX_INVERTER,CERAMIC_FP,24,125,1.5,2154.274,279.886,191.39,0.1452,HEALTHY,NONE,0,1,synthetic,semiconductor_synthetic,physics_RD_power_law,0.1
COMP-SYN-040-092,LOT-SYN-040,ISRO_MOCK,CMOS_LOGIC,HEX_INVERTER,CERAMIC_FP,96,125,1.5,2143.963,275.951,193.75,0.1916,HEALTHY,NONE,0,1,synthetic,semiconductor_synthetic,physics_RD_power_law,0.1
COMP-SYN-040-092,LOT-SYN-040,ISRO_MOCK,CMOS_LOGIC,HEX_INVERTER,CERAMIC_FP,168,125,1.5,2168.968,279.325,195.73,0.2143,HEALTHY,NONE,0,1,synthetic,semiconductor_synthetic,physics_RD_power_law,0.1
COMP-SYN-040-093,LOT-SYN-040,ISRO_MOCK,CMOS_LOGIC,HEX_INVERTER,CERAMIC_FP,0,125,1.5,2110.669,305.788,185.88,0.0,HEALTHY,NONE,0,1,synthetic,semiconductor_synthetic,physics_RD_power_law,0.1
COMP-SYN-040-093,LOT-SYN-040,ISRO_MOCK,CMOS_LOGIC,HEX_INVERTER,CERAMIC_FP,24,125,1.5,2130.629,302.488,189.05,0.1452,HEALTHY,NONE,0,1,synthetic,semiconductor_synthetic,physics_RD_power_law,0.1
COMP-SYN-040-093,LOT-SYN-040,ISRO_MOCK,CMOS_LOGIC,HEX_INVERTER,CERAMIC_FP,96,125,1.5,2111.482,303.328,194.52,0.1916,HEALTHY,NONE,0,1,synthetic,semiconductor_synthetic,physics_RD_power_law,0.1
COMP-SYN-040-093,LOT-SYN-040,ISRO_MOCK,CMOS_LOGIC,HEX_INVERTER,CERAMIC_FP,168,125,1.5,2121.497,302.925,195.94,0.2143,HEALTHY,NONE,0,1,synthetic,semiconductor_synthetic,physics_RD_power_law,0.1
COMP-SYN-040-094,LOT-SYN-040,ISRO_MOCK,CMOS_LOGIC,HEX_INVERTER,CERAMIC_FP,0,125,1.5,2161.38,306.945,187.02,0.0,HEALTHY,NONE,0,1,synthetic,semiconductor_synthetic,physics_RD_power_law,0.1
COMP-SYN-040-094,LOT-SYN-040,ISRO_MOCK,CMOS_LOGIC,HEX_INVERTER,CERAMIC_FP,24,125,1.5,2193.475,300.478,197.83,0.1452,HEALTHY,NONE,0,1,synthetic,semiconductor_synthetic,physics_RD_power_law,0.1
COMP-SYN-040-094,LOT-SYN-040,ISRO_MOCK,CMOS_LOGIC,HEX_INVERTER,CERAMIC_FP,96,125,1.5,2155.472,301.009,196.07,0.1916,HEALTHY,NONE,0,1,synthetic,semiconductor_synthetic,physics_RD_power_law,0.1
COMP-SYN-040-094,LOT-SYN-040,ISRO_MOCK,CMOS_LOGIC,HEX_INVERTER,CERAMIC_FP,168,125,1.5,2136.845,302.816,194.56,0.2143,HEALTHY,NONE,0,1,synthetic,semiconductor_synthetic,physics_RD_power_law,0.1
COMP-SYN-040-095,LOT-SYN-040,ISRO_MOCK,CMOS_LOGIC,HEX_INVERTER,CERAMIC_FP,0,125,1.5,1987.874,314.936,179.01,0.0,HEALTHY,NONE,0,1,synthetic,semiconductor_synthetic,physics_RD_power_law,0.1
COMP-SYN-040-095,LOT-SYN-040,ISRO_MOCK,CMOS_LOGIC,HEX_INVERTER,CERAMIC_FP,24,125,1.5,1956.602,315.585,185.8,0.1452,HEALTHY,NONE,0,1,synthetic,semiconductor_synthetic,physics_RD_power_law,0.1
COMP-SYN-040-095,LOT-SYN-040,ISRO_MOCK,CMOS_LOGIC,HEX_INVERTER,CERAMIC_FP,96,125,1.5,1999.144,314.383,186.82,0.1916,HEALTHY,NONE,0,1,synthetic,semiconductor_synthetic,physics_RD_power_law,0.1
COMP-SYN-040-095,LOT-SYN-040,ISRO_MOCK,CMOS_LOGIC,HEX_INVERTER,CERAMIC_FP,168,125,1.5,1938.149,312.576,191.13,0.2143,HEALTHY,NONE,0,1,synthetic,semiconductor_synthetic,physics_RD_power_law,0.1
COMP-SYN-040-096,LOT-SYN-040,ISRO_MOCK,CMOS_LOGIC,HEX_INVERTER,CERAMIC_FP,0,125,1.5,1952.788,309.632,188.74,0.0,HEALTHY,NONE,0,1,synthetic,semiconductor_synthetic,physics_RD_power_law,0.1
COMP-SYN-040-096,LOT-SYN-040,ISRO_MOCK,CMOS_LOGIC,HEX_INVERTER,CERAMIC_FP,24,125,1.5,1950.02,312.045,197.59,0.1452,HEALTHY,NONE,0,1,synthetic,semiconductor_synthetic,physics_RD_power_law,0.1
COMP-SYN-040-096,LOT-SYN-040,ISRO_MOCK,CMOS_LOGIC,HEX_INVERTER,CERAMIC_FP,96,125,1.5,1942.07,305.752,197.39,0.1916,HEALTHY,NONE,0,1,synthetic,semiconductor_synthetic,physics_RD_power_law,0.1
COMP-SYN-040-096,LOT-SYN-040,ISRO_MOCK,CMOS_LOGIC,HEX_INVERTER,CERAMIC_FP,168,125,1.5,1946.08,308.948,195.3,0.2143,HEALTHY,NONE,0,1,synthetic,semiconductor_synthetic,physics_RD_power_law,0.1
COMP-SYN-040-097,LOT-SYN-040,ISRO_MOCK,CMOS_LOGIC,HEX_INVERTER,CERAMIC_FP,0,125,1.5,2089.037,295.956,188.46,0.0,HEALTHY,NONE,0,1,synthetic,semiconductor_synthetic,physics_RD_power_law,0.1
COMP-SYN-040-097,LOT-SYN-040,ISRO_MOCK,CMOS_LOGIC,HEX_INVERTER,CERAMIC_FP,24,125,1.5,2068.215,289.519,196.97,0.1452,HEALTHY,NONE,0,1,synthetic,semiconductor_synthetic,physics_RD_power_law,0.1
COMP-SYN-040-097,LOT-SYN-040,ISRO_MOCK,CMOS_LOGIC,HEX_INVERTER,CERAMIC_FP,96,125,1.5,2065.99,292.56,196.5,0.1916,HEALTHY,NONE,0,1,synthetic,semiconductor_synthetic,physics_RD_power_law,0.1
COMP-SYN-040-097,LOT-SYN-040,ISRO_MOCK,CMOS_LOGIC,HEX_INVERTER,CERAMIC_FP,168,125,1.5,2113.508,289.495,196.59,0.2143,HEALTHY,NONE,0,1,synthetic,semiconductor_synthetic,physics_RD_power_law,0.1
COMP-SYN-040-098,LOT-SYN-040,ISRO_MOCK,CMOS_LOGIC,HEX_INVERTER,CERAMIC_FP,0,125,1.5,2064.253,291.781,182.65,0.0,HEALTHY,NONE,0,1,synthetic,semiconductor_synthetic,physics_RD_power_law,0.1
COMP-SYN-040-098,LOT-SYN-040,ISRO_MOCK,CMOS_LOGIC,HEX_INVERTER,CERAMIC_FP,24,125,1.5,2099.846,295.491,188.68,0.1452,HEALTHY,NONE,0,1,synthetic,semiconductor_synthetic,physics_RD_power_law,0.1
COMP-SYN-040-098,LOT-SYN-040,ISRO_MOCK,CMOS_LOGIC,HEX_INVERTER,CERAMIC_FP,96,125,1.5,2070.96,295.403,190.89,0.1916,HEALTHY,NONE,0,1,synthetic,semiconductor_synthetic,physics_RD_power_law,0.1
COMP-SYN-040-098,LOT-SYN-040,ISRO_MOCK,CMOS_LOGIC,HEX_INVERTER,CERAMIC_FP,168,125,1.5,2074.188,293.39,189.42,0.2143,HEALTHY,NONE,0,1,synthetic,semiconductor_synthetic,physics_RD_power_law,0.1
COMP-SYN-040-099,LOT-SYN-040,ISRO_MOCK,CMOS_LOGIC,HEX_INVERTER,CERAMIC_FP,0,125,1.5,2157.48,296.851,187.8,0.0,HEALTHY,NONE,0,1,synthetic,semiconductor_synthetic,physics_RD_power_law,0.1
COMP-SYN-040-099,LOT-SYN-040,ISRO_MOCK,CMOS_LOGIC,HEX_INVERTER,CERAMIC_FP,24,125,1.5,2122.849,296.955,194.33,0.1452,HEALTHY,NONE,0,1,synthetic,semiconductor_synthetic,physics_RD_power_law,0.1
COMP-SYN-040-099,LOT-SYN-040,ISRO_MOCK,CMOS_LOGIC,HEX_INVERTER,CERAMIC_FP,96,125,1.5,2132.595,294.482,195.0,0.1916,HEALTHY,NONE,0,1,synthetic,semiconductor_synthetic,physics_RD_power_law,0.1
COMP-SYN-040-099,LOT-SYN-040,ISRO_MOCK,CMOS_LOGIC,HEX_INVERTER,CERAMIC_FP,168,125,1.5,2075.32,295.502,200.93,0.2143,HEALTHY,NONE,0,1,synthetic,semiconductor_synthetic,physics_RD_power_law,0.1
COMP-SYN-040-100,LOT-SYN-040,ISRO_MOCK,CMOS_LOGIC,HEX_INVERTER,CERAMIC_FP,0,125,1.5,1870.572,293.504,184.4,0.0,HEALTHY,NONE,0,1,synthetic,semiconductor_synthetic,physics_RD_power_law,0.1
COMP-SYN-040-100,LOT-SYN-040,ISRO_MOCK,CMOS_LOGIC,HEX_INVERTER,CERAMIC_FP,24,125,1.5,1858.525,292.014,191.87,0.1452,HEALTHY,NONE,0,1,synthetic,semiconductor_synthetic,physics_RD_power_law,0.1
COMP-SYN-040-100,LOT-SYN-040,ISRO_MOCK,CMOS_LOGIC,HEX_INVERTER,CERAMIC_FP,96,125,1.5,1858.019,288.928,192.1,0.1916,HEALTHY,NONE,0,1,synthetic,semiconductor_synthetic,physics_RD_power_law,0.1
COMP-SYN-040-100,LOT-SYN-040,ISRO_MOCK,CMOS_LOGIC,HEX_INVERTER,CERAMIC_FP,168,125,1.5,1864.826,295.171,192.52,0.2143,HEALTHY,NONE,0,1,synthetic,semiconductor_synthetic,physics_RD_power_law,0.1
COMP-SYN-041-001,LOT-SYN-041,ISRO_MOCK,CMOS_LOGIC,HEX_INVERTER,CERAMIC_FP,0,125,1.5,2245.007,334.74,179.98,0.0,HEALTHY,NONE,0,1,synthetic,semiconductor_synthetic,physics_RD_power_law,0.1
COMP-SYN-041-001,LOT-SYN-041,ISRO_MOCK,CMOS_LOGIC,HEX_INVERTER,CERAMIC_FP,24,125,1.5,2177.714,336.807,183.54,0.1452,HEALTHY,NONE,0,1,synthetic,semiconductor_synthetic,physics_RD_power_law,0.1
COMP-SYN-041-001,LOT-SYN-041,ISRO_MOCK,CMOS_LOGIC,HEX_INVERTER,CERAMIC_FP,96,125,1.5,2186.175,340.788,187.95,0.1916,HEALTHY,NONE,0,1,synthetic,semiconductor_synthetic,physics_RD_power_law,0.1
COMP-SYN-041-001,LOT-SYN-041,ISRO_MOCK,CMOS_LOGIC,HEX_INVERTER,CERAMIC_FP,168,125,1.5,2200.817,344.898,191.86,0.2143,HEALTHY,NONE,0,1,synthetic,semiconductor_synthetic,physics_RD_power_law,0.1
COMP-SYN-041-002,LOT-SYN-041,ISRO_MOCK,CMOS_LOGIC,HEX_INVERTER,CERAMIC_FP,0,125,1.5,2230.399,317.561,182.88,0.0,HEALTHY,NONE,0,1,synthetic,semiconductor_synthetic,physics_RD_power_law,0.1
COMP-SYN-041-002,LOT-SYN-041,ISRO_MOCK,CMOS_LOGIC,HEX_INVERTER,CERAMIC_FP,24,125,1.5,2170.269,310.01,191.38,0.1452,HEALTHY,NONE,0,1,synthetic,semiconductor_synthetic,physics_RD_power_law,0.1
COMP-SYN-041-002,LOT-SYN-041,ISRO_MOCK,CMOS_LOGIC,HEX_INVERTER,CERAMIC_FP,96,125,1.5,2207.342,309.552,192.18,0.1916,HEALTHY,NONE,0,1,synthetic,semiconductor_synthetic,physics_RD_power_law,0.1
COMP-SYN-041-002,LOT-SYN-041,ISRO_MOCK,CMOS_LOGIC,HEX_INVERTER,CERAMIC_FP,168,125,1.5,2252.49,313.4,192.08,0.2143,HEALTHY,NONE,0,1,synthetic,semiconductor_synthetic,physics_RD_power_law,0.1
COMP-SYN-041-003,LOT-SYN-041,ISRO_MOCK,CMOS_LOGIC,HEX_INVERTER,CERAMIC_FP,0,125,1.5,2240.134,334.267,177.18,0.0,HEALTHY,NONE,0,1,synthetic,semiconductor_synthetic,physics_RD_power_law,0.1
COMP-SYN-041-003,LOT-SYN-041,ISRO_MOCK,CMOS_LOGIC,HEX_INVERTER,CERAMIC_FP,24,125,1.5,2246.614,331.65,191.16,0.1452,HEALTHY,NONE,0,1,synthetic,semiconductor_synthetic,physics_RD_power_law,0.1
COMP-SYN-041-003,LOT-SYN-041,ISRO_MOCK,CMOS_LOGIC,HEX_INVERTER,CERAMIC_FP,96,125,1.5,2252.541,325.161,186.59,0.1916,HEALTHY,NONE,0,1,synthetic,semiconductor_synthetic,physics_RD_power_law,0.1
COMP-SYN-041-003,LOT-SYN-041,ISRO_MOCK,CMOS_LOGIC,HEX_INVERTER,CERAMIC_FP,168,125,1.5,2229.716,330.989,189.28,0.2143,HEALTHY,NONE,0,1,synthetic,semiconductor_synthetic,physics_RD_power_law,0.1
COMP-SYN-041-004,LOT-SYN-041,ISRO_MOCK,CMOS_LOGIC,HEX_INVERTER,CERAMIC_FP,0,125,1.5,2107.088,312.209,184.21,0.0,HEALTHY,NONE,0,1,synthetic,semiconductor_synthetic,physics_RD_power_law,0.1
COMP-SYN-041-004,LOT-SYN-041,ISRO_MOCK,CMOS_LOGIC,HEX_INVERTER,CERAMIC_FP,24,125,1.5,2136.174,312.183,192.46,0.1452,HEALTHY,NONE,0,1,synthetic,semiconductor_synthetic,physics_RD_power_law,0.1
COMP-SYN-041-004,LOT-SYN-041,ISRO_MOCK,CMOS_LOGIC,HEX_INVERTER,CERAMIC_FP,96,125,1.5,2089.425,313.514,189.95,0.1916,HEALTHY,NONE,0,1,synthetic,semiconductor_synthetic,physics_RD_power_law,0.1
COMP-SYN-041-004,LOT-SYN-041,ISRO_MOCK,CMOS_LOGIC,HEX_INVERTER,CERAMIC_FP,168,125,1.5,2040.659,312.229,191.27,0.2143,HEALTHY,NONE,0,1,synthetic,semiconductor_synthetic,physics_RD_power_law,0.1
COMP-SYN-041-005,LOT-SYN-041,ISRO_MOCK,CMOS_LOGIC,HEX_INVERTER,CERAMIC_FP,0,125,1.5,1977.341,336.441,192.56,0.0,HEALTHY,NONE,0,1,synthetic,semiconductor_synthetic,physics_RD_power_law,0.1
COMP-SYN-041-005,LOT-SYN-041,ISRO_MOCK,CMOS_LOGIC,HEX_INVERTER,CERAMIC_FP,24,125,1.5,1976.998,331.6,201.43,0.1452,HEALTHY,NONE,0,1,synthetic,semiconductor_synthetic,physics_RD_power_law,0.1
COMP-SYN-041-005,LOT-SYN-041,ISRO_MOCK,CMOS_LOGIC,HEX_INVERTER,CERAMIC_FP,96,125,1.5,1984.617,327.479,200.82,0.1916,HEALTHY,NONE,0,1,synthetic,semiconductor_synthetic,physics_RD_power_law,0.1
COMP-SYN-041-005,LOT-SYN-041,ISRO_MOCK,CMOS_LOGIC,HEX_INVERTER,CERAMIC_FP,168,125,1.5,1952.761,332.186,204.5,0.2143,HEALTHY,NONE,0,1,synthetic,semiconductor_synthetic,physics_RD_power_law,0.1
COMP-SYN-041-006,LOT-SYN-041,ISRO_MOCK,CMOS_LOGIC,HEX_INVERTER,CERAMIC_FP,0,125,1.5,2068.931,315.05,190.96,0.0,LATENT_DEFECT,GATE_OXIDE_SHORT,1,1,synthetic,semiconductor_synthetic,physics_RD_power_law,0.1
COMP-SYN-041-006,LOT-SYN-041,ISRO_MOCK,CMOS_LOGIC,HEX_INVERTER,CERAMIC_FP,24,125,1.5,2000.079,306.142,219.26,0.581,LATENT_DEFECT,GATE_OXIDE_SHORT,1,1,synthetic,semiconductor_synthetic,physics_RD_power_law,0.1
COMP-SYN-041-006,LOT-SYN-041,ISRO_MOCK,CMOS_LOGIC,HEX_INVERTER,CERAMIC_FP,96,125,1.5,1963.997,315.324,224.41,0.7666,LATENT_DEFECT,GATE_OXIDE_SHORT,1,1,synthetic,semiconductor_synthetic,physics_RD_power_law,0.1
COMP-SYN-041-006,LOT-SYN-041,ISRO_MOCK,CMOS_LOGIC,HEX_INVERTER,CERAMIC_FP,168,125,1.5,1980.73,320.828,231.76,0.8574,LATENT_DEFECT,GATE_OXIDE_SHORT,1,1,synthetic,semiconductor_synthetic,physics_RD_power_law,0.1
COMP-SYN-041-007,LOT-SYN-041,ISRO_MOCK,CMOS_LOGIC,HEX_INVERTER,CERAMIC_FP,0,125,1.5,2269.41,332.735,181.19,0.0,HEALTHY,NONE,0,1,synthetic,semiconductor_synthetic,physics_RD_power_law,0.1
COMP-SYN-041-007,LOT-SYN-041,ISRO_MOCK,CMOS_LOGIC,HEX_INVERTER,CERAMIC_FP,24,125,1.5,2276.865,331.714,188.79,0.1452,HEALTHY,NONE,0,1,synthetic,semiconductor_synthetic,physics_RD_power_law,0.1
COMP-SYN-041-007,LOT-SYN-041,ISRO_MOCK,CMOS_LOGIC,HEX_INVERTER,CERAMIC_FP,96,125,1.5,2250.361,337.322,190.03,0.1916,HEALTHY,NONE,0,1,synthetic,semiconductor_synthetic,physics_RD_power_law,0.1
COMP-SYN-041-007,LOT-SYN-041,ISRO_MOCK,CMOS_LOGIC,HEX_INVERTER,CERAMIC_FP,168,125,1.5,2255.168,329.893,191.56,0.2143,HEALTHY,NONE,0,1,synthetic,semiconductor_synthetic,physics_RD_power_law,0.1
COMP-SYN-041-008,LOT-SYN-041,ISRO_MOCK,CMOS_LOGIC,HEX_INVERTER,CERAMIC_FP,0,125,1.5,2149.058,314.092,186.05,0.0,HEALTHY,NONE,0,1,synthetic,semiconductor_synthetic,physics_RD_power_law,0.1
COMP-SYN-041-008,LOT-SYN-041,ISRO_MOCK,CMOS_LOGIC,HEX_INVERTER,CERAMIC_FP,24,125,1.5,2118.832,323.26,191.81,0.1452,HEALTHY,NONE,0,1,synthetic,semiconductor_synthetic,physics_RD_power_law,0.1
COMP-SYN-041-008,LOT-SYN-041,ISRO_MOCK,CMOS_LOGIC,HEX_INVERTER,CERAMIC_FP,96,125,1.5,2108.393,324.964,196.16,0.1916,HEALTHY,NONE,0,1,synthetic,semiconductor_synthetic,physics_RD_power_law,0.1
COMP-SYN-041-008,LOT-SYN-041,ISRO_MOCK,CMOS_LOGIC,HEX_INVERTER,CERAMIC_FP,168,125,1.5,2119.811,319.35,195.84,0.2143,HEALTHY,NONE,0,1,synthetic,semiconductor_synthetic,physics_RD_power_law,0.1
COMP-SYN-041-009,LOT-SYN-041,ISRO_MOCK,CMOS_LOGIC,HEX_INVERTER,CERAMIC_FP,0,125,1.5,2279.508,318.052,188.62,0.0,HEALTHY,NONE,0,1,synthetic,semiconductor_synthetic,physics_RD_power_law,0.1
COMP-SYN-041-009,LOT-SYN-041,ISRO_MOCK,CMOS_LOGIC,HEX_INVERTER,CERAMIC_FP,24,125,1.5,2257.353,320.176,193.18,0.1452,HEALTHY,NONE,0,1,synthetic,semiconductor_synthetic,physics_RD_power_law,0.1
COMP-SYN-041-009,LOT-SYN-041,ISRO_MOCK,CMOS_LOGIC,HEX_INVERTER,CERAMIC_FP,96,125,1.5,2285.711,317.227,195.89,0.1916,HEALTHY,NONE,0,1,synthetic,semiconductor_synthetic,physics_RD_power_law,0.1
COMP-SYN-041-009,LOT-SYN-041,ISRO_MOCK,CMOS_LOGIC,HEX_INVERTER,CERAMIC_FP,168,125,1.5,2280.121,312.172,200.36,0.2143,HEALTHY,NONE,0,1,synthetic,semiconductor_synthetic,physics_RD_power_law,0.1
COMP-SYN-041-010,LOT-SYN-041,ISRO_MOCK,CMOS_LOGIC,HEX_INVERTER,CERAMIC_FP,0,125,1.5,2753.157,441.818,257.87,0.0,BORDERLINE,NONE,0,1,synthetic,semiconductor_synthetic,physics_RD_power_law,0.1
COMP-SYN-041-010,LOT-SYN-041,ISRO_MOCK,CMOS_LOGIC,HEX_INVERTER,CERAMIC_FP,24,125,1.5,2771.822,436.491,269.68,0.1452,BORDERLINE,NONE,0,1,synthetic,semiconductor_synthetic,physics_RD_power_law,0.1
COMP-SYN-041-010,LOT-SYN-041,ISRO_MOCK,CMOS_LOGIC,HEX_INVERTER,CERAMIC_FP,96,125,1.5,2703.182,437.901,266.83,0.1916,BORDERLINE,NONE,0,1,synthetic,semiconductor_synthetic,physics_RD_power_law,0.1
COMP-SYN-041-010,LOT-SYN-041,ISRO_MOCK,CMOS_LOGIC,HEX_INVERTER,CERAMIC_FP,168,125,1.5,2701.673,434.585,268.58,0.2143,BORDERLINE,NONE,0,1,synthetic,semiconductor_synthetic,physics_RD_power_law,0.1
COMP-SYN-041-011,LOT-SYN-041,ISRO_MOCK,CMOS_LOGIC,HEX_INVERTER,CERAMIC_FP,0,125,1.5,2237.567,333.569,192.91,0.0,HEALTHY,NONE,0,1,synthetic,semiconductor_synthetic,physics_RD_power_law,0.1
COMP-SYN-041-011,LOT-SYN-041,ISRO_MOCK,CMOS_LOGIC,HEX_INVERTER,CERAMIC_FP,24,125,1.5,2215.692,331.406,196.77,0.1452,HEALTHY,NONE,0,1,synthetic,semiconductor_synthetic,physics_RD_power_law,0.1
COMP-SYN-041-011,LOT-SYN-041,ISRO_MOCK,CMOS_LOGIC,HEX_INVERTER,CERAMIC_FP,96,125,1.5,2226.489,336.978,194.53,0.1916,HEALTHY,NONE,0,1,synthetic,semiconductor_synthetic,physics_RD_power_law,0.1
COMP-SYN-041-011,LOT-SYN-041,ISRO_MOCK,CMOS_LOGIC,HEX_INVERTER,CERAMIC_FP,168,125,1.5,2192.401,329.075,195.45,0.2143,HEALTHY,NONE,0,1,synthetic,semiconductor_synthetic,physics_RD_power_law,0.1
COMP-SYN-041-012,LOT-SYN-041,ISRO_MOCK,CMOS_LOGIC,HEX_INVERTER,CERAMIC_FP,0,125,1.5,2309.828,316.932,183.41,0.0,HEALTHY,NONE,0,1,synthetic,semiconductor_synthetic,physics_RD_power_law,0.1
COMP-SYN-041-012,LOT-SYN-041,ISRO_MOCK,CMOS_LOGIC,HEX_INVERTER,CERAMIC_FP,24,125,1.5,2276.893,317.558,192.76,0.1452,HEALTHY,NONE,0,1,synthetic,semiconductor_synthetic,physics_RD_power_law,0.1
COMP-SYN-041-012,LOT-SYN-041,ISRO_MOCK,CMOS_LOGIC,HEX_INVERTER,CERAMIC_FP,96,125,1.5,2244.856,310.189,193.82,0.1916,HEALTHY,NONE,0,1,synthetic,semiconductor_synthetic,physics_RD_power_law,0.1
COMP-SYN-041-012,LOT-SYN-041,ISRO_MOCK,CMOS_LOGIC,HEX_INVERTER,CERAMIC_FP,168,125,1.5,2239.844,311.101,196.03,0.2143,HEALTHY,NONE,0,1,synthetic,semiconductor_synthetic,physics_RD_power_law,0.1
COMP-SYN-041-013,LOT-SYN-041,ISRO_MOCK,CMOS_LOGIC,HEX_INVERTER,CERAMIC_FP,0,125,1.5,2228.653,328.503,188.9,0.0,HEALTHY,NONE,0,1,synthetic,semiconductor_synthetic,physics_RD_power_law,0.1
COMP-SYN-041-013,LOT-SYN-041,ISRO_MOCK,CMOS_LOGIC,HEX_INVERTER,CERAMIC_FP,24,125,1.5,2284.079,326.714,195.4,0.1452,HEALTHY,NONE,0,1,synthetic,semiconductor_synthetic,physics_RD_power_law,0.1
COMP-SYN-041-013,LOT-SYN-041,ISRO_MOCK,CMOS_LOGIC,HEX_INVERTER,CERAMIC_FP,96,125,1.5,2227.938,322.559,194.91,0.1916,HEALTHY,NONE,0,1,synthetic,semiconductor_synthetic,physics_RD_power_law,0.1
COMP-SYN-041-013,LOT-SYN-041,ISRO_MOCK,CMOS_LOGIC,HEX_INVERTER,CERAMIC_FP,168,125,1.5,2219.514,321.197,198.05,0.2143,HEALTHY,NONE,0,1,synthetic,semiconductor_synthetic,physics_RD_power_law,0.1
COMP-SYN-041-014,LOT-SYN-041,ISRO_MOCK,CMOS_LOGIC,HEX_INVERTER,CERAMIC_FP,0,125,1.5,2196.532,328.02,186.01,0.0,HEALTHY,NONE,0,1,synthetic,semiconductor_synthetic,physics_RD_power_law,0.1
COMP-SYN-041-014,LOT-SYN-041,ISRO_MOCK,CMOS_LOGIC,HEX_INVERTER,CERAMIC_FP,24,125,1.5,2217.04,326.011,187.25,0.1452,HEALTHY,NONE,0,1,synthetic,semiconductor_synthetic,physics_RD_power_law,0.1
COMP-SYN-041-014,LOT-SYN-041,ISRO_MOCK,CMOS_LOGIC,HEX_INVERTER,CERAMIC_FP,96,125,1.5,2190.225,321.766,189.89,0.1916,HEALTHY,NONE,0,1,synthetic,semiconductor_synthetic,physics_RD_power_law,0.1
COMP-SYN-041-014,LOT-SYN-041,ISRO_MOCK,CMOS_LOGIC,HEX_INVERTER,CERAMIC_FP,168,125,1.5,2198.887,332.982,192.8,0.2143,HEALTHY,NONE,0,1,synthetic,semiconductor_synthetic,physics_RD_power_law,0.1
COMP-SYN-041-015,LOT-SYN-041,ISRO_MOCK,CMOS_LOGIC,HEX_INVERTER,CERAMIC_FP,0,125,1.5,2183.144,331.651,188.38,0.0,HEALTHY,NONE,0,1,synthetic,semiconductor_synthetic,physics_RD_power_law,0.1
COMP-SYN-041-015,LOT-SYN-041,ISRO_MOCK,CMOS_LOGIC,HEX_INVERTER,CERAMIC_FP,24,125,1.5,2107.48,334.813,192.85,0.1452,HEALTHY,NONE,0,1,synthetic,semiconductor_synthetic,physics_RD_power_law,0.1
COMP-SYN-041-015,LOT-SYN-041,ISRO_MOCK,CMOS_LOGIC,HEX_INVERTER,CERAMIC_FP,96,125,1.5,2136.152,335.159,193.8,0.1916,HEALTHY,NONE,0,1,synthetic,semiconductor_synthetic,physics_RD_power_law,0.1
COMP-SYN-041-015,LOT-SYN-041,ISRO_MOCK,CMOS_LOGIC,HEX_INVERTER,CERAMIC_FP,168,125,1.5,2112.737,334.634,195.33,0.2143,HEALTHY,NONE,0,1,synthetic,semiconductor_synthetic,physics_RD_power_law,0.1
COMP-SYN-041-016,LOT-SYN-041,ISRO_MOCK,CMOS_LOGIC,HEX_INVERTER,CERAMIC_FP,0,125,1.5,2230.695,313.412,188.44,0.0,HEALTHY,NONE,0,1,synthetic,semiconductor_synthetic,physics_RD_power_law,0.1
COMP-SYN-041-016,LOT-SYN-041,ISRO_MOCK,CMOS_LOGIC,HEX_INVERTER,CERAMIC_FP,24,125,1.5,2208.137,317.645,193.57,0.1452,HEALTHY,NONE,0,1,synthetic,semiconductor_synthetic,physics_RD_power_law,0.1
COMP-SYN-041-016,LOT-SYN-041,ISRO_MOCK,CMOS_LOGIC,HEX_INVERTER,CERAMIC_FP,96,125,1.5,2197.544,309.121,199.02,0.1916,HEALTHY,NONE,0,1,synthetic,semiconductor_synthetic,physics_RD_power_law,0.1
COMP-SYN-041-016,LOT-SYN-041,ISRO_MOCK,CMOS_LOGIC,HEX_INVERTER,CERAMIC_FP,168,125,1.5,2259.316,310.142,197.43,0.2143,HEALTHY,NONE,0,1,synthetic,semiconductor_synthetic,physics_RD_power_law,0.1
COMP-SYN-041-017,LOT-SYN-041,ISRO_MOCK,CMOS_LOGIC,HEX_INVERTER,CERAMIC_FP,0,125,1.5,2042.297,319.169,186.5,0.0,HEALTHY,NONE,0,1,synthetic,semiconductor_synthetic,physics_RD_power_law,0.1
COMP-SYN-041-017,LOT-SYN-041,ISRO_MOCK,CMOS_LOGIC,HEX_INVERTER,CERAMIC_FP,24,125,1.5,2053.645,315.584,198.4,0.1452,HEALTHY,NONE,0,1,synthetic,semiconductor_synthetic,physics_RD_power_law,0.1
COMP-SYN-041-017,LOT-SYN-041,ISRO_MOCK,CMOS_LOGIC,HEX_INVERTER,CERAMIC_FP,96,125,1.5,2056.83,320.811,200.8,0.1916,HEALTHY,NONE,0,1,synthetic,semiconductor_synthetic,physics_RD_power_law,0.1
COMP-SYN-041-017,LOT-SYN-041,ISRO_MOCK,CMOS_LOGIC,HEX_INVERTER,CERAMIC_FP,168,125,1.5,2055.362,318.733,197.28,0.2143,HEALTHY,NONE,0,1,synthetic,semiconductor_synthetic,physics_RD_power_law,0.1
COMP-SYN-041-018,LOT-SYN-041,ISRO_MOCK,CMOS_LOGIC,HEX_INVERTER,CERAMIC_FP,0,125,1.5,2302.998,327.199,186.1,0.0,HEALTHY,NONE,0,1,synthetic,semiconductor_synthetic,physics_RD_power_law,0.1
COMP-SYN-041-018,LOT-SYN-041,ISRO_MOCK,CMOS_LOGIC,HEX_INVERTER,CERAMIC_FP,24,125,1.5,2288.854,320.558,193.21,0.1452,HEALTHY,NONE,0,1,synthetic,semiconductor_synthetic,physics_RD_power_law,0.1
COMP-SYN-041-018,LOT-SYN-041,ISRO_MOCK,CMOS_LOGIC,HEX_INVERTER,CERAMIC_FP,96,125,1.5,2242.449,322.918,192.28,0.1916,HEALTHY,NONE,0,1,synthetic,semiconductor_synthetic,physics_RD_power_law,0.1
COMP-SYN-041-018,LOT-SYN-041,ISRO_MOCK,CMOS_LOGIC,HEX_INVERTER,CERAMIC_FP,168,125,1.5,2281.46,323.648,199.21,0.2143,HEALTHY,NONE,0,1,synthetic,semiconductor_synthetic,physics_RD_power_law,0.1
COMP-SYN-041-019,LOT-SYN-041,ISRO_MOCK,CMOS_LOGIC,HEX_INVERTER,CERAMIC_FP,0,125,1.5,2147.737,315.718,187.97,0.0,HEALTHY,NONE,0,1,synthetic,semiconductor_synthetic,physics_RD_power_law,0.1
COMP-SYN-041-019,LOT-SYN-041,ISRO_MOCK,CMOS_LOGIC,HEX_INVERTER,CERAMIC_FP,24,125,1.5,2107.77,316.119,194.71,0.1452,HEALTHY,NONE,0,1,synthetic,semiconductor_synthetic,physics_RD_power_law,0.1
COMP-SYN-041-019,LOT-SYN-041,ISRO_MOCK,CMOS_LOGIC,HEX_INVERTER,CERAMIC_FP,96,125,1.5,2103.034,310.87,201.13,0.1916,HEALTHY,NONE,0,1,synthetic,semiconductor_synthetic,physics_RD_power_law,0.1
COMP-SYN-041-019,LOT-SYN-041,ISRO_MOCK,CMOS_LOGIC,HEX_INVERTER,CERAMIC_FP,168,125,1.5,2135.487,313.371,198.15,0.2143,HEALTHY,NONE,0,1,synthetic,semiconductor_synthetic,physics_RD_power_law,0.1
COMP-SYN-041-020,LOT-SYN-041,ISRO_MOCK,CMOS_LOGIC,HEX_INVERTER,CERAMIC_FP,0,125,1.5,1979.525,304.952,187.88,0.0,HEALTHY,NONE,0,1,synthetic,semiconductor_synthetic,physics_RD_power_law,0.1
COMP-SYN-041-020,LOT-SYN-041,ISRO_MOCK,CMOS_LOGIC,HEX_INVERTER,CERAMIC_FP,24,125,1.5,1968.136,312.897,193.74,0.1452,HEALTHY,NONE,0,1,synthetic,semiconductor_synthetic,physics_RD_power_law,0.1
COMP-SYN-041-020,LOT-SYN-041,ISRO_MOCK,CMOS_LOGIC,HEX_INVERTER,CERAMIC_FP,96,125,1.5,1966.14,308.16,195.88,0.1916,HEALTHY,NONE,0,1,synthetic,semiconductor_synthetic,physics_RD_power_law,0.1
COMP-SYN-041-020,LOT-SYN-041,ISRO_MOCK,CMOS_LOGIC,HEX_INVERTER,CERAMIC_FP,168,125,1.5,1946.196,311.504,197.73,0.2143,HEALTHY,NONE,0,1,synthetic,semiconductor_synthetic,physics_RD_power_law,0.1
COMP-SYN-041-021,LOT-SYN-041,ISRO_MOCK,CMOS_LOGIC,HEX_INVERTER,CERAMIC_FP,0,125,1.5,2151.437,309.785,190.61,0.0,HEALTHY,NONE,0,1,synthetic,semiconductor_synthetic,physics_RD_power_law,0.1
COMP-SYN-041-021,LOT-SYN-041,ISRO_MOCK,CMOS_LOGIC,HEX_INVERTER,CERAMIC_FP,24,125,1.5,2151.315,313.751,195.99,0.1452,HEALTHY,NONE,0,1,synthetic,semiconductor_synthetic,physics_RD_power_law,0.1
COMP-SYN-041-021,LOT-SYN-041,ISRO_MOCK,CMOS_LOGIC,HEX_INVERTER,CERAMIC_FP,96,125,1.5,2132.716,305.786,197.39,0.1916,HEALTHY,NONE,0,1,synthetic,semiconductor_synthetic,physics_RD_power_law,0.1
COMP-SYN-041-021,LOT-SYN-041,ISRO_MOCK,CMOS_LOGIC,HEX_INVERTER,CERAMIC_FP,168,125,1.5,2116.3,308.637,196.64,0.2143,HEALTHY,NONE,0,1,synthetic,semiconductor_synthetic,physics_RD_power_law,0.1
COMP-SYN-041-022,LOT-SYN-041,ISRO_MOCK,CMOS_LOGIC,HEX_INVERTER,CERAMIC_FP,0,125,1.5,2126.516,309.353,188.84,0.0,HEALTHY,NONE,0,1,synthetic,semiconductor_synthetic,physics_RD_power_law,0.1
COMP-SYN-041-022,LOT-SYN-041,ISRO_MOCK,CMOS_LOGIC,HEX_INVERTER,CERAMIC_FP,24,125,1.5,2132.428,308.201,193.57,0.1452,HEALTHY,NONE,0,1,synthetic,semiconductor_synthetic,physics_RD_power_law,0.1
COMP-SYN-041-022,LOT-SYN-041,ISRO_MOCK,CMOS_LOGIC,HEX_INVERTER,CERAMIC_FP,96,125,1.5,2160.255,311.609,199.15,0.1916,HEALTHY,NONE,0,1,synthetic,semiconductor_synthetic,physics_RD_power_law,0.1
COMP-SYN-041-022,LOT-SYN-041,ISRO_MOCK,CMOS_LOGIC,HEX_INVERTER,CERAMIC_FP,168,125,1.5,2107.55,312.901,198.1,0.2143,HEALTHY,NONE,0,1,synthetic,semiconductor_synthetic,physics_RD_power_law,0.1
COMP-SYN-041-023,LOT-SYN-041,ISRO_MOCK,CMOS_LOGIC,HEX_INVERTER,CERAMIC_FP,0,125,1.5,2170.335,310.678,180.07,0.0,HEALTHY,NONE,0,1,synthetic,semiconductor_synthetic,physics_RD_power_law,0.1
COMP-SYN-041-023,LOT-SYN-041,ISRO_MOCK,CMOS_LOGIC,HEX_INVERTER,CERAMIC_FP,24,125,1.5,2193.601,307.167,187.76,0.1452,HEALTHY,NONE,0,1,synthetic,semiconductor_synthetic,physics_RD_power_law,0.1
COMP-SYN-041-023,LOT-SYN-041,ISRO_MOCK,CMOS_LOGIC,HEX_INVERTER,CERAMIC_FP,96,125,1.5,2188.249,303.632,194.97,0.1916,HEALTHY,NONE,0,1,synthetic,semiconductor_synthetic,physics_RD_power_law,0.1
COMP-SYN-041-023,LOT-SYN-041,ISRO_MOCK,CMOS_LOGIC,HEX_INVERTER,CERAMIC_FP,168,125,1.5,2196.755,305.907,191.23,0.2143,HEALTHY,NONE,0,1,synthetic,semiconductor_synthetic,physics_RD_power_law,0.1
COMP-SYN-041-024,LOT-SYN-041,ISRO_MOCK,CMOS_LOGIC,HEX_INVERTER,CERAMIC_FP,0,125,1.5,2347.785,310.335,188.72,0.0,HEALTHY,NONE,0,1,synthetic,semiconductor_synthetic,physics_RD_power_law,0.1
COMP-SYN-041-024,LOT-SYN-041,ISRO_MOCK,CMOS_LOGIC,HEX_INVERTER,CERAMIC_FP,24,125,1.5,2372.815,307.767,190.25,0.1452,HEALTHY,NONE,0,1,synthetic,semiconductor_synthetic,physics_RD_power_law,0.1
COMP-SYN-041-024,LOT-SYN-041,ISRO_MOCK,CMOS_LOGIC,HEX_INVERTER,CERAMIC_FP,96,125,1.5,2350.463,306.232,194.65,0.1916,HEALTHY,NONE,0,1,synthetic,semiconductor_synthetic,physics_RD_power_law,0.1
COMP-SYN-041-024,LOT-SYN-041,ISRO_MOCK,CMOS_LOGIC,HEX_INVERTER,CERAMIC_FP,168,125,1.5,2286.315,307.592,195.57,0.2143,HEALTHY,NONE,0,1,synthetic,semiconductor_synthetic,physics_RD_power_law,0.1
COMP-SYN-041-025,LOT-SYN-041,ISRO_MOCK,CMOS_LOGIC,HEX_INVERTER,CERAMIC_FP,0,125,1.5,2327.857,313.354,192.12,0.0,HEALTHY,NONE,0,1,synthetic,semiconductor_synthetic,physics_RD_power_law,0.1
COMP-SYN-041-025,LOT-SYN-041,ISRO_MOCK,CMOS_LOGIC,HEX_INVERTER,CERAMIC_FP,24,125,1.5,2297.646,307.101,202.39,0.1452,HEALTHY,NONE,0,1,synthetic,semiconductor_synthetic,physics_RD_power_law,0.1
COMP-SYN-041-025,LOT-SYN-041,ISRO_MOCK,CMOS_LOGIC,HEX_INVERTER,CERAMIC_FP,96,125,1.5,2283.597,314.055,202.27,0.1916,HEALTHY,NONE,0,1,synthetic,semiconductor_synthetic,physics_RD_power_law,0.1
COMP-SYN-041-025,LOT-SYN-041,ISRO_MOCK,CMOS_LOGIC,HEX_INVERTER,CERAMIC_FP,168,125,1.5,2264.59,313.302,202.13,0.2143,HEALTHY,NONE,0,1,synthetic,semiconductor_synthetic,physics_RD_power_law,0.1
COMP-SYN-041-026,LOT-SYN-041,ISRO_MOCK,CMOS_LOGIC,HEX_INVERTER,CERAMIC_FP,0,125,1.5,2187.928,315.593,184.26,0.0,HEALTHY,NONE,0,1,synthetic,semiconductor_synthetic,physics_RD_power_law,0.1
COMP-SYN-041-026,LOT-SYN-041,ISRO_MOCK,CMOS_LOGIC,HEX_INVERTER,CERAMIC_FP,24,125,1.5,2167.674,312.123,192.12,0.1452,HEALTHY,NONE,0,1,synthetic,semiconductor_synthetic,physics_RD_power_law,0.1
COMP-SYN-041-026,LOT-SYN-041,ISRO_MOCK,CMOS_LOGIC,HEX_INVERTER,CERAMIC_FP,96,125,1.5,2169.865,310.815,191.66,0.1916,HEALTHY,NONE,0,1,synthetic,semiconductor_synthetic,physics_RD_power_law,0.1
COMP-SYN-041-026,LOT-SYN-041,ISRO_MOCK,CMOS_LOGIC,HEX_INVERTER,CERAMIC_FP,168,125,1.5,2146.12,308.55,195.05,0.2143,HEALTHY,NONE,0,1,synthetic,semiconductor_synthetic,physics_RD_power_law,0.1
COMP-SYN-041-027,LOT-SYN-041,ISRO_MOCK,CMOS_LOGIC,HEX_INVERTER,CERAMIC_FP,0,125,1.5,2428.454,333.976,188.09,0.0,LATENT_DEFECT,STEP_BREAKDOWN,1,1,synthetic,semiconductor_synthetic,physics_RD_power_law,0.1
COMP-SYN-041-027,LOT-SYN-041,ISRO_MOCK,CMOS_LOGIC,HEX_INVERTER,CERAMIC_FP,24,125,1.5,2388.801,333.785,212.65,0.581,LATENT_DEFECT,STEP_BREAKDOWN,1,1,synthetic,semiconductor_synthetic,physics_RD_power_law,0.1
COMP-SYN-041-027,LOT-SYN-041,ISRO_MOCK,CMOS_LOGIC,HEX_INVERTER,CERAMIC_FP,96,125,1.5,2341.513,334.703,221.17,0.7666,LATENT_DEFECT,STEP_BREAKDOWN,1,1,synthetic,semiconductor_synthetic,physics_RD_power_law,0.1
COMP-SYN-041-027,LOT-SYN-041,ISRO_MOCK,CMOS_LOGIC,HEX_INVERTER,CERAMIC_FP,168,125,1.5,2329.139,327.577,227.01,0.8574,LATENT_DEFECT,STEP_BREAKDOWN,1,1,synthetic,semiconductor_synthetic,physics_RD_power_law,0.1
COMP-SYN-041-028,LOT-SYN-041,ISRO_MOCK,CMOS_LOGIC,HEX_INVERTER,CERAMIC_FP,0,125,1.5,1999.861,317.187,193.51,0.0,LATENT_DEFECT,STEP_BREAKDOWN,1,1,synthetic,semiconductor_synthetic,physics_RD_power_law,0.1
COMP-SYN-041-028,LOT-SYN-041,ISRO_MOCK,CMOS_LOGIC,HEX_INVERTER,CERAMIC_FP,24,125,1.5,1937.454,306.224,220.82,0.581,LATENT_DEFECT,STEP_BREAKDOWN,1,1,synthetic,semiconductor_synthetic,physics_RD_power_law,0.1
COMP-SYN-041-028,LOT-SYN-041,ISRO_MOCK,CMOS_LOGIC,HEX_INVERTER,CERAMIC_FP,96,125,1.5,1944.595,321.212,230.18,0.7666,LATENT_DEFECT,STEP_BREAKDOWN,1,1,synthetic,semiconductor_synthetic,physics_RD_power_law,0.1
COMP-SYN-041-028,LOT-SYN-041,ISRO_MOCK,CMOS_LOGIC,HEX_INVERTER,CERAMIC_FP,168,125,1.5,1973.752,316.16,233.84,0.8574,LATENT_DEFECT,STEP_BREAKDOWN,1,1,synthetic,semiconductor_synthetic,physics_RD_power_law,0.1
COMP-SYN-041-029,LOT-SYN-041,ISRO_MOCK,CMOS_LOGIC,HEX_INVERTER,CERAMIC_FP,0,125,1.5,3103.348,448.791,266.22,0.0,BORDERLINE,NONE,0,1,synthetic,semiconductor_synthetic,physics_RD_power_law,0.1
COMP-SYN-041-029,LOT-SYN-041,ISRO_MOCK,CMOS_LOGIC,HEX_INVERTER,CERAMIC_FP,24,125,1.5,3154.78,444.742,270.88,0.1452,BORDERLINE,NONE,0,1,synthetic,semiconductor_synthetic,physics_RD_power_law,0.1
COMP-SYN-041-029,LOT-SYN-041,ISRO_MOCK,CMOS_LOGIC,HEX_INVERTER,CERAMIC_FP,96,125,1.5,3076.741,437.221,269.28,0.1916,BORDERLINE,NONE,0,1,synthetic,semiconductor_synthetic,physics_RD_power_law,0.1
COMP-SYN-041-029,LOT-SYN-041,ISRO_MOCK,CMOS_LOGIC,HEX_INVERTER,CERAMIC_FP,168,125,1.5,3136.304,444.508,278.41,0.2143,BORDERLINE,NONE,0,1,synthetic,semiconductor_synthetic,physics_RD_power_law,0.1
COMP-SYN-041-030,LOT-SYN-041,ISRO_MOCK,CMOS_LOGIC,HEX_INVERTER,CERAMIC_FP,0,125,1.5,2096.768,316.809,196.28,0.0,HEALTHY,NONE,0,1,synthetic,semiconductor_synthetic,physics_RD_power_law,0.1
COMP-SYN-041-030,LOT-SYN-041,ISRO_MOCK,CMOS_LOGIC,HEX_INVERTER,CERAMIC_FP,24,125,1.5,2090.08,315.624,207.14,0.1452,HEALTHY,NONE,0,1,synthetic,semiconductor_synthetic,physics_RD_power_law,0.1
COMP-SYN-041-030,LOT-SYN-041,ISRO_MOCK,CMOS_LOGIC,HEX_INVERTER,CERAMIC_FP,96,125,1.5,2067.089,311.269,206.24,0.1916,HEALTHY,NONE,0,1,synthetic,semiconductor_synthetic,physics_RD_power_law,0.1
COMP-SYN-041-030,LOT-SYN-041,ISRO_MOCK,CMOS_LOGIC,HEX_INVERTER,CERAMIC_FP,168,125,1.5,2062.263,318.649,203.42,0.2143,HEALTHY,NONE,0,1,synthetic,semiconductor_synthetic,physics_RD_power_law,0.1
COMP-SYN-041-031,LOT-SYN-041,ISRO_MOCK,CMOS_LOGIC,HEX_INVERTER,CERAMIC_FP,0,125,1.5,1973.538,305.138,188.82,0.0,HEALTHY,NONE,0,1,synthetic,semiconductor_synthetic,physics_RD_power_law,0.1
COMP-SYN-041-031,LOT-SYN-041,ISRO_MOCK,CMOS_LOGIC,HEX_INVERTER,CERAMIC_FP,24,125,1.5,1967.611,302.421,196.41,0.1452,HEALTHY,NONE,0,1,synthetic,semiconductor_synthetic,physics_RD_power_law,0.1
COMP-SYN-041-031,LOT-SYN-041,ISRO_MOCK,CMOS_LOGIC,HEX_INVERTER,CERAMIC_FP,96,125,1.5,1990.312,303.68,198.7,0.1916,HEALTHY,NONE,0,1,synthetic,semiconductor_synthetic,physics_RD_power_law,0.1
COMP-SYN-041-031,LOT-SYN-041,ISRO_MOCK,CMOS_LOGIC,HEX_INVERTER,CERAMIC_FP,168,125,1.5,1948.566,306.172,199.2,0.2143,HEALTHY,NONE,0,1,synthetic,semiconductor_synthetic,physics_RD_power_law,0.1
COMP-SYN-041-032,LOT-SYN-041,ISRO_MOCK,CMOS_LOGIC,HEX_INVERTER,CERAMIC_FP,0,125,1.5,2084.364,304.857,178.93,0.0,HEALTHY,NONE,0,1,synthetic,semiconductor_synthetic,physics_RD_power_law,0.1
COMP-SYN-041-032,LOT-SYN-041,ISRO_MOCK,CMOS_LOGIC,HEX_INVERTER,CERAMIC_FP,24,125,1.5,2030.912,308.904,187.74,0.1452,HEALTHY,NONE,0,1,synthetic,semiconductor_synthetic,physics_RD_power_law,0.1
COMP-SYN-041-032,LOT-SYN-041,ISRO_MOCK,CMOS_LOGIC,HEX_INVERTER,CERAMIC_FP,96,125,1.5,2044.085,298.343,187.48,0.1916,HEALTHY,NONE,0,1,synthetic,semiconductor_synthetic,physics_RD_power_law,0.1
COMP-SYN-041-032,LOT-SYN-041,ISRO_MOCK,CMOS_LOGIC,HEX_INVERTER,CERAMIC_FP,168,125,1.5,2016.929,302.329,190.54,0.2143,HEALTHY,NONE,0,1,synthetic,semiconductor_synthetic,physics_RD_power_law,0.1
COMP-SYN-041-033,LOT-SYN-041,ISRO_MOCK,CMOS_LOGIC,HEX_INVERTER,CERAMIC_FP,0,125,1.5,2032.148,322.109,189.38,0.0,HEALTHY,NONE,0,1,synthetic,semiconductor_synthetic,physics_RD_power_law,0.1
COMP-SYN-041-033,LOT-SYN-041,ISRO_MOCK,CMOS_LOGIC,HEX_INVERTER,CERAMIC_FP,24,125,1.5,2039.508,327.337,195.65,0.1452,HEALTHY,NONE,0,1,synthetic,semiconductor_synthetic,physics_RD_power_law,0.1
COMP-SYN-041-033,LOT-SYN-041,ISRO_MOCK,CMOS_LOGIC,HEX_INVERTER,CERAMIC_FP,96,125,1.5,2008.789,325.768,195.35,0.1916,HEALTHY,NONE,0,1,synthetic,semiconductor_synthetic,physics_RD_power_law,0.1
COMP-SYN-041-033,LOT-SYN-041,ISRO_MOCK,CMOS_LOGIC,HEX_INVERTER,CERAMIC_FP,168,125,1.5,2031.523,325.156,200.0,0.2143,HEALTHY,NONE,0,1,synthetic,semiconductor_synthetic,physics_RD_power_law,0.1
COMP-SYN-041-034,LOT-SYN-041,ISRO_MOCK,CMOS_LOGIC,HEX_INVERTER,CERAMIC_FP,0,125,1.5,2191.222,311.221,192.73,0.0,HEALTHY,NONE,0,1,synthetic,semiconductor_synthetic,physics_RD_power_law,0.1
COMP-SYN-041-034,LOT-SYN-041,ISRO_MOCK,CMOS_LOGIC,HEX_INVERTER,CERAMIC_FP,24,125,1.5,2189.222,318.52,201.7,0.1452,HEALTHY,NONE,0,1,synthetic,semiconductor_synthetic,physics_RD_power_law,0.1
COMP-SYN-041-034,LOT-SYN-041,ISRO_MOCK,CMOS_LOGIC,HEX_INVERTER,CERAMIC_FP,96,125,1.5,2200.027,309.272,202.45,0.1916,HEALTHY,NONE,0,1,synthetic,semiconductor_synthetic,physics_RD_power_law,0.1
COMP-SYN-041-034,LOT-SYN-041,ISRO_MOCK,CMOS_LOGIC,HEX_INVERTER,CERAMIC_FP,168,125,1.5,2230.284,312.964,203.33,0.2143,HEALTHY,NONE,0,1,synthetic,semiconductor_synthetic,physics_RD_power_law,0.1
COMP-SYN-041-035,LOT-SYN-041,ISRO_MOCK,CMOS_LOGIC,HEX_INVERTER,CERAMIC_FP,0,125,1.5,2121.604,320.22,184.11,0.0,HEALTHY,NONE,0,1,synthetic,semiconductor_synthetic,physics_RD_power_law,0.1
COMP-SYN-041-035,LOT-SYN-041,ISRO_MOCK,CMOS_LOGIC,HEX_INVERTER,CERAMIC_FP,24,125,1.5,2136.332,319.172,189.95,0.1452,HEALTHY,NONE,0,1,synthetic,semiconductor_synthetic,physics_RD_power_law,0.1
COMP-SYN-041-035,LOT-SYN-041,ISRO_MOCK,CMOS_LOGIC,HEX_INVERTER,CERAMIC_FP,96,125,1.5,2130.968,323.186,195.97,0.1916,HEALTHY,NONE,0,1,synthetic,semiconductor_synthetic,physics_RD_power_law,0.1
COMP-SYN-041-035,LOT-SYN-041,ISRO_MOCK,CMOS_LOGIC,HEX_INVERTER,CERAMIC_FP,168,125,1.5,2147.736,327.422,192.92,0.2143,HEALTHY,NONE,0,1,synthetic,semiconductor_synthetic,physics_RD_power_law,0.1
COMP-SYN-041-036,LOT-SYN-041,ISRO_MOCK,CMOS_LOGIC,HEX_INVERTER,CERAMIC_FP,0,125,1.5,2411.305,306.441,189.89,0.0,HEALTHY,NONE,0,1,synthetic,semiconductor_synthetic,physics_RD_power_law,0.1
COMP-SYN-041-036,LOT-SYN-041,ISRO_MOCK,CMOS_LOGIC,HEX_INVERTER,CERAMIC_FP,24,125,1.5,2400.111,304.599,192.8,0.1452,HEALTHY,NONE,0,1,synthetic,semiconductor_synthetic,physics_RD_power_law,0.1
COMP-SYN-041-036,LOT-SYN-041,ISRO_MOCK,CMOS_LOGIC,HEX_INVERTER,CERAMIC_FP,96,125,1.5,2362.518,300.915,197.21,0.1916,HEALTHY,NONE,0,1,synthetic,semiconductor_synthetic,physics_RD_power_law,0.1
COMP-SYN-041-036,LOT-SYN-041,ISRO_MOCK,CMOS_LOGIC,HEX_INVERTER,CERAMIC_FP,168,125,1.5,2392.071,294.643,195.88,0.2143,HEALTHY,NONE,0,1,synthetic,semiconductor_synthetic,physics_RD_power_law,0.1
COMP-SYN-041-037,LOT-SYN-041,ISRO_MOCK,CMOS_LOGIC,HEX_INVERTER,CERAMIC_FP,0,125,1.5,2166.813,330.992,191.02,0.0,HEALTHY,NONE,0,1,synthetic,semiconductor_synthetic,physics_RD_power_law,0.1
COMP-SYN-041-037,LOT-SYN-041,ISRO_MOCK,CMOS_LOGIC,HEX_INVERTER,CERAMIC_FP,24,125,1.5,2160.584,331.06,198.75,0.1452,HEALTHY,NONE,0,1,synthetic,semiconductor_synthetic,physics_RD_power_law,0.1
COMP-SYN-041-037,LOT-SYN-041,ISRO_MOCK,CMOS_LOGIC,HEX_INVERTER,CERAMIC_FP,96,125,1.5,2150.096,321.955,202.15,0.1916,HEALTHY,NONE,0,1,synthetic,semiconductor_synthetic,physics_RD_power_law,0.1
COMP-SYN-041-037,LOT-SYN-041,ISRO_MOCK,CMOS_LOGIC,HEX_INVERTER,CERAMIC_FP,168,125,1.5,2160.083,322.748,200.37,0.2143,HEALTHY,NONE,0,1,synthetic,semiconductor_synthetic,physics_RD_power_law,0.1
COMP-SYN-041-038,LOT-SYN-041,ISRO_MOCK,CMOS_LOGIC,HEX_INVERTER,CERAMIC_FP,0,125,1.5,2297.658,303.025,188.26,0.0,HEALTHY,NONE,0,1,synthetic,semiconductor_synthetic,physics_RD_power_law,0.1
COMP-SYN-041-038,LOT-SYN-041,ISRO_MOCK,CMOS_LOGIC,HEX_INVERTER,CERAMIC_FP,24,125,1.5,2300.411,301.497,191.64,0.1452,HEALTHY,NONE,0,1,synthetic,semiconductor_synthetic,physics_RD_power_law,0.1
COMP-SYN-041-038,LOT-SYN-041,ISRO_MOCK,CMOS_LOGIC,HEX_INVERTER,CERAMIC_FP,96,125,1.5,2354.183,298.875,197.12,0.1916,HEALTHY,NONE,0,1,synthetic,semiconductor_synthetic,physics_RD_power_law,0.1
COMP-SYN-041-038,LOT-SYN-041,ISRO_MOCK,CMOS_LOGIC,HEX_INVERTER,CERAMIC_FP,168,125,1.5,2316.666,297.598,196.9,0.2143,HEALTHY,NONE,0,1,synthetic,semiconductor_synthetic,physics_RD_power_law,0.1
COMP-SYN-041-039,LOT-SYN-041,ISRO_MOCK,CMOS_LOGIC,HEX_INVERTER,CERAMIC_FP,0,125,1.5,1976.257,308.274,184.95,0.0,HEALTHY,NONE,0,1,synthetic,semiconductor_synthetic,physics_RD_power_law,0.1
COMP-SYN-041-039,LOT-SYN-041,ISRO_MOCK,CMOS_LOGIC,HEX_INVERTER,CERAMIC_FP,24,125,1.5,1970.228,304.589,195.29,0.1452,HEALTHY,NONE,0,1,synthetic,semiconductor_synthetic,physics_RD_power_law,0.1
COMP-SYN-041-039,LOT-SYN-041,ISRO_MOCK,CMOS_LOGIC,HEX_INVERTER,CERAMIC_FP,96,125,1.5,1970.199,310.843,192.62,0.1916,HEALTHY,NONE,0,1,synthetic,semiconductor_synthetic,physics_RD_power_law,0.1
COMP-SYN-041-039,LOT-SYN-041,ISRO_MOCK,CMOS_LOGIC,HEX_INVERTER,CERAMIC_FP,168,125,1.5,1989.946,305.619,195.84,0.2143,HEALTHY,NONE,0,1,synthetic,semiconductor_synthetic,physics_RD_power_law,0.1
COMP-SYN-041-040,LOT-SYN-041,ISRO_MOCK,CMOS_LOGIC,HEX_INVERTER,CERAMIC_FP,0,125,1.5,2060.891,341.232,182.5,0.0,HEALTHY,NONE,0,1,synthetic,semiconductor_synthetic,physics_RD_power_law,0.1
COMP-SYN-041-040,LOT-SYN-041,ISRO_MOCK,CMOS_LOGIC,HEX_INVERTER,CERAMIC_FP,24,125,1.5,2058.56,331.853,190.53,0.1452,HEALTHY,NONE,0,1,synthetic,semiconductor_synthetic,physics_RD_power_law,0.1
COMP-SYN-041-040,LOT-SYN-041,ISRO_MOCK,CMOS_LOGIC,HEX_INVERTER,CERAMIC_FP,96,125,1.5,2059.753,327.233,194.26,0.1916,HEALTHY,NONE,0,1,synthetic,semiconductor_synthetic,physics_RD_power_law,0.1
COMP-SYN-041-040,LOT-SYN-041,ISRO_MOCK,CMOS_LOGIC,HEX_INVERTER,CERAMIC_FP,168,125,1.5,2009.057,330.332,193.25,0.2143,HEALTHY,NONE,0,1,synthetic,semiconductor_synthetic,physics_RD_power_law,0.1
COMP-SYN-041-041,LOT-SYN-041,ISRO_MOCK,CMOS_LOGIC,HEX_INVERTER,CERAMIC_FP,0,125,1.5,2260.653,318.496,175.81,0.0,HEALTHY,NONE,0,1,synthetic,semiconductor_synthetic,physics_RD_power_law,0.1
COMP-SYN-041-041,LOT-SYN-041,ISRO_MOCK,CMOS_LOGIC,HEX_INVERTER,CERAMIC_FP,24,125,1.5,2235.521,328.864,186.48,0.1452,HEALTHY,NONE,0,1,synthetic,semiconductor_synthetic,physics_RD_power_law,0.1
COMP-SYN-041-041,LOT-SYN-041,ISRO_MOCK,CMOS_LOGIC,HEX_INVERTER,CERAMIC_FP,96,125,1.5,2229.833,325.128,186.24,0.1916,HEALTHY,NONE,0,1,synthetic,semiconductor_synthetic,physics_RD_power_law,0.1
COMP-SYN-041-041,LOT-SYN-041,ISRO_MOCK,CMOS_LOGIC,HEX_INVERTER,CERAMIC_FP,168,125,1.5,2231.127,329.947,190.63,0.2143,HEALTHY,NONE,0,1,synthetic,semiconductor_synthetic,physics_RD_power_law,0.1
COMP-SYN-041-042,LOT-SYN-041,ISRO_MOCK,CMOS_LOGIC,HEX_INVERTER,CERAMIC_FP,0,125,1.5,2063.361,308.875,188.22,0.0,HEALTHY,NONE,0,1,synthetic,semiconductor_synthetic,physics_RD_power_law,0.1
COMP-SYN-041-042,LOT-SYN-041,ISRO_MOCK,CMOS_LOGIC,HEX_INVERTER,CERAMIC_FP,24,125,1.5,2014.572,299.344,194.19,0.1452,HEALTHY,NONE,0,1,synthetic,semiconductor_synthetic,physics_RD_power_law,0.1
COMP-SYN-041-042,LOT-SYN-041,ISRO_MOCK,CMOS_LOGIC,HEX_INVERTER,CERAMIC_FP,96,125,1.5,2023.886,305.395,198.98,0.1916,HEALTHY,NONE,0,1,synthetic,semiconductor_synthetic,physics_RD_power_law,0.1
COMP-SYN-041-042,LOT-SYN-041,ISRO_MOCK,CMOS_LOGIC,HEX_INVERTER,CERAMIC_FP,168,125,1.5,2026.094,302.191,198.62,0.2143,HEALTHY,NONE,0,1,synthetic,semiconductor_synthetic,physics_RD_power_law,0.1
COMP-SYN-041-043,LOT-SYN-041,ISRO_MOCK,CMOS_LOGIC,HEX_INVERTER,CERAMIC_FP,0,125,1.5,2115.879,313.193,194.64,0.0,HEALTHY,NONE,0,1,synthetic,semiconductor_synthetic,physics_RD_power_law,0.1
COMP-SYN-041-043,LOT-SYN-041,ISRO_MOCK,CMOS_LOGIC,HEX_INVERTER,CERAMIC_FP,24,125,1.5,2059.399,312.945,201.94,0.1452,HEALTHY,NONE,0,1,synthetic,semiconductor_synthetic,physics_RD_power_law,0.1
COMP-SYN-041-043,LOT-SYN-041,ISRO_MOCK,CMOS_LOGIC,HEX_INVERTER,CERAMIC_FP,96,125,1.5,2114.641,306.751,203.75,0.1916,HEALTHY,NONE,0,1,synthetic,semiconductor_synthetic,physics_RD_power_law,0.1
COMP-SYN-041-043,LOT-SYN-041,ISRO_MOCK,CMOS_LOGIC,HEX_INVERTER,CERAMIC_FP,168,125,1.5,2088.154,311.852,201.95,0.2143,HEALTHY,NONE,0,1,synthetic,semiconductor_synthetic,physics_RD_power_law,0.1
COMP-SYN-041-044,LOT-SYN-041,ISRO_MOCK,CMOS_LOGIC,HEX_INVERTER,CERAMIC_FP,0,125,1.5,2028.231,317.869,183.93,0.0,HEALTHY,NONE,0,1,synthetic,semiconductor_synthetic,physics_RD_power_law,0.1
COMP-SYN-041-044,LOT-SYN-041,ISRO_MOCK,CMOS_LOGIC,HEX_INVERTER,CERAMIC_FP,24,125,1.5,2003.044,311.187,188.3,0.1452,HEALTHY,NONE,0,1,synthetic,semiconductor_synthetic,physics_RD_power_law,0.1
COMP-SYN-041-044,LOT-SYN-041,ISRO_MOCK,CMOS_LOGIC,HEX_INVERTER,CERAMIC_FP,96,125,1.5,2009.751,311.396,190.17,0.1916,HEALTHY,NONE,0,1,synthetic,semiconductor_synthetic,physics_RD_power_law,0.1
COMP-SYN-041-044,LOT-SYN-041,ISRO_MOCK,CMOS_LOGIC,HEX_INVERTER,CERAMIC_FP,168,125,1.5,2005.272,307.752,192.24,0.2143,HEALTHY,NONE,0,1,synthetic,semiconductor_synthetic,physics_RD_power_law,0.1
COMP-SYN-041-045,LOT-SYN-041,ISRO_MOCK,CMOS_LOGIC,HEX_INVERTER,CERAMIC_FP,0,125,1.5,2123.794,304.87,186.24,0.0,HEALTHY,NONE,0,1,synthetic,semiconductor_synthetic,physics_RD_power_law,0.1
COMP-SYN-041-045,LOT-SYN-041,ISRO_MOCK,CMOS_LOGIC,HEX_INVERTER,CERAMIC_FP,24,125,1.5,2091.819,313.278,188.33,0.1452,HEALTHY,NONE,0,1,synthetic,semiconductor_synthetic,physics_RD_power_law,0.1
COMP-SYN-041-045,LOT-SYN-041,ISRO_MOCK,CMOS_LOGIC,HEX_INVERTER,CERAMIC_FP,96,125,1.5,2050.828,304.555,194.38,0.1916,HEALTHY,NONE,0,1,synthetic,semiconductor_synthetic,physics_RD_power_law,0.1
COMP-SYN-041-045,LOT-SYN-041,ISRO_MOCK,CMOS_LOGIC,HEX_INVERTER,CERAMIC_FP,168,125,1.5,2083.329,309.956,192.48,0.2143,HEALTHY,NONE,0,1,synthetic,semiconductor_synthetic,physics_RD_power_law,0.1
COMP-SYN-041-046,LOT-SYN-041,ISRO_MOCK,CMOS_LOGIC,HEX_INVERTER,CERAMIC_FP,0,125,1.5,2096.88,327.205,183.94,0.0,HEALTHY,NONE,0,1,synthetic,semiconductor_synthetic,physics_RD_power_law,0.1
COMP-SYN-041-046,LOT-SYN-041,ISRO_MOCK,CMOS_LOGIC,HEX_INVERTER,CERAMIC_FP,24,125,1.5,2088.848,318.607,185.59,0.1452,HEALTHY,NONE,0,1,synthetic,semiconductor_synthetic,physics_RD_power_law,0.1
COMP-SYN-041-046,LOT-SYN-041,ISRO_MOCK,CMOS_LOGIC,HEX_INVERTER,CERAMIC_FP,96,125,1.5,2112.937,319.16,193.78,0.1916,HEALTHY,NONE,0,1,synthetic,semiconductor_synthetic,physics_RD_power_law,0.1
COMP-SYN-041-046,LOT-SYN-041,ISRO_MOCK,CMOS_LOGIC,HEX_INVERTER,CERAMIC_FP,168,125,1.5,2031.317,325.193,190.8,0.2143,HEALTHY,NONE,0,1,synthetic,semiconductor_synthetic,physics_RD_power_law,0.1
COMP-SYN-041-047,LOT-SYN-041,ISRO_MOCK,CMOS_LOGIC,HEX_INVERTER,CERAMIC_FP,0,125,1.5,2209.039,330.376,185.79,0.0,HEALTHY,NONE,0,1,synthetic,semiconductor_synthetic,physics_RD_power_law,0.1
COMP-SYN-041-047,LOT-SYN-041,ISRO_MOCK,CMOS_LOGIC,HEX_INVERTER,CERAMIC_FP,24,125,1.5,2177.222,327.623,191.42,0.1452,HEALTHY,NONE,0,1,synthetic,semiconductor_synthetic,physics_RD_power_law,0.1
COMP-SYN-041-047,LOT-SYN-041,ISRO_MOCK,CMOS_LOGIC,HEX_INVERTER,CERAMIC_FP,96,125,1.5,2160.699,331.537,191.71,0.1916,HEALTHY,NONE,0,1,synthetic,semiconductor_synthetic,physics_RD_power_law,0.1
COMP-SYN-041-047,LOT-SYN-041,ISRO_MOCK,CMOS_LOGIC,HEX_INVERTER,CERAMIC_FP,168,125,1.5,2188.871,330.453,196.09,0.2143,HEALTHY,NONE,0,1,synthetic,semiconductor_synthetic,physics_RD_power_law,0.1
COMP-SYN-041-048,LOT-SYN-041,ISRO_MOCK,CMOS_LOGIC,HEX_INVERTER,CERAMIC_FP,0,125,1.5,2122.754,322.72,188.22,0.0,HEALTHY,NONE,0,1,synthetic,semiconductor_synthetic,physics_RD_power_law,0.1
COMP-SYN-041-048,LOT-SYN-041,ISRO_MOCK,CMOS_LOGIC,HEX_INVERTER,CERAMIC_FP,24,125,1.5,2186.016,326.002,191.79,0.1452,HEALTHY,NONE,0,1,synthetic,semiconductor_synthetic,physics_RD_power_law,0.1
COMP-SYN-041-048,LOT-SYN-041,ISRO_MOCK,CMOS_LOGIC,HEX_INVERTER,CERAMIC_FP,96,125,1.5,2147.852,316.934,194.72,0.1916,HEALTHY,NONE,0,1,synthetic,semiconductor_synthetic,physics_RD_power_law,0.1
COMP-SYN-041-048,LOT-SYN-041,ISRO_MOCK,CMOS_LOGIC,HEX_INVERTER,CERAMIC_FP,168,125,1.5,2132.132,324.522,199.14,0.2143,HEALTHY,NONE,0,1,synthetic,semiconductor_synthetic,physics_RD_power_law,0.1
COMP-SYN-041-049,LOT-SYN-041,ISRO_MOCK,CMOS_LOGIC,HEX_INVERTER,CERAMIC_FP,0,125,1.5,2159.103,329.096,182.87,0.0,HEALTHY,NONE,0,1,synthetic,semiconductor_synthetic,physics_RD_power_law,0.1
COMP-SYN-041-049,LOT-SYN-041,ISRO_MOCK,CMOS_LOGIC,HEX_INVERTER,CERAMIC_FP,24,125,1.5,2102.126,328.994,183.05,0.1452,HEALTHY,NONE,0,1,synthetic,semiconductor_synthetic,physics_RD_power_law,0.1
COMP-SYN-041-049,LOT-SYN-041,ISRO_MOCK,CMOS_LOGIC,HEX_INVERTER,CERAMIC_FP,96,125,1.5,2119.316,330.248,187.79,0.1916,HEALTHY,NONE,0,1,synthetic,semiconductor_synthetic,physics_RD_power_law,0.1
COMP-SYN-041-049,LOT-SYN-041,ISRO_MOCK,CMOS_LOGIC,HEX_INVERTER,CERAMIC_FP,168,125,1.5,2099.166,320.834,193.36,0.2143,HEALTHY,NONE,0,1,synthetic,semiconductor_synthetic,physics_RD_power_law,0.1
COMP-SYN-041-050,LOT-SYN-041,ISRO_MOCK,CMOS_LOGIC,HEX_INVERTER,CERAMIC_FP,0,125,1.5,2147.071,313.435,179.71,0.0,HEALTHY,NONE,0,1,synthetic,semiconductor_synthetic,physics_RD_power_law,0.1
COMP-SYN-041-050,LOT-SYN-041,ISRO_MOCK,CMOS_LOGIC,HEX_INVERTER,CERAMIC_FP,24,125,1.5,2134.922,310.243,188.99,0.1452,HEALTHY,NONE,0,1,synthetic,semiconductor_synthetic,physics_RD_power_law,0.1
COMP-SYN-041-050,LOT-SYN-041,ISRO_MOCK,CMOS_LOGIC,HEX_INVERTER,CERAMIC_FP,96,125,1.5,2134.31,310.619,192.57,0.1916,HEALTHY,NONE,0,1,synthetic,semiconductor_synthetic,physics_RD_power_law,0.1
COMP-SYN-041-050,LOT-SYN-041,ISRO_MOCK,CMOS_LOGIC,HEX_INVERTER,CERAMIC_FP,168,125,1.5,2166.121,309.443,191.55,0.2143,HEALTHY,NONE,0,1,synthetic,semiconductor_synthetic,physics_RD_power_law,0.1
COMP-SYN-041-051,LOT-SYN-041,ISRO_MOCK,CMOS_LOGIC,HEX_INVERTER,CERAMIC_FP,0,125,1.5,2108.804,320.564,185.3,0.0,HEALTHY,NONE,0,1,synthetic,semiconductor_synthetic,physics_RD_power_law,0.1
COMP-SYN-041-051,LOT-SYN-041,ISRO_MOCK,CMOS_LOGIC,HEX_INVERTER,CERAMIC_FP,24,125,1.5,2114.628,319.023,191.78,0.1452,HEALTHY,NONE,0,1,synthetic,semiconductor_synthetic,physics_RD_power_law,0.1
COMP-SYN-041-051,LOT-SYN-041,ISRO_MOCK,CMOS_LOGIC,HEX_INVERTER,CERAMIC_FP,96,125,1.5,2125.756,319.752,193.52,0.1916,HEALTHY,NONE,0,1,synthetic,semiconductor_synthetic,physics_RD_power_law,0.1
COMP-SYN-041-051,LOT-SYN-041,ISRO_MOCK,CMOS_LOGIC,HEX_INVERTER,CERAMIC_FP,168,125,1.5,2067.634,317.322,192.49,0.2143,HEALTHY,NONE,0,1,synthetic,semiconductor_synthetic,physics_RD_power_law,0.1
COMP-SYN-041-052,LOT-SYN-041,ISRO_MOCK,CMOS_LOGIC,HEX_INVERTER,CERAMIC_FP,0,125,1.5,2142.055,322.383,177.12,0.0,HEALTHY,NONE,0,1,synthetic,semiconductor_synthetic,physics_RD_power_law,0.1
COMP-SYN-041-052,LOT-SYN-041,ISRO_MOCK,CMOS_LOGIC,HEX_INVERTER,CERAMIC_FP,24,125,1.5,2114.114,318.787,183.74,0.1452,HEALTHY,NONE,0,1,synthetic,semiconductor_synthetic,physics_RD_power_law,0.1
COMP-SYN-041-052,LOT-SYN-041,ISRO_MOCK,CMOS_LOGIC,HEX_INVERTER,CERAMIC_FP,96,125,1.5,2104.895,317.867,189.98,0.1916,HEALTHY,NONE,0,1,synthetic,semiconductor_synthetic,physics_RD_power_law,0.1
COMP-SYN-041-052,LOT-SYN-041,ISRO_MOCK,CMOS_LOGIC,HEX_INVERTER,CERAMIC_FP,168,125,1.5,2126.564,319.592,188.57,0.2143,HEALTHY,NONE,0,1,synthetic,semiconductor_synthetic,physics_RD_power_law,0.1
COMP-SYN-041-053,LOT-SYN-041,ISRO_MOCK,CMOS_LOGIC,HEX_INVERTER,CERAMIC_FP,0,125,1.5,2163.591,318.026,184.23,0.0,HEALTHY,NONE,0,1,synthetic,semiconductor_synthetic,physics_RD_power_law,0.1
COMP-SYN-041-053,LOT-SYN-041,ISRO_MOCK,CMOS_LOGIC,HEX_INVERTER,CERAMIC_FP,24,125,1.5,2162.548,317.434,190.6,0.1452,HEALTHY,NONE,0,1,synthetic,semiconductor_synthetic,physics_RD_power_law,0.1
COMP-SYN-041-053,LOT-SYN-041,ISRO_MOCK,CMOS_LOGIC,HEX_INVERTER,CERAMIC_FP,96,125,1.5,2112.644,323.425,193.06,0.1916,HEALTHY,NONE,0,1,synthetic,semiconductor_synthetic,physics_RD_power_law,0.1
COMP-SYN-041-053,LOT-SYN-041,ISRO_MOCK,CMOS_LOGIC,HEX_INVERTER,CERAMIC_FP,168,125,1.5,2123.431,314.697,196.03,0.2143,HEALTHY,NONE,0,1,synthetic,semiconductor_synthetic,physics_RD_power_law,0.1
COMP-SYN-041-054,LOT-SYN-041,ISRO_MOCK,CMOS_LOGIC,HEX_INVERTER,CERAMIC_FP,0,125,1.5,2028.782,330.217,187.57,0.0,HEALTHY,NONE,0,1,synthetic,semiconductor_synthetic,physics_RD_power_law,0.1
COMP-SYN-041-054,LOT-SYN-041,ISRO_MOCK,CMOS_LOGIC,HEX_INVERTER,CERAMIC_FP,24,125,1.5,2011.433,332.018,190.76,0.1452,HEALTHY,NONE,0,1,synthetic,semiconductor_synthetic,physics_RD_power_law,0.1
COMP-SYN-041-054,LOT-SYN-041,ISRO_MOCK,CMOS_LOGIC,HEX_INVERTER,CERAMIC_FP,96,125,1.5,2028.262,327.758,192.59,0.1916,HEALTHY,NONE,0,1,synthetic,semiconductor_synthetic,physics_RD_power_law,0.1
COMP-SYN-041-054,LOT-SYN-041,ISRO_MOCK,CMOS_LOGIC,HEX_INVERTER,CERAMIC_FP,168,125,1.5,1963.598,324.095,198.14,0.2143,HEALTHY,NONE,0,1,synthetic,semiconductor_synthetic,physics_RD_power_law,0.1
COMP-SYN-041-055,LOT-SYN-041,ISRO_MOCK,CMOS_LOGIC,HEX_INVERTER,CERAMIC_FP,0,125,1.5,2120.112,319.549,199.29,0.0,HEALTHY,NONE,0,1,synthetic,semiconductor_synthetic,physics_RD_power_law,0.1
COMP-SYN-041-055,LOT-SYN-041,ISRO_MOCK,CMOS_LOGIC,HEX_INVERTER,CERAMIC_FP,24,125,1.5,2067.455,312.801,207.71,0.1452,HEALTHY,NONE,0,1,synthetic,semiconductor_synthetic,physics_RD_power_law,0.1
COMP-SYN-041-055,LOT-SYN-041,ISRO_MOCK,CMOS_LOGIC,HEX_INVERTER,CERAMIC_FP,96,125,1.5,2091.228,317.247,207.06,0.1916,HEALTHY,NONE,0,1,synthetic,semiconductor_synthetic,physics_RD_power_law,0.1
COMP-SYN-041-055,LOT-SYN-041,ISRO_MOCK,CMOS_LOGIC,HEX_INVERTER,CERAMIC_FP,168,125,1.5,2060.371,315.101,207.69,0.2143,HEALTHY,NONE,0,1,synthetic,semiconductor_synthetic,physics_RD_power_law,0.1
COMP-SYN-041-056,LOT-SYN-041,ISRO_MOCK,CMOS_LOGIC,HEX_INVERTER,CERAMIC_FP,0,125,1.5,2068.779,300.618,188.53,0.0,HEALTHY,NONE,0,1,synthetic,semiconductor_synthetic,physics_RD_power_law,0.1
COMP-SYN-041-056,LOT-SYN-041,ISRO_MOCK,CMOS_LOGIC,HEX_INVERTER,CERAMIC_FP,24,125,1.5,2052.575,296.594,196.67,0.1452,HEALTHY,NONE,0,1,synthetic,semiconductor_synthetic,physics_RD_power_law,0.1
COMP-SYN-041-056,LOT-SYN-041,ISRO_MOCK,CMOS_LOGIC,HEX_INVERTER,CERAMIC_FP,96,125,1.5,2033.639,292.186,196.36,0.1916,HEALTHY,NONE,0,1,synthetic,semiconductor_synthetic,physics_RD_power_law,0.1
COMP-SYN-041-056,LOT-SYN-041,ISRO_MOCK,CMOS_LOGIC,HEX_INVERTER,CERAMIC_FP,168,125,1.5,2046.772,294.392,204.22,0.2143,HEALTHY,NONE,0,1,synthetic,semiconductor_synthetic,physics_RD_power_law,0.1
COMP-SYN-041-057,LOT-SYN-041,ISRO_MOCK,CMOS_LOGIC,HEX_INVERTER,CERAMIC_FP,0,125,1.5,2272.319,312.839,185.29,0.0,HEALTHY,NONE,0,1,synthetic,semiconductor_synthetic,physics_RD_power_law,0.1
COMP-SYN-041-057,LOT-SYN-041,ISRO_MOCK,CMOS_LOGIC,HEX_INVERTER,CERAMIC_FP,24,125,1.5,2248.997,303.921,191.92,0.1452,HEALTHY,NONE,0,1,synthetic,semiconductor_synthetic,physics_RD_power_law,0.1
COMP-SYN-041-057,LOT-SYN-041,ISRO_MOCK,CMOS_LOGIC,HEX_INVERTER,CERAMIC_FP,96,125,1.5,2214.471,307.627,197.49,0.1916,HEALTHY,NONE,0,1,synthetic,semiconductor_synthetic,physics_RD_power_law,0.1
COMP-SYN-041-057,LOT-SYN-041,ISRO_MOCK,CMOS_LOGIC,HEX_INVERTER,CERAMIC_FP,168,125,1.5,2231.827,310.164,192.71,0.2143,HEALTHY,NONE,0,1,synthetic,semiconductor_synthetic,physics_RD_power_law,0.1
COMP-SYN-041-058,LOT-SYN-041,ISRO_MOCK,CMOS_LOGIC,HEX_INVERTER,CERAMIC_FP,0,125,1.5,2045.206,331.741,188.82,0.0,HEALTHY,NONE,0,1,synthetic,semiconductor_synthetic,physics_RD_power_law,0.1
COMP-SYN-041-058,LOT-SYN-041,ISRO_MOCK,CMOS_LOGIC,HEX_INVERTER,CERAMIC_FP,24,125,1.5,2039.898,329.988,194.68,0.1452,HEALTHY,NONE,0,1,synthetic,semiconductor_synthetic,physics_RD_power_law,0.1
COMP-SYN-041-058,LOT-SYN-041,ISRO_MOCK,CMOS_LOGIC,HEX_INVERTER,CERAMIC_FP,96,125,1.5,2067.896,332.489,198.74,0.1916,HEALTHY,NONE,0,1,synthetic,semiconductor_synthetic,physics_RD_power_law,0.1
COMP-SYN-041-058,LOT-SYN-041,ISRO_MOCK,CMOS_LOGIC,HEX_INVERTER,CERAMIC_FP,168,125,1.5,2077.683,331.816,203.33,0.2143,HEALTHY,NONE,0,1,synthetic,semiconductor_synthetic,physics_RD_power_law,0.1
COMP-SYN-041-059,LOT-SYN-041,ISRO_MOCK,CMOS_LOGIC,HEX_INVERTER,CERAMIC_FP,0,125,1.5,2114.443,331.621,178.01,0.0,HEALTHY,NONE,0,1,synthetic,semiconductor_synthetic,physics_RD_power_law,0.1
COMP-SYN-041-059,LOT-SYN-041,ISRO_MOCK,CMOS_LOGIC,HEX_INVERTER,CERAMIC_FP,24,125,1.5,2066.818,332.644,185.45,0.1452,HEALTHY,NONE,0,1,synthetic,semiconductor_synthetic,physics_RD_power_law,0.1
COMP-SYN-041-059,LOT-SYN-041,ISRO_MOCK,CMOS_LOGIC,HEX_INVERTER,CERAMIC_FP,96,125,1.5,2103.22,335.546,187.52,0.1916,HEALTHY,NONE,0,1,synthetic,semiconductor_synthetic,physics_RD_power_law,0.1
COMP-SYN-041-059,LOT-SYN-041,ISRO_MOCK,CMOS_LOGIC,HEX_INVERTER,CERAMIC_FP,168,125,1.5,2097.694,329.125,187.9,0.2143,HEALTHY,NONE,0,1,synthetic,semiconductor_synthetic,physics_RD_power_law,0.1
COMP-SYN-041-060,LOT-SYN-041,ISRO_MOCK,CMOS_LOGIC,HEX_INVERTER,CERAMIC_FP,0,125,1.5,2014.51,302.344,187.08,0.0,HEALTHY,NONE,0,1,synthetic,semiconductor_synthetic,physics_RD_power_law,0.1
COMP-SYN-041-060,LOT-SYN-041,ISRO_MOCK,CMOS_LOGIC,HEX_INVERTER,CERAMIC_FP,24,125,1.5,2008.472,302.338,190.03,0.1452,HEALTHY,NONE,0,1,synthetic,semiconductor_synthetic,physics_RD_power_law,0.1
COMP-SYN-041-060,LOT-SYN-041,ISRO_MOCK,CMOS_LOGIC,HEX_INVERTER,CERAMIC_FP,96,125,1.5,2011.322,299.109,193.96,0.1916,HEALTHY,NONE,0,1,synthetic,semiconductor_synthetic,physics_RD_power_law,0.1
COMP-SYN-041-060,LOT-SYN-041,ISRO_MOCK,CMOS_LOGIC,HEX_INVERTER,CERAMIC_FP,168,125,1.5,2006.471,300.237,192.89,0.2143,HEALTHY,NONE,0,1,synthetic,semiconductor_synthetic,physics_RD_power_law,0.1
COMP-SYN-041-061,LOT-SYN-041,ISRO_MOCK,CMOS_LOGIC,HEX_INVERTER,CERAMIC_FP,0,125,1.5,2059.384,321.052,193.85,0.0,HEALTHY,NONE,0,1,synthetic,semiconductor_synthetic,physics_RD_power_law,0.1
COMP-SYN-041-061,LOT-SYN-041,ISRO_MOCK,CMOS_LOGIC,HEX_INVERTER,CERAMIC_FP,24,125,1.5,2030.666,317.707,203.08,0.1452,HEALTHY,NONE,0,1,synthetic,semiconductor_synthetic,physics_RD_power_law,0.1
COMP-SYN-041-061,LOT-SYN-041,ISRO_MOCK,CMOS_LOGIC,HEX_INVERTER,CERAMIC_FP,96,125,1.5,2057.079,311.226,203.66,0.1916,HEALTHY,NONE,0,1,synthetic,semiconductor_synthetic,physics_RD_power_law,0.1
COMP-SYN-041-061,LOT-SYN-041,ISRO_MOCK,CMOS_LOGIC,HEX_INVERTER,CERAMIC_FP,168,125,1.5,2031.464,323.083,206.01,0.2143,HEALTHY,NONE,0,1,synthetic,semiconductor_synthetic,physics_RD_power_law,0.1
COMP-SYN-041-062,LOT-SYN-041,ISRO_MOCK,CMOS_LOGIC,HEX_INVERTER,CERAMIC_FP,0,125,1.5,2124.202,319.936,181.93,0.0,HEALTHY,NONE,0,1,synthetic,semiconductor_synthetic,physics_RD_power_law,0.1
COMP-SYN-041-062,LOT-SYN-041,ISRO_MOCK,CMOS_LOGIC,HEX_INVERTER,CERAMIC_FP,24,125,1.5,2096.206,312.302,186.28,0.1452,HEALTHY,NONE,0,1,synthetic,semiconductor_synthetic,physics_RD_power_law,0.1
COMP-SYN-041-062,LOT-SYN-041,ISRO_MOCK,CMOS_LOGIC,HEX_INVERTER,CERAMIC_FP,96,125,1.5,2076.287,316.593,189.66,0.1916,HEALTHY,NONE,0,1,synthetic,semiconductor_synthetic,physics_RD_power_law,0.1
COMP-SYN-041-062,LOT-SYN-041,ISRO_MOCK,CMOS_LOGIC,HEX_INVERTER,CERAMIC_FP,168,125,1.5,2066.733,317.523,192.53,0.2143,HEALTHY,NONE,0,1,synthetic,semiconductor_synthetic,physics_RD_power_law,0.1
COMP-SYN-041-063,LOT-SYN-041,ISRO_MOCK,CMOS_LOGIC,HEX_INVERTER,CERAMIC_FP,0,125,1.5,2033.71,322.416,189.31,0.0,HEALTHY,NONE,0,1,synthetic,semiconductor_synthetic,physics_RD_power_law,0.1
COMP-SYN-041-063,LOT-SYN-041,ISRO_MOCK,CMOS_LOGIC,HEX_INVERTER,CERAMIC_FP,24,125,1.5,1973.676,315.347,192.78,0.1452,HEALTHY,NONE,0,1,synthetic,semiconductor_synthetic,physics_RD_power_law,0.1
COMP-SYN-041-063,LOT-SYN-041,ISRO_MOCK,CMOS_LOGIC,HEX_INVERTER,CERAMIC_FP,96,125,1.5,1989.535,317.705,199.73,0.1916,HEALTHY,NONE,0,1,synthetic,semiconductor_synthetic,physics_RD_power_law,0.1
COMP-SYN-041-063,LOT-SYN-041,ISRO_MOCK,CMOS_LOGIC,HEX_INVERTER,CERAMIC_FP,168,125,1.5,1975.006,311.71,199.52,0.2143,HEALTHY,NONE,0,1,synthetic,semiconductor_synthetic,physics_RD_power_law,0.1
COMP-SYN-041-064,LOT-SYN-041,ISRO_MOCK,CMOS_LOGIC,HEX_INVERTER,CERAMIC_FP,0,125,1.5,2005.118,322.295,187.48,0.0,HEALTHY,NONE,0,1,synthetic,semiconductor_synthetic,physics_RD_power_law,0.1
COMP-SYN-041-064,LOT-SYN-041,ISRO_MOCK,CMOS_LOGIC,HEX_INVERTER,CERAMIC_FP,24,125,1.5,1971.934,312.581,189.78,0.1452,HEALTHY,NONE,0,1,synthetic,semiconductor_synthetic,physics_RD_power_law,0.1
COMP-SYN-041-064,LOT-SYN-041,ISRO_MOCK,CMOS_LOGIC,HEX_INVERTER,CERAMIC_FP,96,125,1.5,1981.325,316.424,192.19,0.1916,HEALTHY,NONE,0,1,synthetic,semiconductor_synthetic,physics_RD_power_law,0.1
COMP-SYN-041-064,LOT-SYN-041,ISRO_MOCK,CMOS_LOGIC,HEX_INVERTER,CERAMIC_FP,168,125,1.5,1954.634,318.199,195.33,0.2143,HEALTHY,NONE,0,1,synthetic,semiconductor_synthetic,physics_RD_power_law,0.1
COMP-SYN-041-065,LOT-SYN-041,ISRO_MOCK,CMOS_LOGIC,HEX_INVERTER,CERAMIC_FP,0,125,1.5,1942.573,331.208,190.15,0.0,HEALTHY,NONE,0,1,synthetic,semiconductor_synthetic,physics_RD_power_law,0.1
COMP-SYN-041-065,LOT-SYN-041,ISRO_MOCK,CMOS_LOGIC,HEX_INVERTER,CERAMIC_FP,24,125,1.5,2024.816,321.221,194.17,0.1452,HEALTHY,NONE,0,1,synthetic,semiconductor_synthetic,physics_RD_power_law,0.1
COMP-SYN-041-065,LOT-SYN-041,ISRO_MOCK,CMOS_LOGIC,HEX_INVERTER,CERAMIC_FP,96,125,1.5,1952.515,319.897,197.76,0.1916,HEALTHY,NONE,0,1,synthetic,semiconductor_synthetic,physics_RD_power_law,0.1
COMP-SYN-041-065,LOT-SYN-041,ISRO_MOCK,CMOS_LOGIC,HEX_INVERTER,CERAMIC_FP,168,125,1.5,1996.257,325.756,198.18,0.2143,HEALTHY,NONE,0,1,synthetic,semiconductor_synthetic,physics_RD_power_law,0.1
COMP-SYN-041-066,LOT-SYN-041,ISRO_MOCK,CMOS_LOGIC,HEX_INVERTER,CERAMIC_FP,0,125,1.5,2197.919,310.937,189.8,0.0,FAILED,GATE_OXIDE_SHORT,1,1,synthetic,semiconductor_synthetic,physics_RD_power_law,0.1
COMP-SYN-041-066,LOT-SYN-041,ISRO_MOCK,CMOS_LOGIC,HEX_INVERTER,CERAMIC_FP,24,125,1.5,2032.997,293.133,253.98,1.4524,FAILED,GATE_OXIDE_SHORT,1,1,synthetic,semiconductor_synthetic,physics_RD_power_law,0.1
COMP-SYN-041-066,LOT-SYN-041,ISRO_MOCK,CMOS_LOGIC,HEX_INVERTER,CERAMIC_FP,96,125,1.5,2056.09,289.65,276.23,1.9165,FAILED,GATE_OXIDE_SHORT,1,1,synthetic,semiconductor_synthetic,physics_RD_power_law,0.1
COMP-SYN-041-066,LOT-SYN-041,ISRO_MOCK,CMOS_LOGIC,HEX_INVERTER,CERAMIC_FP,168,125,1.5,1979.465,301.085,282.21,2.1434,FAILED,GATE_OXIDE_SHORT,1,1,synthetic,semiconductor_synthetic,physics_RD_power_law,0.1
COMP-SYN-041-067,LOT-SYN-041,ISRO_MOCK,CMOS_LOGIC,HEX_INVERTER,CERAMIC_FP,0,125,1.5,1987.787,337.121,183.64,0.0,HEALTHY,NONE,0,1,synthetic,semiconductor_synthetic,physics_RD_power_law,0.1
COMP-SYN-041-067,LOT-SYN-041,ISRO_MOCK,CMOS_LOGIC,HEX_INVERTER,CERAMIC_FP,24,125,1.5,1990.06,333.406,198.67,0.1452,HEALTHY,NONE,0,1,synthetic,semiconductor_synthetic,physics_RD_power_law,0.1
COMP-SYN-041-067,LOT-SYN-041,ISRO_MOCK,CMOS_LOGIC,HEX_INVERTER,CERAMIC_FP,96,125,1.5,1956.925,333.446,198.21,0.1916,HEALTHY,NONE,0,1,synthetic,semiconductor_synthetic,physics_RD_power_law,0.1
COMP-SYN-041-067,LOT-SYN-041,ISRO_MOCK,CMOS_LOGIC,HEX_INVERTER,CERAMIC_FP,168,125,1.5,1956.836,332.117,199.61,0.2143,HEALTHY,NONE,0,1,synthetic,semiconductor_synthetic,physics_RD_power_law,0.1
COMP-SYN-041-068,LOT-SYN-041,ISRO_MOCK,CMOS_LOGIC,HEX_INVERTER,CERAMIC_FP,0,125,1.5,2097.021,306.585,182.81,0.0,HEALTHY,NONE,0,1,synthetic,semiconductor_synthetic,physics_RD_power_law,0.1
COMP-SYN-041-068,LOT-SYN-041,ISRO_MOCK,CMOS_LOGIC,HEX_INVERTER,CERAMIC_FP,24,125,1.5,2111.591,308.78,187.95,0.1452,HEALTHY,NONE,0,1,synthetic,semiconductor_synthetic,physics_RD_power_law,0.1
COMP-SYN-041-068,LOT-SYN-041,ISRO_MOCK,CMOS_LOGIC,HEX_INVERTER,CERAMIC_FP,96,125,1.5,2066.098,306.602,190.95,0.1916,HEALTHY,NONE,0,1,synthetic,semiconductor_synthetic,physics_RD_power_law,0.1
COMP-SYN-041-068,LOT-SYN-041,ISRO_MOCK,CMOS_LOGIC,HEX_INVERTER,CERAMIC_FP,168,125,1.5,2062.153,302.324,191.27,0.2143,HEALTHY,NONE,0,1,synthetic,semiconductor_synthetic,physics_RD_power_law,0.1
COMP-SYN-041-069,LOT-SYN-041,ISRO_MOCK,CMOS_LOGIC,HEX_INVERTER,CERAMIC_FP,0,125,1.5,2040.63,310.929,185.18,0.0,HEALTHY,NONE,0,1,synthetic,semiconductor_synthetic,physics_RD_power_law,0.1
COMP-SYN-041-069,LOT-SYN-041,ISRO_MOCK,CMOS_LOGIC,HEX_INVERTER,CERAMIC_FP,24,125,1.5,2054.186,310.067,195.04,0.1452,HEALTHY,NONE,0,1,synthetic,semiconductor_synthetic,physics_RD_power_law,0.1
COMP-SYN-041-069,LOT-SYN-041,ISRO_MOCK,CMOS_LOGIC,HEX_INVERTER,CERAMIC_FP,96,125,1.5,2033.356,305.297,194.52,0.1916,HEALTHY,NONE,0,1,synthetic,semiconductor_synthetic,physics_RD_power_law,0.1
COMP-SYN-041-069,LOT-SYN-041,ISRO_MOCK,CMOS_LOGIC,HEX_INVERTER,CERAMIC_FP,168,125,1.5,1998.614,313.288,195.2,0.2143,HEALTHY,NONE,0,1,synthetic,semiconductor_synthetic,physics_RD_power_law,0.1
COMP-SYN-041-070,LOT-SYN-041,ISRO_MOCK,CMOS_LOGIC,HEX_INVERTER,CERAMIC_FP,0,125,1.5,2143.036,307.263,192.67,0.0,HEALTHY,NONE,0,1,synthetic,semiconductor_synthetic,physics_RD_power_law,0.1
COMP-SYN-041-070,LOT-SYN-041,ISRO_MOCK,CMOS_LOGIC,HEX_INVERTER,CERAMIC_FP,24,125,1.5,2084.158,302.372,198.93,0.1452,HEALTHY,NONE,0,1,synthetic,semiconductor_synthetic,physics_RD_power_law,0.1
COMP-SYN-041-070,LOT-SYN-041,ISRO_MOCK,CMOS_LOGIC,HEX_INVERTER,CERAMIC_FP,96,125,1.5,2111.965,306.472,202.75,0.1916,HEALTHY,NONE,0,1,synthetic,semiconductor_synthetic,physics_RD_power_law,0.1
COMP-SYN-041-070,LOT-SYN-041,ISRO_MOCK,CMOS_LOGIC,HEX_INVERTER,CERAMIC_FP,168,125,1.5,2077.47,306.56,204.69,0.2143,HEALTHY,NONE,0,1,synthetic,semiconductor_synthetic,physics_RD_power_law,0.1
COMP-SYN-041-071,LOT-SYN-041,ISRO_MOCK,CMOS_LOGIC,HEX_INVERTER,CERAMIC_FP,0,125,1.5,2210.348,307.046,181.96,0.0,HEALTHY,NONE,0,1,synthetic,semiconductor_synthetic,physics_RD_power_law,0.1
COMP-SYN-041-071,LOT-SYN-041,ISRO_MOCK,CMOS_LOGIC,HEX_INVERTER,CERAMIC_FP,24,125,1.5,2190.456,303.933,193.02,0.1452,HEALTHY,NONE,0,1,synthetic,semiconductor_synthetic,physics_RD_power_law,0.1
COMP-SYN-041-071,LOT-SYN-041,ISRO_MOCK,CMOS_LOGIC,HEX_INVERTER,CERAMIC_FP,96,125,1.5,2173.805,310.467,191.0,0.1916,HEALTHY,NONE,0,1,synthetic,semiconductor_synthetic,physics_RD_power_law,0.1
COMP-SYN-041-071,LOT-SYN-041,ISRO_MOCK,CMOS_LOGIC,HEX_INVERTER,CERAMIC_FP,168,125,1.5,2175.741,306.769,190.27,0.2143,HEALTHY,NONE,0,1,synthetic,semiconductor_synthetic,physics_RD_power_law,0.1
COMP-SYN-041-072,LOT-SYN-041,ISRO_MOCK,CMOS_LOGIC,HEX_INVERTER,CERAMIC_FP,0,125,1.5,2039.101,327.854,188.94,0.0,HEALTHY,NONE,0,1,synthetic,semiconductor_synthetic,physics_RD_power_law,0.1
COMP-SYN-041-072,LOT-SYN-041,ISRO_MOCK,CMOS_LOGIC,HEX_INVERTER,CERAMIC_FP,24,125,1.5,1995.987,315.645,198.07,0.1452,HEALTHY,NONE,0,1,synthetic,semiconductor_synthetic,physics_RD_power_law,0.1
COMP-SYN-041-072,LOT-SYN-041,ISRO_MOCK,CMOS_LOGIC,HEX_INVERTER,CERAMIC_FP,96,125,1.5,2011.464,326.28,196.43,0.1916,HEALTHY,NONE,0,1,synthetic,semiconductor_synthetic,physics_RD_power_law,0.1
COMP-SYN-041-072,LOT-SYN-041,ISRO_MOCK,CMOS_LOGIC,HEX_INVERTER,CERAMIC_FP,168,125,1.5,1987.322,321.429,199.65,0.2143,HEALTHY,NONE,0,1,synthetic,semiconductor_synthetic,physics_RD_power_law,0.1
COMP-SYN-041-073,LOT-SYN-041,ISRO_MOCK,CMOS_LOGIC,HEX_INVERTER,CERAMIC_FP,0,125,1.5,2242.871,306.245,182.42,0.0,HEALTHY,NONE,0,1,synthetic,semiconductor_synthetic,physics_RD_power_law,0.1
COMP-SYN-041-073,LOT-SYN-041,ISRO_MOCK,CMOS_LOGIC,HEX_INVERTER,CERAMIC_FP,24,125,1.5,2250.503,309.037,190.48,0.1452,HEALTHY,NONE,0,1,synthetic,semiconductor_synthetic,physics_RD_power_law,0.1
COMP-SYN-041-073,LOT-SYN-041,ISRO_MOCK,CMOS_LOGIC,HEX_INVERTER,CERAMIC_FP,96,125,1.5,2218.818,312.18,190.67,0.1916,HEALTHY,NONE,0,1,synthetic,semiconductor_synthetic,physics_RD_power_law,0.1
COMP-SYN-041-073,LOT-SYN-041,ISRO_MOCK,CMOS_LOGIC,HEX_INVERTER,CERAMIC_FP,168,125,1.5,2236.867,310.638,189.6,0.2143,HEALTHY,NONE,0,1,synthetic,semiconductor_synthetic,physics_RD_power_law,0.1
COMP-SYN-041-074,LOT-SYN-041,ISRO_MOCK,CMOS_LOGIC,HEX_INVERTER,CERAMIC_FP,0,125,1.5,2233.092,314.3,186.15,0.0,HEALTHY,NONE,0,1,synthetic,semiconductor_synthetic,physics_RD_power_law,0.1
COMP-SYN-041-074,LOT-SYN-041,ISRO_MOCK,CMOS_LOGIC,HEX_INVERTER,CERAMIC_FP,24,125,1.5,2209.54,313.399,190.85,0.1452,HEALTHY,NONE,0,1,synthetic,semiconductor_synthetic,physics_RD_power_law,0.1
COMP-SYN-041-074,LOT-SYN-041,ISRO_MOCK,CMOS_LOGIC,HEX_INVERTER,CERAMIC_FP,96,125,1.5,2209.471,312.502,193.69,0.1916,HEALTHY,NONE,0,1,synthetic,semiconductor_synthetic,physics_RD_power_law,0.1
COMP-SYN-041-074,LOT-SYN-041,ISRO_MOCK,CMOS_LOGIC,HEX_INVERTER,CERAMIC_FP,168,125,1.5,2213.136,307.214,195.3,0.2143,HEALTHY,NONE,0,1,synthetic,semiconductor_synthetic,physics_RD_power_law,0.1
COMP-SYN-041-075,LOT-SYN-041,ISRO_MOCK,CMOS_LOGIC,HEX_INVERTER,CERAMIC_FP,0,125,1.5,2234.16,325.573,189.66,0.0,HEALTHY,NONE,0,1,synthetic,semiconductor_synthetic,physics_RD_power_law,0.1
COMP-SYN-041-075,LOT-SYN-041,ISRO_MOCK,CMOS_LOGIC,HEX_INVERTER,CERAMIC_FP,24,125,1.5,2220.506,331.433,194.39,0.1452,HEALTHY,NONE,0,1,synthetic,semiconductor_synthetic,physics_RD_power_law,0.1
COMP-SYN-041-075,LOT-SYN-041,ISRO_MOCK,CMOS_LOGIC,HEX_INVERTER,CERAMIC_FP,96,125,1.5,2255.784,327.068,196.94,0.1916,HEALTHY,NONE,0,1,synthetic,semiconductor_synthetic,physics_RD_power_law,0.1
COMP-SYN-041-075,LOT-SYN-041,ISRO_MOCK,CMOS_LOGIC,HEX_INVERTER,CERAMIC_FP,168,125,1.5,2196.295,323.709,200.77,0.2143,HEALTHY,NONE,0,1,synthetic,semiconductor_synthetic,physics_RD_power_law,0.1
COMP-SYN-041-076,LOT-SYN-041,ISRO_MOCK,CMOS_LOGIC,HEX_INVERTER,CERAMIC_FP,0,125,1.5,2054.478,310.01,186.03,0.0,HEALTHY,NONE,0,1,synthetic,semiconductor_synthetic,physics_RD_power_law,0.1
COMP-SYN-041-076,LOT-SYN-041,ISRO_MOCK,CMOS_LOGIC,HEX_INVERTER,CERAMIC_FP,24,125,1.5,2018.202,307.166,194.67,0.1452,HEALTHY,NONE,0,1,synthetic,semiconductor_synthetic,physics_RD_power_law,0.1
COMP-SYN-041-076,LOT-SYN-041,ISRO_MOCK,CMOS_LOGIC,HEX_INVERTER,CERAMIC_FP,96,125,1.5,2026.312,309.226,200.34,0.1916,HEALTHY,NONE,0,1,synthetic,semiconductor_synthetic,physics_RD_power_law,0.1
COMP-SYN-041-076,LOT-SYN-041,ISRO_MOCK,CMOS_LOGIC,HEX_INVERTER,CERAMIC_FP,168,125,1.5,2011.861,302.49,193.51,0.2143,HEALTHY,NONE,0,1,synthetic,semiconductor_synthetic,physics_RD_power_law,0.1
COMP-SYN-041-077,LOT-SYN-041,ISRO_MOCK,CMOS_LOGIC,HEX_INVERTER,CERAMIC_FP,0,125,1.5,1970.119,326.641,191.4,0.0,HEALTHY,NONE,0,1,synthetic,semiconductor_synthetic,physics_RD_power_law,0.1
COMP-SYN-041-077,LOT-SYN-041,ISRO_MOCK,CMOS_LOGIC,HEX_INVERTER,CERAMIC_FP,24,125,1.5,1977.76,325.858,197.47,0.1452,HEALTHY,NONE,0,1,synthetic,semiconductor_synthetic,physics_RD_power_law,0.1
COMP-SYN-041-077,LOT-SYN-041,ISRO_MOCK,CMOS_LOGIC,HEX_INVERTER,CERAMIC_FP,96,125,1.5,1964.998,325.186,198.87,0.1916,HEALTHY,NONE,0,1,synthetic,semiconductor_synthetic,physics_RD_power_law,0.1
COMP-SYN-041-077,LOT-SYN-041,ISRO_MOCK,CMOS_LOGIC,HEX_INVERTER,CERAMIC_FP,168,125,1.5,1935.521,327.062,198.36,0.2143,HEALTHY,NONE,0,1,synthetic,semiconductor_synthetic,physics_RD_power_law,0.1
COMP-SYN-041-078,LOT-SYN-041,ISRO_MOCK,CMOS_LOGIC,HEX_INVERTER,CERAMIC_FP,0,125,1.5,2224.526,322.219,190.66,0.0,HEALTHY,NONE,0,1,synthetic,semiconductor_synthetic,physics_RD_power_law,0.1
COMP-SYN-041-078,LOT-SYN-041,ISRO_MOCK,CMOS_LOGIC,HEX_INVERTER,CERAMIC_FP,24,125,1.5,2231.982,308.113,199.58,0.1452,HEALTHY,NONE,0,1,synthetic,semiconductor_synthetic,physics_RD_power_law,0.1
COMP-SYN-041-078,LOT-SYN-041,ISRO_MOCK,CMOS_LOGIC,HEX_INVERTER,CERAMIC_FP,96,125,1.5,2208.779,304.089,200.41,0.1916,HEALTHY,NONE,0,1,synthetic,semiconductor_synthetic,physics_RD_power_law,0.1
COMP-SYN-041-078,LOT-SYN-041,ISRO_MOCK,CMOS_LOGIC,HEX_INVERTER,CERAMIC_FP,168,125,1.5,2178.63,310.962,202.62,0.2143,HEALTHY,NONE,0,1,synthetic,semiconductor_synthetic,physics_RD_power_law,0.1
COMP-SYN-041-079,LOT-SYN-041,ISRO_MOCK,CMOS_LOGIC,HEX_INVERTER,CERAMIC_FP,0,125,1.5,2424.661,316.65,185.35,0.0,HEALTHY,NONE,0,1,synthetic,semiconductor_synthetic,physics_RD_power_law,0.1
COMP-SYN-041-079,LOT-SYN-041,ISRO_MOCK,CMOS_LOGIC,HEX_INVERTER,CERAMIC_FP,24,125,1.5,2418.205,312.024,194.88,0.1452,HEALTHY,NONE,0,1,synthetic,semiconductor_synthetic,physics_RD_power_law,0.1
COMP-SYN-041-079,LOT-SYN-041,ISRO_MOCK,CMOS_LOGIC,HEX_INVERTER,CERAMIC_FP,96,125,1.5,2425.09,308.798,194.61,0.1916,HEALTHY,NONE,0,1,synthetic,semiconductor_synthetic,physics_RD_power_law,0.1
COMP-SYN-041-079,LOT-SYN-041,ISRO_MOCK,CMOS_LOGIC,HEX_INVERTER,CERAMIC_FP,168,125,1.5,2428.619,315.944,194.9,0.2143,HEALTHY,NONE,0,1,synthetic,semiconductor_synthetic,physics_RD_power_law,0.1
COMP-SYN-041-080,LOT-SYN-041,ISRO_MOCK,CMOS_LOGIC,HEX_INVERTER,CERAMIC_FP,0,125,1.5,1968.004,325.695,185.79,0.0,HEALTHY,NONE,0,1,synthetic,semiconductor_synthetic,physics_RD_power_law,0.1
COMP-SYN-041-080,LOT-SYN-041,ISRO_MOCK,CMOS_LOGIC,HEX_INVERTER,CERAMIC_FP,24,125,1.5,1979.508,320.443,192.21,0.1452,HEALTHY,NONE,0,1,synthetic,semiconductor_synthetic,physics_RD_power_law,0.1
COMP-SYN-041-080,LOT-SYN-041,ISRO_MOCK,CMOS_LOGIC,HEX_INVERTER,CERAMIC_FP,96,125,1.5,1929.69,324.971,191.09,0.1916,HEALTHY,NONE,0,1,synthetic,semiconductor_synthetic,physics_RD_power_law,0.1
COMP-SYN-041-080,LOT-SYN-041,ISRO_MOCK,CMOS_LOGIC,HEX_INVERTER,CERAMIC_FP,168,125,1.5,1947.044,321.296,193.8,0.2143,HEALTHY,NONE,0,1,synthetic,semiconductor_synthetic,physics_RD_power_law,0.1
COMP-SYN-041-081,LOT-SYN-041,ISRO_MOCK,CMOS_LOGIC,HEX_INVERTER,CERAMIC_FP,0,125,1.5,2064.964,304.733,186.56,0.0,HEALTHY,NONE,0,1,synthetic,semiconductor_synthetic,physics_RD_power_law,0.1
COMP-SYN-041-081,LOT-SYN-041,ISRO_MOCK,CMOS_LOGIC,HEX_INVERTER,CERAMIC_FP,24,125,1.5,2054.933,302.337,197.57,0.1452,HEALTHY,NONE,0,1,synthetic,semiconductor_synthetic,physics_RD_power_law,0.1
COMP-SYN-041-081,LOT-SYN-041,ISRO_MOCK,CMOS_LOGIC,HEX_INVERTER,CERAMIC_FP,96,125,1.5,2067.121,300.269,197.89,0.1916,HEALTHY,NONE,0,1,synthetic,semiconductor_synthetic,physics_RD_power_law,0.1
COMP-SYN-041-081,LOT-SYN-041,ISRO_MOCK,CMOS_LOGIC,HEX_INVERTER,CERAMIC_FP,168,125,1.5,2068.406,303.677,192.98,0.2143,HEALTHY,NONE,0,1,synthetic,semiconductor_synthetic,physics_RD_power_law,0.1
COMP-SYN-041-082,LOT-SYN-041,ISRO_MOCK,CMOS_LOGIC,HEX_INVERTER,CERAMIC_FP,0,125,1.5,2085.456,303.28,190.04,0.0,HEALTHY,NONE,0,1,synthetic,semiconductor_synthetic,physics_RD_power_law,0.1
COMP-SYN-041-082,LOT-SYN-041,ISRO_MOCK,CMOS_LOGIC,HEX_INVERTER,CERAMIC_FP,24,125,1.5,2071.417,295.187,197.34,0.1452,HEALTHY,NONE,0,1,synthetic,semiconductor_synthetic,physics_RD_power_law,0.1
COMP-SYN-041-082,LOT-SYN-041,ISRO_MOCK,CMOS_LOGIC,HEX_INVERTER,CERAMIC_FP,96,125,1.5,2066.693,299.74,197.9,0.1916,HEALTHY,NONE,0,1,synthetic,semiconductor_synthetic,physics_RD_power_law,0.1
COMP-SYN-041-082,LOT-SYN-041,ISRO_MOCK,CMOS_LOGIC,HEX_INVERTER,CERAMIC_FP,168,125,1.5,2085.277,302.16,198.55,0.2143,HEALTHY,NONE,0,1,synthetic,semiconductor_synthetic,physics_RD_power_law,0.1
COMP-SYN-041-083,LOT-SYN-041,ISRO_MOCK,CMOS_LOGIC,HEX_INVERTER,CERAMIC_FP,0,125,1.5,2128.948,304.579,183.18,0.0,HEALTHY,NONE,0,1,synthetic,semiconductor_synthetic,physics_RD_power_law,0.1
COMP-SYN-041-083,LOT-SYN-041,ISRO_MOCK,CMOS_LOGIC,HEX_INVERTER,CERAMIC_FP,24,125,1.5,2180.694,302.066,191.8,0.1452,HEALTHY,NONE,0,1,synthetic,semiconductor_synthetic,physics_RD_power_law,0.1
COMP-SYN-041-083,LOT-SYN-041,ISRO_MOCK,CMOS_LOGIC,HEX_INVERTER,CERAMIC_FP,96,125,1.5,2130.962,303.301,196.61,0.1916,HEALTHY,NONE,0,1,synthetic,semiconductor_synthetic,physics_RD_power_law,0.1
COMP-SYN-041-083,LOT-SYN-041,ISRO_MOCK,CMOS_LOGIC,HEX_INVERTER,CERAMIC_FP,168,125,1.5,2130.571,301.548,195.48,0.2143,HEALTHY,NONE,0,1,synthetic,semiconductor_synthetic,physics_RD_power_law,0.1
COMP-SYN-041-084,LOT-SYN-041,ISRO_MOCK,CMOS_LOGIC,HEX_INVERTER,CERAMIC_FP,0,125,1.5,2060.698,320.557,187.44,0.0,HEALTHY,NONE,0,1,synthetic,semiconductor_synthetic,physics_RD_power_law,0.1
COMP-SYN-041-084,LOT-SYN-041,ISRO_MOCK,CMOS_LOGIC,HEX_INVERTER,CERAMIC_FP,24,125,1.5,2047.706,318.342,194.02,0.1452,HEALTHY,NONE,0,1,synthetic,semiconductor_synthetic,physics_RD_power_law,0.1
COMP-SYN-041-084,LOT-SYN-041,ISRO_MOCK,CMOS_LOGIC,HEX_INVERTER,CERAMIC_FP,96,125,1.5,2013.897,312.579,196.17,0.1916,HEALTHY,NONE,0,1,synthetic,semiconductor_synthetic,physics_RD_power_law,0.1
COMP-SYN-041-084,LOT-SYN-041,ISRO_MOCK,CMOS_LOGIC,HEX_INVERTER,CERAMIC_FP,168,125,1.5,2010.19,314.84,196.41,0.2143,HEALTHY,NONE,0,1,synthetic,semiconductor_synthetic,physics_RD_power_law,0.1
COMP-SYN-041-085,LOT-SYN-041,ISRO_MOCK,CMOS_LOGIC,HEX_INVERTER,CERAMIC_FP,0,125,1.5,2194.134,335.823,191.42,0.0,HEALTHY,NONE,0,1,synthetic,semiconductor_synthetic,physics_RD_power_law,0.1
COMP-SYN-041-085,LOT-SYN-041,ISRO_MOCK,CMOS_LOGIC,HEX_INVERTER,CERAMIC_FP,24,125,1.5,2186.185,326.219,200.2,0.1452,HEALTHY,NONE,0,1,synthetic,semiconductor_synthetic,physics_RD_power_law,0.1
COMP-SYN-041-085,LOT-SYN-041,ISRO_MOCK,CMOS_LOGIC,HEX_INVERTER,CERAMIC_FP,96,125,1.5,2191.328,328.212,205.51,0.1916,HEALTHY,NONE,0,1,synthetic,semiconductor_synthetic,physics_RD_power_law,0.1
COMP-SYN-041-085,LOT-SYN-041,ISRO_MOCK,CMOS_LOGIC,HEX_INVERTER,CERAMIC_FP,168,125,1.5,2187.07,327.789,200.03,0.2143,HEALTHY,NONE,0,1,synthetic,semiconductor_synthetic,physics_RD_power_law,0.1
COMP-SYN-041-086,LOT-SYN-041,ISRO_MOCK,CMOS_LOGIC,HEX_INVERTER,CERAMIC_FP,0,125,1.5,2092.208,318.609,198.1,0.0,HEALTHY,NONE,0,1,synthetic,semiconductor_synthetic,physics_RD_power_law,0.1
COMP-SYN-041-086,LOT-SYN-041,ISRO_MOCK,CMOS_LOGIC,HEX_INVERTER,CERAMIC_FP,24,125,1.5,2078.911,313.981,198.54,0.1452,HEALTHY,NONE,0,1,synthetic,semiconductor_synthetic,physics_RD_power_law,0.1
COMP-SYN-041-086,LOT-SYN-041,ISRO_MOCK,CMOS_LOGIC,HEX_INVERTER,CERAMIC_FP,96,125,1.5,2077.128,313.679,202.14,0.1916,HEALTHY,NONE,0,1,synthetic,semiconductor_synthetic,physics_RD_power_law,0.1
COMP-SYN-041-086,LOT-SYN-041,ISRO_MOCK,CMOS_LOGIC,HEX_INVERTER,CERAMIC_FP,168,125,1.5,2040.847,313.175,204.62,0.2143,HEALTHY,NONE,0,1,synthetic,semiconductor_synthetic,physics_RD_power_law,0.1
COMP-SYN-041-087,LOT-SYN-041,ISRO_MOCK,CMOS_LOGIC,HEX_INVERTER,CERAMIC_FP,0,125,1.5,2166.142,329.869,192.12,0.0,HEALTHY,NONE,0,1,synthetic,semiconductor_synthetic,physics_RD_power_law,0.1
COMP-SYN-041-087,LOT-SYN-041,ISRO_MOCK,CMOS_LOGIC,HEX_INVERTER,CERAMIC_FP,24,125,1.5,2122.689,327.957,201.12,0.1452,HEALTHY,NONE,0,1,synthetic,semiconductor_synthetic,physics_RD_power_law,0.1
COMP-SYN-041-087,LOT-SYN-041,ISRO_MOCK,CMOS_LOGIC,HEX_INVERTER,CERAMIC_FP,96,125,1.5,2175.491,323.717,197.96,0.1916,HEALTHY,NONE,0,1,synthetic,semiconductor_synthetic,physics_RD_power_law,0.1
COMP-SYN-041-087,LOT-SYN-041,ISRO_MOCK,CMOS_LOGIC,HEX_INVERTER,CERAMIC_FP,168,125,1.5,2182.304,323.474,200.03,0.2143,HEALTHY,NONE,0,1,synthetic,semiconductor_synthetic,physics_RD_power_law,0.1
COMP-SYN-041-088,LOT-SYN-041,ISRO_MOCK,CMOS_LOGIC,HEX_INVERTER,CERAMIC_FP,0,125,1.5,2191.386,326.105,187.3,0.0,HEALTHY,NONE,0,1,synthetic,semiconductor_synthetic,physics_RD_power_law,0.1
COMP-SYN-041-088,LOT-SYN-041,ISRO_MOCK,CMOS_LOGIC,HEX_INVERTER,CERAMIC_FP,24,125,1.5,2163.441,326.792,189.37,0.1452,HEALTHY,NONE,0,1,synthetic,semiconductor_synthetic,physics_RD_power_law,0.1
COMP-SYN-041-088,LOT-SYN-041,ISRO_MOCK,CMOS_LOGIC,HEX_INVERTER,CERAMIC_FP,96,125,1.5,2146.928,321.429,193.5,0.1916,HEALTHY,NONE,0,1,synthetic,semiconductor_synthetic,physics_RD_power_law,0.1
COMP-SYN-041-088,LOT-SYN-041,ISRO_MOCK,CMOS_LOGIC,HEX_INVERTER,CERAMIC_FP,168,125,1.5,2134.457,325.889,193.44,0.2143,HEALTHY,NONE,0,1,synthetic,semiconductor_synthetic,physics_RD_power_law,0.1
COMP-SYN-041-089,LOT-SYN-041,ISRO_MOCK,CMOS_LOGIC,HEX_INVERTER,CERAMIC_FP,0,125,1.5,2152.535,327.76,186.02,0.0,HEALTHY,NONE,0,1,synthetic,semiconductor_synthetic,physics_RD_power_law,0.1
COMP-SYN-041-089,LOT-SYN-041,ISRO_MOCK,CMOS_LOGIC,HEX_INVERTER,CERAMIC_FP,24,125,1.5,2056.938,323.446,189.4,0.1452,HEALTHY,NONE,0,1,synthetic,semiconductor_synthetic,physics_RD_power_law,0.1
COMP-SYN-041-089,LOT-SYN-041,ISRO_MOCK,CMOS_LOGIC,HEX_INVERTER,CERAMIC_FP,96,125,1.5,2100.894,325.517,189.68,0.1916,HEALTHY,NONE,0,1,synthetic,semiconductor_synthetic,physics_RD_power_law,0.1
COMP-SYN-041-089,LOT-SYN-041,ISRO_MOCK,CMOS_LOGIC,HEX_INVERTER,CERAMIC_FP,168,125,1.5,2121.593,319.939,189.74,0.2143,HEALTHY,NONE,0,1,synthetic,semiconductor_synthetic,physics_RD_power_law,0.1
COMP-SYN-041-090,LOT-SYN-041,ISRO_MOCK,CMOS_LOGIC,HEX_INVERTER,CERAMIC_FP,0,125,1.5,2128.542,316.556,198.28,0.0,HEALTHY,NONE,0,1,synthetic,semiconductor_synthetic,physics_RD_power_law,0.1
COMP-SYN-041-090,LOT-SYN-041,ISRO_MOCK,CMOS_LOGIC,HEX_INVERTER,CERAMIC_FP,24,125,1.5,2052.932,310.4,207.19,0.1452,HEALTHY,NONE,0,1,synthetic,semiconductor_synthetic,physics_RD_power_law,0.1
COMP-SYN-041-090,LOT-SYN-041,ISRO_MOCK,CMOS_LOGIC,HEX_INVERTER,CERAMIC_FP,96,125,1.5,2067.027,312.358,206.74,0.1916,HEALTHY,NONE,0,1,synthetic,semiconductor_synthetic,physics_RD_power_law,0.1
COMP-SYN-041-090,LOT-SYN-041,ISRO_MOCK,CMOS_LOGIC,HEX_INVERTER,CERAMIC_FP,168,125,1.5,2044.905,314.069,210.25,0.2143,HEALTHY,NONE,0,1,synthetic,semiconductor_synthetic,physics_RD_power_law,0.1
COMP-SYN-041-091,LOT-SYN-041,ISRO_MOCK,CMOS_LOGIC,HEX_INVERTER,CERAMIC_FP,0,125,1.5,2182.051,319.215,184.42,0.0,HEALTHY,NONE,0,1,synthetic,semiconductor_synthetic,physics_RD_power_law,0.1
COMP-SYN-041-091,LOT-SYN-041,ISRO_MOCK,CMOS_LOGIC,HEX_INVERTER,CERAMIC_FP,24,125,1.5,2180.02,316.112,192.05,0.1452,HEALTHY,NONE,0,1,synthetic,semiconductor_synthetic,physics_RD_power_law,0.1
COMP-SYN-041-091,LOT-SYN-041,ISRO_MOCK,CMOS_LOGIC,HEX_INVERTER,CERAMIC_FP,96,125,1.5,2161.207,313.986,197.38,0.1916,HEALTHY,NONE,0,1,synthetic,semiconductor_synthetic,physics_RD_power_law,0.1
COMP-SYN-041-091,LOT-SYN-041,ISRO_MOCK,CMOS_LOGIC,HEX_INVERTER,CERAMIC_FP,168,125,1.5,2194.114,318.871,196.69,0.2143,HEALTHY,NONE,0,1,synthetic,semiconductor_synthetic,physics_RD_power_law,0.1
COMP-SYN-041-092,LOT-SYN-041,ISRO_MOCK,CMOS_LOGIC,HEX_INVERTER,CERAMIC_FP,0,125,1.5,2173.701,335.109,193.88,0.0,HEALTHY,NONE,0,1,synthetic,semiconductor_synthetic,physics_RD_power_law,0.1
COMP-SYN-041-092,LOT-SYN-041,ISRO_MOCK,CMOS_LOGIC,HEX_INVERTER,CERAMIC_FP,24,125,1.5,2148.082,328.721,199.13,0.1452,HEALTHY,NONE,0,1,synthetic,semiconductor_synthetic,physics_RD_power_law,0.1
COMP-SYN-041-092,LOT-SYN-041,ISRO_MOCK,CMOS_LOGIC,HEX_INVERTER,CERAMIC_FP,96,125,1.5,2139.314,330.526,201.08,0.1916,HEALTHY,NONE,0,1,synthetic,semiconductor_synthetic,physics_RD_power_law,0.1
COMP-SYN-041-092,LOT-SYN-041,ISRO_MOCK,CMOS_LOGIC,HEX_INVERTER,CERAMIC_FP,168,125,1.5,2182.269,328.608,196.25,0.2143,HEALTHY,NONE,0,1,synthetic,semiconductor_synthetic,physics_RD_power_law,0.1
COMP-SYN-041-093,LOT-SYN-041,ISRO_MOCK,CMOS_LOGIC,HEX_INVERTER,CERAMIC_FP,0,125,1.5,2017.476,328.45,193.42,0.0,HEALTHY,NONE,0,1,synthetic,semiconductor_synthetic,physics_RD_power_law,0.1
COMP-SYN-041-093,LOT-SYN-041,ISRO_MOCK,CMOS_LOGIC,HEX_INVERTER,CERAMIC_FP,24,125,1.5,2055.359,329.387,200.1,0.1452,HEALTHY,NONE,0,1,synthetic,semiconductor_synthetic,physics_RD_power_law,0.1
COMP-SYN-041-093,LOT-SYN-041,ISRO_MOCK,CMOS_LOGIC,HEX_INVERTER,CERAMIC_FP,96,125,1.5,2052.888,332.146,202.61,0.1916,HEALTHY,NONE,0,1,synthetic,semiconductor_synthetic,physics_RD_power_law,0.1
COMP-SYN-041-093,LOT-SYN-041,ISRO_MOCK,CMOS_LOGIC,HEX_INVERTER,CERAMIC_FP,168,125,1.5,2051.072,331.444,203.35,0.2143,HEALTHY,NONE,0,1,synthetic,semiconductor_synthetic,physics_RD_power_law,0.1
COMP-SYN-041-094,LOT-SYN-041,ISRO_MOCK,CMOS_LOGIC,HEX_INVERTER,CERAMIC_FP,0,125,1.5,1781.423,316.045,188.68,0.0,HEALTHY,NONE,0,1,synthetic,semiconductor_synthetic,physics_RD_power_law,0.1
COMP-SYN-041-094,LOT-SYN-041,ISRO_MOCK,CMOS_LOGIC,HEX_INVERTER,CERAMIC_FP,24,125,1.5,1757.294,310.864,193.04,0.1452,HEALTHY,NONE,0,1,synthetic,semiconductor_synthetic,physics_RD_power_law,0.1
COMP-SYN-041-094,LOT-SYN-041,ISRO_MOCK,CMOS_LOGIC,HEX_INVERTER,CERAMIC_FP,96,125,1.5,1762.725,312.722,193.41,0.1916,HEALTHY,NONE,0,1,synthetic,semiconductor_synthetic,physics_RD_power_law,0.1
COMP-SYN-041-094,LOT-SYN-041,ISRO_MOCK,CMOS_LOGIC,HEX_INVERTER,CERAMIC_FP,168,125,1.5,1737.688,312.475,192.96,0.2143,HEALTHY,NONE,0,1,synthetic,semiconductor_synthetic,physics_RD_power_law,0.1
COMP-SYN-041-095,LOT-SYN-041,ISRO_MOCK,CMOS_LOGIC,HEX_INVERTER,CERAMIC_FP,0,125,1.5,2079.67,331.503,190.93,0.0,HEALTHY,NONE,0,1,synthetic,semiconductor_synthetic,physics_RD_power_law,0.1
COMP-SYN-041-095,LOT-SYN-041,ISRO_MOCK,CMOS_LOGIC,HEX_INVERTER,CERAMIC_FP,24,125,1.5,2061.656,328.748,199.24,0.1452,HEALTHY,NONE,0,1,synthetic,semiconductor_synthetic,physics_RD_power_law,0.1
COMP-SYN-041-095,LOT-SYN-041,ISRO_MOCK,CMOS_LOGIC,HEX_INVERTER,CERAMIC_FP,96,125,1.5,2063.274,326.095,199.97,0.1916,HEALTHY,NONE,0,1,synthetic,semiconductor_synthetic,physics_RD_power_law,0.1
COMP-SYN-041-095,LOT-SYN-041,ISRO_MOCK,CMOS_LOGIC,HEX_INVERTER,CERAMIC_FP,168,125,1.5,2108.216,319.1,200.96,0.2143,HEALTHY,NONE,0,1,synthetic,semiconductor_synthetic,physics_RD_power_law,0.1
COMP-SYN-041-096,LOT-SYN-041,ISRO_MOCK,CMOS_LOGIC,HEX_INVERTER,CERAMIC_FP,0,125,1.5,2088.106,314.716,183.56,0.0,HEALTHY,NONE,0,1,synthetic,semiconductor_synthetic,physics_RD_power_law,0.1
COMP-SYN-041-096,LOT-SYN-041,ISRO_MOCK,CMOS_LOGIC,HEX_INVERTER,CERAMIC_FP,24,125,1.5,2039.701,306.769,189.55,0.1452,HEALTHY,NONE,0,1,synthetic,semiconductor_synthetic,physics_RD_power_law,0.1
COMP-SYN-041-096,LOT-SYN-041,ISRO_MOCK,CMOS_LOGIC,HEX_INVERTER,CERAMIC_FP,96,125,1.5,2028.431,311.67,192.02,0.1916,HEALTHY,NONE,0,1,synthetic,semiconductor_synthetic,physics_RD_power_law,0.1
COMP-SYN-041-096,LOT-SYN-041,ISRO_MOCK,CMOS_LOGIC,HEX_INVERTER,CERAMIC_FP,168,125,1.5,2035.028,309.369,192.15,0.2143,HEALTHY,NONE,0,1,synthetic,semiconductor_synthetic,physics_RD_power_law,0.1
COMP-SYN-041-097,LOT-SYN-041,ISRO_MOCK,CMOS_LOGIC,HEX_INVERTER,CERAMIC_FP,0,125,1.5,2174.515,320.989,195.86,0.0,HEALTHY,NONE,0,1,synthetic,semiconductor_synthetic,physics_RD_power_law,0.1
COMP-SYN-041-097,LOT-SYN-041,ISRO_MOCK,CMOS_LOGIC,HEX_INVERTER,CERAMIC_FP,24,125,1.5,2224.887,314.588,197.68,0.1452,HEALTHY,NONE,0,1,synthetic,semiconductor_synthetic,physics_RD_power_law,0.1
COMP-SYN-041-097,LOT-SYN-041,ISRO_MOCK,CMOS_LOGIC,HEX_INVERTER,CERAMIC_FP,96,125,1.5,2172.346,317.518,202.43,0.1916,HEALTHY,NONE,0,1,synthetic,semiconductor_synthetic,physics_RD_power_law,0.1
COMP-SYN-041-097,LOT-SYN-041,ISRO_MOCK,CMOS_LOGIC,HEX_INVERTER,CERAMIC_FP,168,125,1.5,2142.318,315.707,202.96,0.2143,HEALTHY,NONE,0,1,synthetic,semiconductor_synthetic,physics_RD_power_law,0.1
COMP-SYN-041-098,LOT-SYN-041,ISRO_MOCK,CMOS_LOGIC,HEX_INVERTER,CERAMIC_FP,0,125,1.5,2335.756,313.468,195.9,0.0,HEALTHY,NONE,0,1,synthetic,semiconductor_synthetic,physics_RD_power_law,0.1
COMP-SYN-041-098,LOT-SYN-041,ISRO_MOCK,CMOS_LOGIC,HEX_INVERTER,CERAMIC_FP,24,125,1.5,2287.307,305.426,198.57,0.1452,HEALTHY,NONE,0,1,synthetic,semiconductor_synthetic,physics_RD_power_law,0.1
COMP-SYN-041-098,LOT-SYN-041,ISRO_MOCK,CMOS_LOGIC,HEX_INVERTER,CERAMIC_FP,96,125,1.5,2322.32,316.687,207.43,0.1916,HEALTHY,NONE,0,1,synthetic,semiconductor_synthetic,physics_RD_power_law,0.1
COMP-SYN-041-098,LOT-SYN-041,ISRO_MOCK,CMOS_LOGIC,HEX_INVERTER,CERAMIC_FP,168,125,1.5,2278.683,305.443,199.53,0.2143,HEALTHY,NONE,0,1,synthetic,semiconductor_synthetic,physics_RD_power_law,0.1
COMP-SYN-041-099,LOT-SYN-041,ISRO_MOCK,CMOS_LOGIC,HEX_INVERTER,CERAMIC_FP,0,125,1.5,2228.776,324.661,187.66,0.0,HEALTHY,NONE,0,1,synthetic,semiconductor_synthetic,physics_RD_power_law,0.1
COMP-SYN-041-099,LOT-SYN-041,ISRO_MOCK,CMOS_LOGIC,HEX_INVERTER,CERAMIC_FP,24,125,1.5,2178.021,319.178,191.06,0.1452,HEALTHY,NONE,0,1,synthetic,semiconductor_synthetic,physics_RD_power_law,0.1
COMP-SYN-041-099,LOT-SYN-041,ISRO_MOCK,CMOS_LOGIC,HEX_INVERTER,CERAMIC_FP,96,125,1.5,2176.058,324.054,191.17,0.1916,HEALTHY,NONE,0,1,synthetic,semiconductor_synthetic,physics_RD_power_law,0.1
COMP-SYN-041-099,LOT-SYN-041,ISRO_MOCK,CMOS_LOGIC,HEX_INVERTER,CERAMIC_FP,168,125,1.5,2171.421,318.289,190.44,0.2143,HEALTHY,NONE,0,1,synthetic,semiconductor_synthetic,physics_RD_power_law,0.1
COMP-SYN-041-100,LOT-SYN-041,ISRO_MOCK,CMOS_LOGIC,HEX_INVERTER,CERAMIC_FP,0,125,1.5,2076.305,326.846,189.02,0.0,HEALTHY,NONE,0,1,synthetic,semiconductor_synthetic,physics_RD_power_law,0.1
COMP-SYN-041-100,LOT-SYN-041,ISRO_MOCK,CMOS_LOGIC,HEX_INVERTER,CERAMIC_FP,24,125,1.5,2090.637,323.315,195.77,0.1452,HEALTHY,NONE,0,1,synthetic,semiconductor_synthetic,physics_RD_power_law,0.1
COMP-SYN-041-100,LOT-SYN-041,ISRO_MOCK,CMOS_LOGIC,HEX_INVERTER,CERAMIC_FP,96,125,1.5,2034.131,321.873,196.48,0.1916,HEALTHY,NONE,0,1,synthetic,semiconductor_synthetic,physics_RD_power_law,0.1
COMP-SYN-041-100,LOT-SYN-041,ISRO_MOCK,CMOS_LOGIC,HEX_INVERTER,CERAMIC_FP,168,125,1.5,2047.668,322.616,201.54,0.2143,HEALTHY,NONE,0,1,synthetic,semiconductor_synthetic,physics_RD_power_law,0.1
COMP-SYN-042-001,LOT-SYN-042,ISRO_MOCK,CMOS_LOGIC,HEX_INVERTER,CERAMIC_FP,0,125,1.5,2170.304,273.919,187.12,0.0,HEALTHY,NONE,0,1,synthetic,semiconductor_synthetic,physics_RD_power_law,0.1
COMP-SYN-042-001,LOT-SYN-042,ISRO_MOCK,CMOS_LOGIC,HEX_INVERTER,CERAMIC_FP,24,125,1.5,2193.711,277.122,194.16,0.1452,HEALTHY,NONE,0,1,synthetic,semiconductor_synthetic,physics_RD_power_law,0.1
COMP-SYN-042-001,LOT-SYN-042,ISRO_MOCK,CMOS_LOGIC,HEX_INVERTER,CERAMIC_FP,96,125,1.5,2132.552,276.216,192.8,0.1916,HEALTHY,NONE,0,1,synthetic,semiconductor_synthetic,physics_RD_power_law,0.1
COMP-SYN-042-001,LOT-SYN-042,ISRO_MOCK,CMOS_LOGIC,HEX_INVERTER,CERAMIC_FP,168,125,1.5,2133.863,275.827,193.61,0.2143,HEALTHY,NONE,0,1,synthetic,semiconductor_synthetic,physics_RD_power_law,0.1
COMP-SYN-042-002,LOT-SYN-042,ISRO_MOCK,CMOS_LOGIC,HEX_INVERTER,CERAMIC_FP,0,125,1.5,2263.818,271.643,189.55,0.0,HEALTHY,NONE,0,1,synthetic,semiconductor_synthetic,physics_RD_power_law,0.1
COMP-SYN-042-002,LOT-SYN-042,ISRO_MOCK,CMOS_LOGIC,HEX_INVERTER,CERAMIC_FP,24,125,1.5,2264.594,278.246,191.09,0.1452,HEALTHY,NONE,0,1,synthetic,semiconductor_synthetic,physics_RD_power_law,0.1
COMP-SYN-042-002,LOT-SYN-042,ISRO_MOCK,CMOS_LOGIC,HEX_INVERTER,CERAMIC_FP,96,125,1.5,2237.467,273.038,194.66,0.1916,HEALTHY,NONE,0,1,synthetic,semiconductor_synthetic,physics_RD_power_law,0.1
COMP-SYN-042-002,LOT-SYN-042,ISRO_MOCK,CMOS_LOGIC,HEX_INVERTER,CERAMIC_FP,168,125,1.5,2267.918,276.143,198.21,0.2143,HEALTHY,NONE,0,1,synthetic,semiconductor_synthetic,physics_RD_power_law,0.1
COMP-SYN-042-003,LOT-SYN-042,ISRO_MOCK,CMOS_LOGIC,HEX_INVERTER,CERAMIC_FP,0,125,1.5,2232.293,287.398,184.46,0.0,HEALTHY,NONE,0,1,synthetic,semiconductor_synthetic,physics_RD_power_law,0.1
COMP-SYN-042-003,LOT-SYN-042,ISRO_MOCK,CMOS_LOGIC,HEX_INVERTER,CERAMIC_FP,24,125,1.5,2239.632,285.598,190.0,0.1452,HEALTHY,NONE,0,1,synthetic,semiconductor_synthetic,physics_RD_power_law,0.1
COMP-SYN-042-003,LOT-SYN-042,ISRO_MOCK,CMOS_LOGIC,HEX_INVERTER,CERAMIC_FP,96,125,1.5,2203.368,288.795,192.48,0.1916,HEALTHY,NONE,0,1,synthetic,semiconductor_synthetic,physics_RD_power_law,0.1
COMP-SYN-042-003,LOT-SYN-042,ISRO_MOCK,CMOS_LOGIC,HEX_INVERTER,CERAMIC_FP,168,125,1.5,2257.114,283.296,198.04,0.2143,HEALTHY,NONE,0,1,synthetic,semiconductor_synthetic,physics_RD_power_law,0.1
COMP-SYN-042-004,LOT-SYN-042,ISRO_MOCK,CMOS_LOGIC,HEX_INVERTER,CERAMIC_FP,0,125,1.5,2193.347,285.796,174.13,0.0,HEALTHY,NONE,0,1,synthetic,semiconductor_synthetic,physics_RD_power_law,0.1
COMP-SYN-042-004,LOT-SYN-042,ISRO_MOCK,CMOS_LOGIC,HEX_INVERTER,CERAMIC_FP,24,125,1.5,2155.415,283.545,176.64,0.1452,HEALTHY,NONE,0,1,synthetic,semiconductor_synthetic,physics_RD_power_law,0.1
COMP-SYN-042-004,LOT-SYN-042,ISRO_MOCK,CMOS_LOGIC,HEX_INVERTER,CERAMIC_FP,96,125,1.5,2168.678,282.081,181.04,0.1916,HEALTHY,NONE,0,1,synthetic,semiconductor_synthetic,physics_RD_power_law,0.1
COMP-SYN-042-004,LOT-SYN-042,ISRO_MOCK,CMOS_LOGIC,HEX_INVERTER,CERAMIC_FP,168,125,1.5,2200.896,276.392,183.74,0.2143,HEALTHY,NONE,0,1,synthetic,semiconductor_synthetic,physics_RD_power_law,0.1
COMP-SYN-042-005,LOT-SYN-042,ISRO_MOCK,CMOS_LOGIC,HEX_INVERTER,CERAMIC_FP,0,125,1.5,2303.095,296.346,183.31,0.0,HEALTHY,NONE,0,1,synthetic,semiconductor_synthetic,physics_RD_power_law,0.1
COMP-SYN-042-005,LOT-SYN-042,ISRO_MOCK,CMOS_LOGIC,HEX_INVERTER,CERAMIC_FP,24,125,1.5,2270.255,292.431,190.24,0.1452,HEALTHY,NONE,0,1,synthetic,semiconductor_synthetic,physics_RD_power_law,0.1
COMP-SYN-042-005,LOT-SYN-042,ISRO_MOCK,CMOS_LOGIC,HEX_INVERTER,CERAMIC_FP,96,125,1.5,2291.24,286.899,194.12,0.1916,HEALTHY,NONE,0,1,synthetic,semiconductor_synthetic,physics_RD_power_law,0.1
COMP-SYN-042-005,LOT-SYN-042,ISRO_MOCK,CMOS_LOGIC,HEX_INVERTER,CERAMIC_FP,168,125,1.5,2285.448,293.459,193.78,0.2143,HEALTHY,NONE,0,1,synthetic,semiconductor_synthetic,physics_RD_power_law,0.1
COMP-SYN-042-006,LOT-SYN-042,ISRO_MOCK,CMOS_LOGIC,HEX_INVERTER,CERAMIC_FP,0,125,1.5,2382.946,276.941,186.6,0.0,HEALTHY,NONE,0,1,synthetic,semiconductor_synthetic,physics_RD_power_law,0.1
COMP-SYN-042-006,LOT-SYN-042,ISRO_MOCK,CMOS_LOGIC,HEX_INVERTER,CERAMIC_FP,24,125,1.5,2366.161,275.375,193.34,0.1452,HEALTHY,NONE,0,1,synthetic,semiconductor_synthetic,physics_RD_power_law,0.1
COMP-SYN-042-006,LOT-SYN-042,ISRO_MOCK,CMOS_LOGIC,HEX_INVERTER,CERAMIC_FP,96,125,1.5,2338.613,282.807,195.25,0.1916,HEALTHY,NONE,0,1,synthetic,semiconductor_synthetic,physics_RD_power_law,0.1
COMP-SYN-042-006,LOT-SYN-042,ISRO_MOCK,CMOS_LOGIC,HEX_INVERTER,CERAMIC_FP,168,125,1.5,2369.335,278.505,196.77,0.2143,HEALTHY,NONE,0,1,synthetic,semiconductor_synthetic,physics_RD_power_law,0.1
COMP-SYN-042-007,LOT-SYN-042,ISRO_MOCK,CMOS_LOGIC,HEX_INVERTER,CERAMIC_FP,0,125,1.5,2308.03,290.23,188.62,0.0,HEALTHY,NONE,0,1,synthetic,semiconductor_synthetic,physics_RD_power_law,0.1
COMP-SYN-042-007,LOT-SYN-042,ISRO_MOCK,CMOS_LOGIC,HEX_INVERTER,CERAMIC_FP,24,125,1.5,2367.555,280.32,195.36,0.1452,HEALTHY,NONE,0,1,synthetic,semiconductor_synthetic,physics_RD_power_law,0.1
COMP-SYN-042-007,LOT-SYN-042,ISRO_MOCK,CMOS_LOGIC,HEX_INVERTER,CERAMIC_FP,96,125,1.5,2318.122,283.911,196.27,0.1916,HEALTHY,NONE,0,1,synthetic,semiconductor_synthetic,physics_RD_power_law,0.1
COMP-SYN-042-007,LOT-SYN-042,ISRO_MOCK,CMOS_LOGIC,HEX_INVERTER,CERAMIC_FP,168,125,1.5,2309.542,285.897,195.39,0.2143,HEALTHY,NONE,0,1,synthetic,semiconductor_synthetic,physics_RD_power_law,0.1
COMP-SYN-042-008,LOT-SYN-042,ISRO_MOCK,CMOS_LOGIC,HEX_INVERTER,CERAMIC_FP,0,125,1.5,2145.876,282.997,184.4,0.0,HEALTHY,NONE,0,1,synthetic,semiconductor_synthetic,physics_RD_power_law,0.1
COMP-SYN-042-008,LOT-SYN-042,ISRO_MOCK,CMOS_LOGIC,HEX_INVERTER,CERAMIC_FP,24,125,1.5,2111.978,278.411,187.09,0.1452,HEALTHY,NONE,0,1,synthetic,semiconductor_synthetic,physics_RD_power_law,0.1
COMP-SYN-042-008,LOT-SYN-042,ISRO_MOCK,CMOS_LOGIC,HEX_INVERTER,CERAMIC_FP,96,125,1.5,2115.682,273.996,194.94,0.1916,HEALTHY,NONE,0,1,synthetic,semiconductor_synthetic,physics_RD_power_law,0.1
COMP-SYN-042-008,LOT-SYN-042,ISRO_MOCK,CMOS_LOGIC,HEX_INVERTER,CERAMIC_FP,168,125,1.5,2094.11,278.522,194.85,0.2143,HEALTHY,NONE,0,1,synthetic,semiconductor_synthetic,physics_RD_power_law,0.1
COMP-SYN-042-009,LOT-SYN-042,ISRO_MOCK,CMOS_LOGIC,HEX_INVERTER,CERAMIC_FP,0,125,1.5,2113.671,279.163,184.99,0.0,HEALTHY,NONE,0,1,synthetic,semiconductor_synthetic,physics_RD_power_law,0.1
COMP-SYN-042-009,LOT-SYN-042,ISRO_MOCK,CMOS_LOGIC,HEX_INVERTER,CERAMIC_FP,24,125,1.5,2121.211,283.721,186.28,0.1452,HEALTHY,NONE,0,1,synthetic,semiconductor_synthetic,physics_RD_power_law,0.1
COMP-SYN-042-009,LOT-SYN-042,ISRO_MOCK,CMOS_LOGIC,HEX_INVERTER,CERAMIC_FP,96,125,1.5,2106.806,279.221,191.98,0.1916,HEALTHY,NONE,0,1,synthetic,semiconductor_synthetic,physics_RD_power_law,0.1
COMP-SYN-042-009,LOT-SYN-042,ISRO_MOCK,CMOS_LOGIC,HEX_INVERTER,CERAMIC_FP,168,125,1.5,2103.889,277.723,193.4,0.2143,HEALTHY,NONE,0,1,synthetic,semiconductor_synthetic,physics_RD_power_law,0.1
COMP-SYN-042-010,LOT-SYN-042,ISRO_MOCK,CMOS_LOGIC,HEX_INVERTER,CERAMIC_FP,0,125,1.5,2073.995,282.833,189.75,0.0,HEALTHY,NONE,0,1,synthetic,semiconductor_synthetic,physics_RD_power_law,0.1
COMP-SYN-042-010,LOT-SYN-042,ISRO_MOCK,CMOS_LOGIC,HEX_INVERTER,CERAMIC_FP,24,125,1.5,2025.954,282.208,198.1,0.1452,HEALTHY,NONE,0,1,synthetic,semiconductor_synthetic,physics_RD_power_law,0.1
COMP-SYN-042-010,LOT-SYN-042,ISRO_MOCK,CMOS_LOGIC,HEX_INVERTER,CERAMIC_FP,96,125,1.5,2025.769,283.814,198.39,0.1916,HEALTHY,NONE,0,1,synthetic,semiconductor_synthetic,physics_RD_power_law,0.1
COMP-SYN-042-010,LOT-SYN-042,ISRO_MOCK,CMOS_LOGIC,HEX_INVERTER,CERAMIC_FP,168,125,1.5,2034.864,283.204,197.58,0.2143,HEALTHY,NONE,0,1,synthetic,semiconductor_synthetic,physics_RD_power_law,0.1
COMP-SYN-042-011,LOT-SYN-042,ISRO_MOCK,CMOS_LOGIC,HEX_INVERTER,CERAMIC_FP,0,125,1.5,2213.4,296.772,176.63,0.0,HEALTHY,NONE,0,1,synthetic,semiconductor_synthetic,physics_RD_power_law,0.1
COMP-SYN-042-011,LOT-SYN-042,ISRO_MOCK,CMOS_LOGIC,HEX_INVERTER,CERAMIC_FP,24,125,1.5,2162.208,290.159,188.08,0.1452,HEALTHY,NONE,0,1,synthetic,semiconductor_synthetic,physics_RD_power_law,0.1
COMP-SYN-042-011,LOT-SYN-042,ISRO_MOCK,CMOS_LOGIC,HEX_INVERTER,CERAMIC_FP,96,125,1.5,2176.889,290.424,189.31,0.1916,HEALTHY,NONE,0,1,synthetic,semiconductor_synthetic,physics_RD_power_law,0.1
COMP-SYN-042-011,LOT-SYN-042,ISRO_MOCK,CMOS_LOGIC,HEX_INVERTER,CERAMIC_FP,168,125,1.5,2195.377,288.15,185.38,0.2143,HEALTHY,NONE,0,1,synthetic,semiconductor_synthetic,physics_RD_power_law,0.1
COMP-SYN-042-012,LOT-SYN-042,ISRO_MOCK,CMOS_LOGIC,HEX_INVERTER,CERAMIC_FP,0,125,1.5,2215.15,270.238,179.54,0.0,HEALTHY,NONE,0,1,synthetic,semiconductor_synthetic,physics_RD_power_law,0.1
COMP-SYN-042-012,LOT-SYN-042,ISRO_MOCK,CMOS_LOGIC,HEX_INVERTER,CERAMIC_FP,24,125,1.5,2188.343,268.948,180.21,0.1452,HEALTHY,NONE,0,1,synthetic,semiconductor_synthetic,physics_RD_power_law,0.1
COMP-SYN-042-012,LOT-SYN-042,ISRO_MOCK,CMOS_LOGIC,HEX_INVERTER,CERAMIC_FP,96,125,1.5,2163.739,270.786,185.01,0.1916,HEALTHY,NONE,0,1,synthetic,semiconductor_synthetic,physics_RD_power_law,0.1
COMP-SYN-042-012,LOT-SYN-042,ISRO_MOCK,CMOS_LOGIC,HEX_INVERTER,CERAMIC_FP,168,125,1.5,2185.228,269.997,187.73,0.2143,HEALTHY,NONE,0,1,synthetic,semiconductor_synthetic,physics_RD_power_law,0.1
COMP-SYN-042-013,LOT-SYN-042,ISRO_MOCK,CMOS_LOGIC,HEX_INVERTER,CERAMIC_FP,0,125,1.5,2207.424,265.711,185.5,0.0,HEALTHY,NONE,0,1,synthetic,semiconductor_synthetic,physics_RD_power_law,0.1
COMP-SYN-042-013,LOT-SYN-042,ISRO_MOCK,CMOS_LOGIC,HEX_INVERTER,CERAMIC_FP,24,125,1.5,2156.71,265.211,191.58,0.1452,HEALTHY,NONE,0,1,synthetic,semiconductor_synthetic,physics_RD_power_law,0.1
COMP-SYN-042-013,LOT-SYN-042,ISRO_MOCK,CMOS_LOGIC,HEX_INVERTER,CERAMIC_FP,96,125,1.5,2173.672,268.191,189.22,0.1916,HEALTHY,NONE,0,1,synthetic,semiconductor_synthetic,physics_RD_power_law,0.1
COMP-SYN-042-013,LOT-SYN-042,ISRO_MOCK,CMOS_LOGIC,HEX_INVERTER,CERAMIC_FP,168,125,1.5,2129.788,265.374,193.3,0.2143,HEALTHY,NONE,0,1,synthetic,semiconductor_synthetic,physics_RD_power_law,0.1
COMP-SYN-042-014,LOT-SYN-042,ISRO_MOCK,CMOS_LOGIC,HEX_INVERTER,CERAMIC_FP,0,125,1.5,1941.11,273.332,187.01,0.0,HEALTHY,NONE,0,1,synthetic,semiconductor_synthetic,physics_RD_power_law,0.1
COMP-SYN-042-014,LOT-SYN-042,ISRO_MOCK,CMOS_LOGIC,HEX_INVERTER,CERAMIC_FP,24,125,1.5,1911.704,273.884,195.45,0.1452,HEALTHY,NONE,0,1,synthetic,semiconductor_synthetic,physics_RD_power_law,0.1
COMP-SYN-042-014,LOT-SYN-042,ISRO_MOCK,CMOS_LOGIC,HEX_INVERTER,CERAMIC_FP,96,125,1.5,1928.498,277.406,197.66,0.1916,HEALTHY,NONE,0,1,synthetic,semiconductor_synthetic,physics_RD_power_law,0.1
COMP-SYN-042-014,LOT-SYN-042,ISRO_MOCK,CMOS_LOGIC,HEX_INVERTER,CERAMIC_FP,168,125,1.5,1922.624,270.613,196.66,0.2143,HEALTHY,NONE,0,1,synthetic,semiconductor_synthetic,physics_RD_power_law,0.1
COMP-SYN-042-015,LOT-SYN-042,ISRO_MOCK,CMOS_LOGIC,HEX_INVERTER,CERAMIC_FP,0,125,1.5,2208.295,286.376,180.59,0.0,HEALTHY,NONE,0,1,synthetic,semiconductor_synthetic,physics_RD_power_law,0.1
COMP-SYN-042-015,LOT-SYN-042,ISRO_MOCK,CMOS_LOGIC,HEX_INVERTER,CERAMIC_FP,24,125,1.5,2109.149,282.538,189.4,0.1452,HEALTHY,NONE,0,1,synthetic,semiconductor_synthetic,physics_RD_power_law,0.1
COMP-SYN-042-015,LOT-SYN-042,ISRO_MOCK,CMOS_LOGIC,HEX_INVERTER,CERAMIC_FP,96,125,1.5,2145.663,288.555,191.15,0.1916,HEALTHY,NONE,0,1,synthetic,semiconductor_synthetic,physics_RD_power_law,0.1
COMP-SYN-042-015,LOT-SYN-042,ISRO_MOCK,CMOS_LOGIC,HEX_INVERTER,CERAMIC_FP,168,125,1.5,2153.808,285.341,194.12,0.2143,HEALTHY,NONE,0,1,synthetic,semiconductor_synthetic,physics_RD_power_law,0.1
COMP-SYN-042-016,LOT-SYN-042,ISRO_MOCK,CMOS_LOGIC,HEX_INVERTER,CERAMIC_FP,0,125,1.5,2315.93,306.348,198.3,0.0,HEALTHY,NONE,0,1,synthetic,semiconductor_synthetic,physics_RD_power_law,0.1
COMP-SYN-042-016,LOT-SYN-042,ISRO_MOCK,CMOS_LOGIC,HEX_INVERTER,CERAMIC_FP,24,125,1.5,2272.62,305.205,205.66,0.1452,HEALTHY,NONE,0,1,synthetic,semiconductor_synthetic,physics_RD_power_law,0.1
COMP-SYN-042-016,LOT-SYN-042,ISRO_MOCK,CMOS_LOGIC,HEX_INVERTER,CERAMIC_FP,96,125,1.5,2266.972,302.278,206.49,0.1916,HEALTHY,NONE,0,1,synthetic,semiconductor_synthetic,physics_RD_power_law,0.1
COMP-SYN-042-016,LOT-SYN-042,ISRO_MOCK,CMOS_LOGIC,HEX_INVERTER,CERAMIC_FP,168,125,1.5,2246.967,298.349,206.37,0.2143,HEALTHY,NONE,0,1,synthetic,semiconductor_synthetic,physics_RD_power_law,0.1
COMP-SYN-042-017,LOT-SYN-042,ISRO_MOCK,CMOS_LOGIC,HEX_INVERTER,CERAMIC_FP,0,125,1.5,2142.585,268.292,188.77,0.0,HEALTHY,NONE,0,1,synthetic,semiconductor_synthetic,physics_RD_power_law,0.1
COMP-SYN-042-017,LOT-SYN-042,ISRO_MOCK,CMOS_LOGIC,HEX_INVERTER,CERAMIC_FP,24,125,1.5,2099.892,266.813,193.59,0.1452,HEALTHY,NONE,0,1,synthetic,semiconductor_synthetic,physics_RD_power_law,0.1
COMP-SYN-042-017,LOT-SYN-042,ISRO_MOCK,CMOS_LOGIC,HEX_INVERTER,CERAMIC_FP,96,125,1.5,2069.449,267.805,193.39,0.1916,HEALTHY,NONE,0,1,synthetic,semiconductor_synthetic,physics_RD_power_law,0.1
COMP-SYN-042-017,LOT-SYN-042,ISRO_MOCK,CMOS_LOGIC,HEX_INVERTER,CERAMIC_FP,168,125,1.5,2092.252,261.597,196.72,0.2143,HEALTHY,NONE,0,1,synthetic,semiconductor_synthetic,physics_RD_power_law,0.1
COMP-SYN-042-018,LOT-SYN-042,ISRO_MOCK,CMOS_LOGIC,HEX_INVERTER,CERAMIC_FP,0,125,1.5,2097.063,285.961,192.5,0.0,HEALTHY,NONE,0,1,synthetic,semiconductor_synthetic,physics_RD_power_law,0.1
COMP-SYN-042-018,LOT-SYN-042,ISRO_MOCK,CMOS_LOGIC,HEX_INVERTER,CERAMIC_FP,24,125,1.5,2091.45,288.302,200.15,0.1452,HEALTHY,NONE,0,1,synthetic,semiconductor_synthetic,physics_RD_power_law,0.1
COMP-SYN-042-018,LOT-SYN-042,ISRO_MOCK,CMOS_LOGIC,HEX_INVERTER,CERAMIC_FP,96,125,1.5,2050.115,283.578,197.09,0.1916,HEALTHY,NONE,0,1,synthetic,semiconductor_synthetic,physics_RD_power_law,0.1
COMP-SYN-042-018,LOT-SYN-042,ISRO_MOCK,CMOS_LOGIC,HEX_INVERTER,CERAMIC_FP,168,125,1.5,2048.492,280.838,199.44,0.2143,HEALTHY,NONE,0,1,synthetic,semiconductor_synthetic,physics_RD_power_law,0.1
COMP-SYN-042-019,LOT-SYN-042,ISRO_MOCK,CMOS_LOGIC,HEX_INVERTER,CERAMIC_FP,0,125,1.5,2285.092,278.539,191.36,0.0,HEALTHY,NONE,0,1,synthetic,semiconductor_synthetic,physics_RD_power_law,0.1
COMP-SYN-042-019,LOT-SYN-042,ISRO_MOCK,CMOS_LOGIC,HEX_INVERTER,CERAMIC_FP,24,125,1.5,2262.03,281.268,198.09,0.1452,HEALTHY,NONE,0,1,synthetic,semiconductor_synthetic,physics_RD_power_law,0.1
COMP-SYN-042-019,LOT-SYN-042,ISRO_MOCK,CMOS_LOGIC,HEX_INVERTER,CERAMIC_FP,96,125,1.5,2243.736,275.829,197.65,0.1916,HEALTHY,NONE,0,1,synthetic,semiconductor_synthetic,physics_RD_power_law,0.1
COMP-SYN-042-019,LOT-SYN-042,ISRO_MOCK,CMOS_LOGIC,HEX_INVERTER,CERAMIC_FP,168,125,1.5,2241.482,267.952,200.24,0.2143,HEALTHY,NONE,0,1,synthetic,semiconductor_synthetic,physics_RD_power_law,0.1
COMP-SYN-042-020,LOT-SYN-042,ISRO_MOCK,CMOS_LOGIC,HEX_INVERTER,CERAMIC_FP,0,125,1.5,3191.285,382.364,260.15,0.0,BORDERLINE,NONE,0,1,synthetic,semiconductor_synthetic,physics_RD_power_law,0.1
COMP-SYN-042-020,LOT-SYN-042,ISRO_MOCK,CMOS_LOGIC,HEX_INVERTER,CERAMIC_FP,24,125,1.5,3172.216,381.262,264.08,0.1452,BORDERLINE,NONE,0,1,synthetic,semiconductor_synthetic,physics_RD_power_law,0.1
COMP-SYN-042-020,LOT-SYN-042,ISRO_MOCK,CMOS_LOGIC,HEX_INVERTER,CERAMIC_FP,96,125,1.5,3144.706,380.153,269.76,0.1916,BORDERLINE,NONE,0,1,synthetic,semiconductor_synthetic,physics_RD_power_law,0.1
COMP-SYN-042-020,LOT-SYN-042,ISRO_MOCK,CMOS_LOGIC,HEX_INVERTER,CERAMIC_FP,168,125,1.5,3108.596,380.965,268.63,0.2143,BORDERLINE,NONE,0,1,synthetic,semiconductor_synthetic,physics_RD_power_law,0.1
COMP-SYN-042-021,LOT-SYN-042,ISRO_MOCK,CMOS_LOGIC,HEX_INVERTER,CERAMIC_FP,0,125,1.5,2321.389,302.665,187.05,0.0,HEALTHY,NONE,0,1,synthetic,semiconductor_synthetic,physics_RD_power_law,0.1
COMP-SYN-042-021,LOT-SYN-042,ISRO_MOCK,CMOS_LOGIC,HEX_INVERTER,CERAMIC_FP,24,125,1.5,2296.461,297.683,193.72,0.1452,HEALTHY,NONE,0,1,synthetic,semiconductor_synthetic,physics_RD_power_law,0.1
COMP-SYN-042-021,LOT-SYN-042,ISRO_MOCK,CMOS_LOGIC,HEX_INVERTER,CERAMIC_FP,96,125,1.5,2312.278,300.025,194.36,0.1916,HEALTHY,NONE,0,1,synthetic,semiconductor_synthetic,physics_RD_power_law,0.1
COMP-SYN-042-021,LOT-SYN-042,ISRO_MOCK,CMOS_LOGIC,HEX_INVERTER,CERAMIC_FP,168,125,1.5,2295.09,300.878,196.5,0.2143,HEALTHY,NONE,0,1,synthetic,semiconductor_synthetic,physics_RD_power_law,0.1
COMP-SYN-042-022,LOT-SYN-042,ISRO_MOCK,CMOS_LOGIC,HEX_INVERTER,CERAMIC_FP,0,125,1.5,3020.64,384.984,260.85,0.0,BORDERLINE,NONE,0,1,synthetic,semiconductor_synthetic,physics_RD_power_law,0.1
COMP-SYN-042-022,LOT-SYN-042,ISRO_MOCK,CMOS_LOGIC,HEX_INVERTER,CERAMIC_FP,24,125,1.5,2989.222,389.205,269.09,0.1452,BORDERLINE,NONE,0,1,synthetic,semiconductor_synthetic,physics_RD_power_law,0.1
COMP-SYN-042-022,LOT-SYN-042,ISRO_MOCK,CMOS_LOGIC,HEX_INVERTER,CERAMIC_FP,96,125,1.5,3061.753,386.31,268.47,0.1916,BORDERLINE,NONE,0,1,synthetic,semiconductor_synthetic,physics_RD_power_law,0.1
COMP-SYN-042-022,LOT-SYN-042,ISRO_MOCK,CMOS_LOGIC,HEX_INVERTER,CERAMIC_FP,168,125,1.5,3007.609,380.958,270.67,0.2143,BORDERLINE,NONE,0,1,synthetic,semiconductor_synthetic,physics_RD_power_law,0.1
COMP-SYN-042-023,LOT-SYN-042,ISRO_MOCK,CMOS_LOGIC,HEX_INVERTER,CERAMIC_FP,0,125,1.5,2387.408,289.383,186.06,0.0,HEALTHY,NONE,0,1,synthetic,semiconductor_synthetic,physics_RD_power_law,0.1
COMP-SYN-042-023,LOT-SYN-042,ISRO_MOCK,CMOS_LOGIC,HEX_INVERTER,CERAMIC_FP,24,125,1.5,2347.306,285.409,192.09,0.1452,HEALTHY,NONE,0,1,synthetic,semiconductor_synthetic,physics_RD_power_law,0.1
COMP-SYN-042-023,LOT-SYN-042,ISRO_MOCK,CMOS_LOGIC,HEX_INVERTER,CERAMIC_FP,96,125,1.5,2362.274,281.512,195.12,0.1916,HEALTHY,NONE,0,1,synthetic,semiconductor_synthetic,physics_RD_power_law,0.1
COMP-SYN-042-023,LOT-SYN-042,ISRO_MOCK,CMOS_LOGIC,HEX_INVERTER,CERAMIC_FP,168,125,1.5,2346.835,286.001,195.8,0.2143,HEALTHY,NONE,0,1,synthetic,semiconductor_synthetic,physics_RD_power_law,0.1
COMP-SYN-042-024,LOT-SYN-042,ISRO_MOCK,CMOS_LOGIC,HEX_INVERTER,CERAMIC_FP,0,125,1.5,2124.441,270.313,196.0,0.0,HEALTHY,NONE,0,1,synthetic,semiconductor_synthetic,physics_RD_power_law,0.1
COMP-SYN-042-024,LOT-SYN-042,ISRO_MOCK,CMOS_LOGIC,HEX_INVERTER,CERAMIC_FP,24,125,1.5,2114.128,265.305,204.58,0.1452,HEALTHY,NONE,0,1,synthetic,semiconductor_synthetic,physics_RD_power_law,0.1
COMP-SYN-042-024,LOT-SYN-042,ISRO_MOCK,CMOS_LOGIC,HEX_INVERTER,CERAMIC_FP,96,125,1.5,2072.296,265.417,207.04,0.1916,HEALTHY,NONE,0,1,synthetic,semiconductor_synthetic,physics_RD_power_law,0.1
COMP-SYN-042-024,LOT-SYN-042,ISRO_MOCK,CMOS_LOGIC,HEX_INVERTER,CERAMIC_FP,168,125,1.5,2103.306,264.278,206.78,0.2143,HEALTHY,NONE,0,1,synthetic,semiconductor_synthetic,physics_RD_power_law,0.1
COMP-SYN-042-025,LOT-SYN-042,ISRO_MOCK,CMOS_LOGIC,HEX_INVERTER,CERAMIC_FP,0,125,1.5,2003.672,276.536,190.41,0.0,HEALTHY,NONE,0,1,synthetic,semiconductor_synthetic,physics_RD_power_law,0.1
COMP-SYN-042-025,LOT-SYN-042,ISRO_MOCK,CMOS_LOGIC,HEX_INVERTER,CERAMIC_FP,24,125,1.5,1929.493,270.555,197.76,0.1452,HEALTHY,NONE,0,1,synthetic,semiconductor_synthetic,physics_RD_power_law,0.1
COMP-SYN-042-025,LOT-SYN-042,ISRO_MOCK,CMOS_LOGIC,HEX_INVERTER,CERAMIC_FP,96,125,1.5,1970.554,277.548,200.59,0.1916,HEALTHY,NONE,0,1,synthetic,semiconductor_synthetic,physics_RD_power_law,0.1
COMP-SYN-042-025,LOT-SYN-042,ISRO_MOCK,CMOS_LOGIC,HEX_INVERTER,CERAMIC_FP,168,125,1.5,1933.879,272.25,201.59,0.2143,HEALTHY,NONE,0,1,synthetic,semiconductor_synthetic,physics_RD_power_law,0.1
COMP-SYN-042-026,LOT-SYN-042,ISRO_MOCK,CMOS_LOGIC,HEX_INVERTER,CERAMIC_FP,0,125,1.5,2264.13,276.499,195.47,0.0,HEALTHY,NONE,0,1,synthetic,semiconductor_synthetic,physics_RD_power_law,0.1
COMP-SYN-042-026,LOT-SYN-042,ISRO_MOCK,CMOS_LOGIC,HEX_INVERTER,CERAMIC_FP,24,125,1.5,2189.426,273.51,200.94,0.1452,HEALTHY,NONE,0,1,synthetic,semiconductor_synthetic,physics_RD_power_law,0.1
COMP-SYN-042-026,LOT-SYN-042,ISRO_MOCK,CMOS_LOGIC,HEX_INVERTER,CERAMIC_FP,96,125,1.5,2216.422,278.543,204.86,0.1916,HEALTHY,NONE,0,1,synthetic,semiconductor_synthetic,physics_RD_power_law,0.1
COMP-SYN-042-026,LOT-SYN-042,ISRO_MOCK,CMOS_LOGIC,HEX_INVERTER,CERAMIC_FP,168,125,1.5,2177.324,272.453,200.97,0.2143,HEALTHY,NONE,0,1,synthetic,semiconductor_synthetic,physics_RD_power_law,0.1
COMP-SYN-042-027,LOT-SYN-042,ISRO_MOCK,CMOS_LOGIC,HEX_INVERTER,CERAMIC_FP,0,125,1.5,2116.945,269.772,191.28,0.0,HEALTHY,NONE,0,1,synthetic,semiconductor_synthetic,physics_RD_power_law,0.1
COMP-SYN-042-027,LOT-SYN-042,ISRO_MOCK,CMOS_LOGIC,HEX_INVERTER,CERAMIC_FP,24,125,1.5,2095.251,271.239,195.13,0.1452,HEALTHY,NONE,0,1,synthetic,semiconductor_synthetic,physics_RD_power_law,0.1
COMP-SYN-042-027,LOT-SYN-042,ISRO_MOCK,CMOS_LOGIC,HEX_INVERTER,CERAMIC_FP,96,125,1.5,2089.563,266.731,197.7,0.1916,HEALTHY,NONE,0,1,synthetic,semiconductor_synthetic,physics_RD_power_law,0.1
COMP-SYN-042-027,LOT-SYN-042,ISRO_MOCK,CMOS_LOGIC,HEX_INVERTER,CERAMIC_FP,168,125,1.5,2110.368,271.049,200.96,0.2143,HEALTHY,NONE,0,1,synthetic,semiconductor_synthetic,physics_RD_power_law,0.1
COMP-SYN-042-028,LOT-SYN-042,ISRO_MOCK,CMOS_LOGIC,HEX_INVERTER,CERAMIC_FP,0,125,1.5,2263.905,269.47,182.69,0.0,HEALTHY,NONE,0,1,synthetic,semiconductor_synthetic,physics_RD_power_law,0.1
COMP-SYN-042-028,LOT-SYN-042,ISRO_MOCK,CMOS_LOGIC,HEX_INVERTER,CERAMIC_FP,24,125,1.5,2339.082,267.156,193.2,0.1452,HEALTHY,NONE,0,1,synthetic,semiconductor_synthetic,physics_RD_power_law,0.1
COMP-SYN-042-028,LOT-SYN-042,ISRO_MOCK,CMOS_LOGIC,HEX_INVERTER,CERAMIC_FP,96,125,1.5,2312.623,267.242,191.82,0.1916,HEALTHY,NONE,0,1,synthetic,semiconductor_synthetic,physics_RD_power_law,0.1
COMP-SYN-042-028,LOT-SYN-042,ISRO_MOCK,CMOS_LOGIC,HEX_INVERTER,CERAMIC_FP,168,125,1.5,2262.208,268.248,196.97,0.2143,HEALTHY,NONE,0,1,synthetic,semiconductor_synthetic,physics_RD_power_law,0.1
COMP-SYN-042-029,LOT-SYN-042,ISRO_MOCK,CMOS_LOGIC,HEX_INVERTER,CERAMIC_FP,0,125,1.5,2216.965,299.307,178.19,0.0,HEALTHY,NONE,0,1,synthetic,semiconductor_synthetic,physics_RD_power_law,0.1
COMP-SYN-042-029,LOT-SYN-042,ISRO_MOCK,CMOS_LOGIC,HEX_INVERTER,CERAMIC_FP,24,125,1.5,2185.151,301.635,187.79,0.1452,HEALTHY,NONE,0,1,synthetic,semiconductor_synthetic,physics_RD_power_law,0.1
COMP-SYN-042-029,LOT-SYN-042,ISRO_MOCK,CMOS_LOGIC,HEX_INVERTER,CERAMIC_FP,96,125,1.5,2191.024,297.545,184.5,0.1916,HEALTHY,NONE,0,1,synthetic,semiconductor_synthetic,physics_RD_power_law,0.1
COMP-SYN-042-029,LOT-SYN-042,ISRO_MOCK,CMOS_LOGIC,HEX_INVERTER,CERAMIC_FP,168,125,1.5,2184.258,299.031,184.67,0.2143,HEALTHY,NONE,0,1,synthetic,semiconductor_synthetic,physics_RD_power_law,0.1
COMP-SYN-042-030,LOT-SYN-042,ISRO_MOCK,CMOS_LOGIC,HEX_INVERTER,CERAMIC_FP,0,125,1.5,2150.109,273.731,179.37,0.0,HEALTHY,NONE,0,1,synthetic,semiconductor_synthetic,physics_RD_power_law,0.1
COMP-SYN-042-030,LOT-SYN-042,ISRO_MOCK,CMOS_LOGIC,HEX_INVERTER,CERAMIC_FP,24,125,1.5,2109.895,270.777,188.08,0.1452,HEALTHY,NONE,0,1,synthetic,semiconductor_synthetic,physics_RD_power_law,0.1
COMP-SYN-042-030,LOT-SYN-042,ISRO_MOCK,CMOS_LOGIC,HEX_INVERTER,CERAMIC_FP,96,125,1.5,2065.865,275.76,187.84,0.1916,HEALTHY,NONE,0,1,synthetic,semiconductor_synthetic,physics_RD_power_law,0.1
COMP-SYN-042-030,LOT-SYN-042,ISRO_MOCK,CMOS_LOGIC,HEX_INVERTER,CERAMIC_FP,168,125,1.5,2133.366,271.865,189.59,0.2143,HEALTHY,NONE,0,1,synthetic,semiconductor_synthetic,physics_RD_power_law,0.1
COMP-SYN-042-031,LOT-SYN-042,ISRO_MOCK,CMOS_LOGIC,HEX_INVERTER,CERAMIC_FP,0,125,1.5,2242.249,270.403,185.16,0.0,HEALTHY,NONE,0,1,synthetic,semiconductor_synthetic,physics_RD_power_law,0.1
COMP-SYN-042-031,LOT-SYN-042,ISRO_MOCK,CMOS_LOGIC,HEX_INVERTER,CERAMIC_FP,24,125,1.5,2246.252,262.262,195.02,0.1452,HEALTHY,NONE,0,1,synthetic,semiconductor_synthetic,physics_RD_power_law,0.1
COMP-SYN-042-031,LOT-SYN-042,ISRO_MOCK,CMOS_LOGIC,HEX_INVERTER,CERAMIC_FP,96,125,1.5,2251.012,268.047,193.59,0.1916,HEALTHY,NONE,0,1,synthetic,semiconductor_synthetic,physics_RD_power_law,0.1
COMP-SYN-042-031,LOT-SYN-042,ISRO_MOCK,CMOS_LOGIC,HEX_INVERTER,CERAMIC_FP,168,125,1.5,2208.951,263.21,194.05,0.2143,HEALTHY,NONE,0,1,synthetic,semiconductor_synthetic,physics_RD_power_law,0.1
COMP-SYN-042-032,LOT-SYN-042,ISRO_MOCK,CMOS_LOGIC,HEX_INVERTER,CERAMIC_FP,0,125,1.5,2092.004,280.026,192.35,0.0,HEALTHY,NONE,0,1,synthetic,semiconductor_synthetic,physics_RD_power_law,0.1
COMP-SYN-042-032,LOT-SYN-042,ISRO_MOCK,CMOS_LOGIC,HEX_INVERTER,CERAMIC_FP,24,125,1.5,2060.581,274.502,201.69,0.1452,HEALTHY,NONE,0,1,synthetic,semiconductor_synthetic,physics_RD_power_law,0.1
COMP-SYN-042-032,LOT-SYN-042,ISRO_MOCK,CMOS_LOGIC,HEX_INVERTER,CERAMIC_FP,96,125,1.5,2061.093,277.12,204.35,0.1916,HEALTHY,NONE,0,1,synthetic,semiconductor_synthetic,physics_RD_power_law,0.1
COMP-SYN-042-032,LOT-SYN-042,ISRO_MOCK,CMOS_LOGIC,HEX_INVERTER,CERAMIC_FP,168,125,1.5,2049.628,275.764,202.75,0.2143,HEALTHY,NONE,0,1,synthetic,semiconductor_synthetic,physics_RD_power_law,0.1
COMP-SYN-042-033,LOT-SYN-042,ISRO_MOCK,CMOS_LOGIC,HEX_INVERTER,CERAMIC_FP,0,125,1.5,2221.809,279.109,174.19,0.0,HEALTHY,NONE,0,1,synthetic,semiconductor_synthetic,physics_RD_power_law,0.1
COMP-SYN-042-033,LOT-SYN-042,ISRO_MOCK,CMOS_LOGIC,HEX_INVERTER,CERAMIC_FP,24,125,1.5,2246.812,282.75,180.53,0.1452,HEALTHY,NONE,0,1,synthetic,semiconductor_synthetic,physics_RD_power_law,0.1
COMP-SYN-042-033,LOT-SYN-042,ISRO_MOCK,CMOS_LOGIC,HEX_INVERTER,CERAMIC_FP,96,125,1.5,2214.581,279.588,179.38,0.1916,HEALTHY,NONE,0,1,synthetic,semiconductor_synthetic,physics_RD_power_law,0.1
COMP-SYN-042-033,LOT-SYN-042,ISRO_MOCK,CMOS_LOGIC,HEX_INVERTER,CERAMIC_FP,168,125,1.5,2204.218,276.739,186.89,0.2143,HEALTHY,NONE,0,1,synthetic,semiconductor_synthetic,physics_RD_power_law,0.1
COMP-SYN-042-034,LOT-SYN-042,ISRO_MOCK,CMOS_LOGIC,HEX_INVERTER,CERAMIC_FP,0,125,1.5,2965.964,395.624,259.46,0.0,BORDERLINE,NONE,0,1,synthetic,semiconductor_synthetic,physics_RD_power_law,0.1
COMP-SYN-042-034,LOT-SYN-042,ISRO_MOCK,CMOS_LOGIC,HEX_INVERTER,CERAMIC_FP,24,125,1.5,2904.109,394.406,266.07,0.1452,BORDERLINE,NONE,0,1,synthetic,semiconductor_synthetic,physics_RD_power_law,0.1
COMP-SYN-042-034,LOT-SYN-042,ISRO_MOCK,CMOS_LOGIC,HEX_INVERTER,CERAMIC_FP,96,125,1.5,2930.325,389.577,275.1,0.1916,BORDERLINE,NONE,0,1,synthetic,semiconductor_synthetic,physics_RD_power_law,0.1
COMP-SYN-042-034,LOT-SYN-042,ISRO_MOCK,CMOS_LOGIC,HEX_INVERTER,CERAMIC_FP,168,125,1.5,2912.597,388.506,271.29,0.2143,BORDERLINE,NONE,0,1,synthetic,semiconductor_synthetic,physics_RD_power_law,0.1
COMP-SYN-042-035,LOT-SYN-042,ISRO_MOCK,CMOS_LOGIC,HEX_INVERTER,CERAMIC_FP,0,125,1.5,3150.421,401.063,265.97,0.0,BORDERLINE,NONE,0,1,synthetic,semiconductor_synthetic,physics_RD_power_law,0.1
COMP-SYN-042-035,LOT-SYN-042,ISRO_MOCK,CMOS_LOGIC,HEX_INVERTER,CERAMIC_FP,24,125,1.5,3101.43,399.792,269.51,0.1452,BORDERLINE,NONE,0,1,synthetic,semiconductor_synthetic,physics_RD_power_law,0.1
COMP-SYN-042-035,LOT-SYN-042,ISRO_MOCK,CMOS_LOGIC,HEX_INVERTER,CERAMIC_FP,96,125,1.5,3068.86,394.537,271.82,0.1916,BORDERLINE,NONE,0,1,synthetic,semiconductor_synthetic,physics_RD_power_law,0.1
COMP-SYN-042-035,LOT-SYN-042,ISRO_MOCK,CMOS_LOGIC,HEX_INVERTER,CERAMIC_FP,168,125,1.5,3103.358,394.736,276.41,0.2143,BORDERLINE,NONE,0,1,synthetic,semiconductor_synthetic,physics_RD_power_law,0.1
COMP-SYN-042-036,LOT-SYN-042,ISRO_MOCK,CMOS_LOGIC,HEX_INVERTER,CERAMIC_FP,0,125,1.5,2079.359,257.282,186.47,0.0,HEALTHY,NONE,0,1,synthetic,semiconductor_synthetic,physics_RD_power_law,0.1
COMP-SYN-042-036,LOT-SYN-042,ISRO_MOCK,CMOS_LOGIC,HEX_INVERTER,CERAMIC_FP,24,125,1.5,2069.373,248.427,191.63,0.1452,HEALTHY,NONE,0,1,synthetic,semiconductor_synthetic,physics_RD_power_law,0.1
COMP-SYN-042-036,LOT-SYN-042,ISRO_MOCK,CMOS_LOGIC,HEX_INVERTER,CERAMIC_FP,96,125,1.5,2086.445,251.45,198.58,0.1916,HEALTHY,NONE,0,1,synthetic,semiconductor_synthetic,physics_RD_power_law,0.1
COMP-SYN-042-036,LOT-SYN-042,ISRO_MOCK,CMOS_LOGIC,HEX_INVERTER,CERAMIC_FP,168,125,1.5,2072.034,253.256,198.31,0.2143,HEALTHY,NONE,0,1,synthetic,semiconductor_synthetic,physics_RD_power_law,0.1
COMP-SYN-042-037,LOT-SYN-042,ISRO_MOCK,CMOS_LOGIC,HEX_INVERTER,CERAMIC_FP,0,125,1.5,1973.29,297.283,189.51,0.0,HEALTHY,NONE,0,1,synthetic,semiconductor_synthetic,physics_RD_power_law,0.1
COMP-SYN-042-037,LOT-SYN-042,ISRO_MOCK,CMOS_LOGIC,HEX_INVERTER,CERAMIC_FP,24,125,1.5,2018.446,289.309,199.21,0.1452,HEALTHY,NONE,0,1,synthetic,semiconductor_synthetic,physics_RD_power_law,0.1
COMP-SYN-042-037,LOT-SYN-042,ISRO_MOCK,CMOS_LOGIC,HEX_INVERTER,CERAMIC_FP,96,125,1.5,1985.991,292.792,198.5,0.1916,HEALTHY,NONE,0,1,synthetic,semiconductor_synthetic,physics_RD_power_law,0.1
COMP-SYN-042-037,LOT-SYN-042,ISRO_MOCK,CMOS_LOGIC,HEX_INVERTER,CERAMIC_FP,168,125,1.5,1959.383,290.781,200.95,0.2143,HEALTHY,NONE,0,1,synthetic,semiconductor_synthetic,physics_RD_power_law,0.1
COMP-SYN-042-038,LOT-SYN-042,ISRO_MOCK,CMOS_LOGIC,HEX_INVERTER,CERAMIC_FP,0,125,1.5,2159.995,281.193,183.21,0.0,HEALTHY,NONE,0,1,synthetic,semiconductor_synthetic,physics_RD_power_law,0.1
COMP-SYN-042-038,LOT-SYN-042,ISRO_MOCK,CMOS_LOGIC,HEX_INVERTER,CERAMIC_FP,24,125,1.5,2154.13,281.654,192.83,0.1452,HEALTHY,NONE,0,1,synthetic,semiconductor_synthetic,physics_RD_power_law,0.1
COMP-SYN-042-038,LOT-SYN-042,ISRO_MOCK,CMOS_LOGIC,HEX_INVERTER,CERAMIC_FP,96,125,1.5,2119.508,286.833,191.53,0.1916,HEALTHY,NONE,0,1,synthetic,semiconductor_synthetic,physics_RD_power_law,0.1
COMP-SYN-042-038,LOT-SYN-042,ISRO_MOCK,CMOS_LOGIC,HEX_INVERTER,CERAMIC_FP,168,125,1.5,2089.278,276.713,197.39,0.2143,HEALTHY,NONE,0,1,synthetic,semiconductor_synthetic,physics_RD_power_law,0.1
COMP-SYN-042-039,LOT-SYN-042,ISRO_MOCK,CMOS_LOGIC,HEX_INVERTER,CERAMIC_FP,0,125,1.5,2175.734,277.233,183.35,0.0,HEALTHY,NONE,0,1,synthetic,semiconductor_synthetic,physics_RD_power_law,0.1
COMP-SYN-042-039,LOT-SYN-042,ISRO_MOCK,CMOS_LOGIC,HEX_INVERTER,CERAMIC_FP,24,125,1.5,2192.856,274.812,190.31,0.1452,HEALTHY,NONE,0,1,synthetic,semiconductor_synthetic,physics_RD_power_law,0.1
COMP-SYN-042-039,LOT-SYN-042,ISRO_MOCK,CMOS_LOGIC,HEX_INVERTER,CERAMIC_FP,96,125,1.5,2161.863,276.261,190.22,0.1916,HEALTHY,NONE,0,1,synthetic,semiconductor_synthetic,physics_RD_power_law,0.1
COMP-SYN-042-039,LOT-SYN-042,ISRO_MOCK,CMOS_LOGIC,HEX_INVERTER,CERAMIC_FP,168,125,1.5,2208.923,271.438,194.67,0.2143,HEALTHY,NONE,0,1,synthetic,semiconductor_synthetic,physics_RD_power_law,0.1
COMP-SYN-042-040,LOT-SYN-042,ISRO_MOCK,CMOS_LOGIC,HEX_INVERTER,CERAMIC_FP,0,125,1.5,2096.698,276.908,190.24,0.0,HEALTHY,NONE,0,1,synthetic,semiconductor_synthetic,physics_RD_power_law,0.1
COMP-SYN-042-040,LOT-SYN-042,ISRO_MOCK,CMOS_LOGIC,HEX_INVERTER,CERAMIC_FP,24,125,1.5,2105.096,273.96,200.94,0.1452,HEALTHY,NONE,0,1,synthetic,semiconductor_synthetic,physics_RD_power_law,0.1
COMP-SYN-042-040,LOT-SYN-042,ISRO_MOCK,CMOS_LOGIC,HEX_INVERTER,CERAMIC_FP,96,125,1.5,2121.057,275.859,200.37,0.1916,HEALTHY,NONE,0,1,synthetic,semiconductor_synthetic,physics_RD_power_law,0.1
COMP-SYN-042-040,LOT-SYN-042,ISRO_MOCK,CMOS_LOGIC,HEX_INVERTER,CERAMIC_FP,168,125,1.5,2084.608,272.358,201.68,0.2143,HEALTHY,NONE,0,1,synthetic,semiconductor_synthetic,physics_RD_power_law,0.1
COMP-SYN-042-041,LOT-SYN-042,ISRO_MOCK,CMOS_LOGIC,HEX_INVERTER,CERAMIC_FP,0,125,1.5,2023.716,269.88,181.86,0.0,HEALTHY,NONE,0,1,synthetic,semiconductor_synthetic,physics_RD_power_law,0.1
COMP-SYN-042-041,LOT-SYN-042,ISRO_MOCK,CMOS_LOGIC,HEX_INVERTER,CERAMIC_FP,24,125,1.5,2011.353,266.919,185.02,0.1452,HEALTHY,NONE,0,1,synthetic,semiconductor_synthetic,physics_RD_power_law,0.1
COMP-SYN-042-041,LOT-SYN-042,ISRO_MOCK,CMOS_LOGIC,HEX_INVERTER,CERAMIC_FP,96,125,1.5,1997.183,261.256,184.31,0.1916,HEALTHY,NONE,0,1,synthetic,semiconductor_synthetic,physics_RD_power_law,0.1
COMP-SYN-042-041,LOT-SYN-042,ISRO_MOCK,CMOS_LOGIC,HEX_INVERTER,CERAMIC_FP,168,125,1.5,1985.445,270.561,189.28,0.2143,HEALTHY,NONE,0,1,synthetic,semiconductor_synthetic,physics_RD_power_law,0.1
COMP-SYN-042-042,LOT-SYN-042,ISRO_MOCK,CMOS_LOGIC,HEX_INVERTER,CERAMIC_FP,0,125,1.5,1858.497,277.047,182.87,0.0,HEALTHY,NONE,0,1,synthetic,semiconductor_synthetic,physics_RD_power_law,0.1
COMP-SYN-042-042,LOT-SYN-042,ISRO_MOCK,CMOS_LOGIC,HEX_INVERTER,CERAMIC_FP,24,125,1.5,1834.289,275.256,189.9,0.1452,HEALTHY,NONE,0,1,synthetic,semiconductor_synthetic,physics_RD_power_law,0.1
COMP-SYN-042-042,LOT-SYN-042,ISRO_MOCK,CMOS_LOGIC,HEX_INVERTER,CERAMIC_FP,96,125,1.5,1836.451,279.426,189.99,0.1916,HEALTHY,NONE,0,1,synthetic,semiconductor_synthetic,physics_RD_power_law,0.1
COMP-SYN-042-042,LOT-SYN-042,ISRO_MOCK,CMOS_LOGIC,HEX_INVERTER,CERAMIC_FP,168,125,1.5,1891.07,276.714,192.4,0.2143,HEALTHY,NONE,0,1,synthetic,semiconductor_synthetic,physics_RD_power_law,0.1
COMP-SYN-042-043,LOT-SYN-042,ISRO_MOCK,CMOS_LOGIC,HEX_INVERTER,CERAMIC_FP,0,125,1.5,2197.325,280.891,184.12,0.0,HEALTHY,NONE,0,1,synthetic,semiconductor_synthetic,physics_RD_power_law,0.1
COMP-SYN-042-043,LOT-SYN-042,ISRO_MOCK,CMOS_LOGIC,HEX_INVERTER,CERAMIC_FP,24,125,1.5,2214.825,272.636,189.25,0.1452,HEALTHY,NONE,0,1,synthetic,semiconductor_synthetic,physics_RD_power_law,0.1
COMP-SYN-042-043,LOT-SYN-042,ISRO_MOCK,CMOS_LOGIC,HEX_INVERTER,CERAMIC_FP,96,125,1.5,2200.412,277.612,191.4,0.1916,HEALTHY,NONE,0,1,synthetic,semiconductor_synthetic,physics_RD_power_law,0.1
COMP-SYN-042-043,LOT-SYN-042,ISRO_MOCK,CMOS_LOGIC,HEX_INVERTER,CERAMIC_FP,168,125,1.5,2240.945,277.978,192.39,0.2143,HEALTHY,NONE,0,1,synthetic,semiconductor_synthetic,physics_RD_power_law,0.1
COMP-SYN-042-044,LOT-SYN-042,ISRO_MOCK,CMOS_LOGIC,HEX_INVERTER,CERAMIC_FP,0,125,1.5,2258.695,299.039,184.38,0.0,FAILED,STEP_BREAKDOWN,1,1,synthetic,semiconductor_synthetic,physics_RD_power_law,0.1
COMP-SYN-042-044,LOT-SYN-042,ISRO_MOCK,CMOS_LOGIC,HEX_INVERTER,CERAMIC_FP,24,125,1.5,2106.064,278.867,251.91,1.4524,FAILED,STEP_BREAKDOWN,1,1,synthetic,semiconductor_synthetic,physics_RD_power_law,0.1
COMP-SYN-042-044,LOT-SYN-042,ISRO_MOCK,CMOS_LOGIC,HEX_INVERTER,CERAMIC_FP,96,125,1.5,2036.674,286.228,271.88,1.9165,FAILED,STEP_BREAKDOWN,1,1,synthetic,semiconductor_synthetic,physics_RD_power_law,0.1
COMP-SYN-042-044,LOT-SYN-042,ISRO_MOCK,CMOS_LOGIC,HEX_INVERTER,CERAMIC_FP,168,125,1.5,1981.319,282.528,283.56,2.1434,FAILED,STEP_BREAKDOWN,1,1,synthetic,semiconductor_synthetic,physics_RD_power_law,0.1
COMP-SYN-042-045,LOT-SYN-042,ISRO_MOCK,CMOS_LOGIC,HEX_INVERTER,CERAMIC_FP,0,125,1.5,2156.113,285.946,192.5,0.0,HEALTHY,NONE,0,1,synthetic,semiconductor_synthetic,physics_RD_power_law,0.1
COMP-SYN-042-045,LOT-SYN-042,ISRO_MOCK,CMOS_LOGIC,HEX_INVERTER,CERAMIC_FP,24,125,1.5,2187.65,285.219,200.33,0.1452,HEALTHY,NONE,0,1,synthetic,semiconductor_synthetic,physics_RD_power_law,0.1
COMP-SYN-042-045,LOT-SYN-042,ISRO_MOCK,CMOS_LOGIC,HEX_INVERTER,CERAMIC_FP,96,125,1.5,2160.881,288.966,201.32,0.1916,HEALTHY,NONE,0,1,synthetic,semiconductor_synthetic,physics_RD_power_law,0.1
COMP-SYN-042-045,LOT-SYN-042,ISRO_MOCK,CMOS_LOGIC,HEX_INVERTER,CERAMIC_FP,168,125,1.5,2181.528,286.264,204.32,0.2143,HEALTHY,NONE,0,1,synthetic,semiconductor_synthetic,physics_RD_power_law,0.1
COMP-SYN-042-046,LOT-SYN-042,ISRO_MOCK,CMOS_LOGIC,HEX_INVERTER,CERAMIC_FP,0,125,1.5,2406.622,285.065,186.22,0.0,HEALTHY,NONE,0,1,synthetic,semiconductor_synthetic,physics_RD_power_law,0.1
COMP-SYN-042-046,LOT-SYN-042,ISRO_MOCK,CMOS_LOGIC,HEX_INVERTER,CERAMIC_FP,24,125,1.5,2407.734,280.509,195.34,0.1452,HEALTHY,NONE,0,1,synthetic,semiconductor_synthetic,physics_RD_power_law,0.1
COMP-SYN-042-046,LOT-SYN-042,ISRO_MOCK,CMOS_LOGIC,HEX_INVERTER,CERAMIC_FP,96,125,1.5,2406.25,286.037,196.75,0.1916,HEALTHY,NONE,0,1,synthetic,semiconductor_synthetic,physics_RD_power_law,0.1
COMP-SYN-042-046,LOT-SYN-042,ISRO_MOCK,CMOS_LOGIC,HEX_INVERTER,CERAMIC_FP,168,125,1.5,2441.584,283.388,193.07,0.2143,HEALTHY,NONE,0,1,synthetic,semiconductor_synthetic,physics_RD_power_law,0.1
COMP-SYN-042-047,LOT-SYN-042,ISRO_MOCK,CMOS_LOGIC,HEX_INVERTER,CERAMIC_FP,0,125,1.5,2101.136,258.609,187.55,0.0,HEALTHY,NONE,0,1,synthetic,semiconductor_synthetic,physics_RD_power_law,0.1
COMP-SYN-042-047,LOT-SYN-042,ISRO_MOCK,CMOS_LOGIC,HEX_INVERTER,CERAMIC_FP,24,125,1.5,2026.258,259.356,196.15,0.1452,HEALTHY,NONE,0,1,synthetic,semiconductor_synthetic,physics_RD_power_law,0.1
COMP-SYN-042-047,LOT-SYN-042,ISRO_MOCK,CMOS_LOGIC,HEX_INVERTER,CERAMIC_FP,96,125,1.5,2044.784,253.847,195.39,0.1916,HEALTHY,NONE,0,1,synthetic,semiconductor_synthetic,physics_RD_power_law,0.1
COMP-SYN-042-047,LOT-SYN-042,ISRO_MOCK,CMOS_LOGIC,HEX_INVERTER,CERAMIC_FP,168,125,1.5,1968.253,257.823,196.3,0.2143,HEALTHY,NONE,0,1,synthetic,semiconductor_synthetic,physics_RD_power_law,0.1
COMP-SYN-042-048,LOT-SYN-042,ISRO_MOCK,CMOS_LOGIC,HEX_INVERTER,CERAMIC_FP,0,125,1.5,2043.245,275.077,191.27,0.0,HEALTHY,NONE,0,1,synthetic,semiconductor_synthetic,physics_RD_power_law,0.1
COMP-SYN-042-048,LOT-SYN-042,ISRO_MOCK,CMOS_LOGIC,HEX_INVERTER,CERAMIC_FP,24,125,1.5,2022.852,270.21,199.88,0.1452,HEALTHY,NONE,0,1,synthetic,semiconductor_synthetic,physics_RD_power_law,0.1
COMP-SYN-042-048,LOT-SYN-042,ISRO_MOCK,CMOS_LOGIC,HEX_INVERTER,CERAMIC_FP,96,125,1.5,2036.656,271.514,198.92,0.1916,HEALTHY,NONE,0,1,synthetic,semiconductor_synthetic,physics_RD_power_law,0.1
COMP-SYN-042-048,LOT-SYN-042,ISRO_MOCK,CMOS_LOGIC,HEX_INVERTER,CERAMIC_FP,168,125,1.5,2041.803,273.979,200.03,0.2143,HEALTHY,NONE,0,1,synthetic,semiconductor_synthetic,physics_RD_power_law,0.1
COMP-SYN-042-049,LOT-SYN-042,ISRO_MOCK,CMOS_LOGIC,HEX_INVERTER,CERAMIC_FP,0,125,1.5,2269.807,289.942,189.98,0.0,HEALTHY,NONE,0,1,synthetic,semiconductor_synthetic,physics_RD_power_law,0.1
COMP-SYN-042-049,LOT-SYN-042,ISRO_MOCK,CMOS_LOGIC,HEX_INVERTER,CERAMIC_FP,24,125,1.5,2252.469,283.826,190.13,0.1452,HEALTHY,NONE,0,1,synthetic,semiconductor_synthetic,physics_RD_power_law,0.1
COMP-SYN-042-049,LOT-SYN-042,ISRO_MOCK,CMOS_LOGIC,HEX_INVERTER,CERAMIC_FP,96,125,1.5,2204.722,282.494,196.72,0.1916,HEALTHY,NONE,0,1,synthetic,semiconductor_synthetic,physics_RD_power_law,0.1
COMP-SYN-042-049,LOT-SYN-042,ISRO_MOCK,CMOS_LOGIC,HEX_INVERTER,CERAMIC_FP,168,125,1.5,2234.776,278.054,196.92,0.2143,HEALTHY,NONE,0,1,synthetic,semiconductor_synthetic,physics_RD_power_law,0.1
COMP-SYN-042-050,LOT-SYN-042,ISRO_MOCK,CMOS_LOGIC,HEX_INVERTER,CERAMIC_FP,0,125,1.5,2138.114,304.655,195.1,0.0,HEALTHY,NONE,0,1,synthetic,semiconductor_synthetic,physics_RD_power_law,0.1
COMP-SYN-042-050,LOT-SYN-042,ISRO_MOCK,CMOS_LOGIC,HEX_INVERTER,CERAMIC_FP,24,125,1.5,2087.188,304.708,197.31,0.1452,HEALTHY,NONE,0,1,synthetic,semiconductor_synthetic,physics_RD_power_law,0.1
COMP-SYN-042-050,LOT-SYN-042,ISRO_MOCK,CMOS_LOGIC,HEX_INVERTER,CERAMIC_FP,96,125,1.5,2086.472,301.398,204.54,0.1916,HEALTHY,NONE,0,1,synthetic,semiconductor_synthetic,physics_RD_power_law,0.1
COMP-SYN-042-050,LOT-SYN-042,ISRO_MOCK,CMOS_LOGIC,HEX_INVERTER,CERAMIC_FP,168,125,1.5,2072.15,309.923,202.98,0.2143,HEALTHY,NONE,0,1,synthetic,semiconductor_synthetic,physics_RD_power_law,0.1
COMP-SYN-042-051,LOT-SYN-042,ISRO_MOCK,CMOS_LOGIC,HEX_INVERTER,CERAMIC_FP,0,125,1.5,2104.447,283.271,193.01,0.0,HEALTHY,NONE,0,1,synthetic,semiconductor_synthetic,physics_RD_power_law,0.1
COMP-SYN-042-051,LOT-SYN-042,ISRO_MOCK,CMOS_LOGIC,HEX_INVERTER,CERAMIC_FP,24,125,1.5,2093.347,281.8,199.14,0.1452,HEALTHY,NONE,0,1,synthetic,semiconductor_synthetic,physics_RD_power_law,0.1
COMP-SYN-042-051,LOT-SYN-042,ISRO_MOCK,CMOS_LOGIC,HEX_INVERTER,CERAMIC_FP,96,125,1.5,2051.913,282.014,204.44,0.1916,HEALTHY,NONE,0,1,synthetic,semiconductor_synthetic,physics_RD_power_law,0.1
COMP-SYN-042-051,LOT-SYN-042,ISRO_MOCK,CMOS_LOGIC,HEX_INVERTER,CERAMIC_FP,168,125,1.5,2091.228,279.857,203.64,0.2143,HEALTHY,NONE,0,1,synthetic,semiconductor_synthetic,physics_RD_power_law,0.1
COMP-SYN-042-052,LOT-SYN-042,ISRO_MOCK,CMOS_LOGIC,HEX_INVERTER,CERAMIC_FP,0,125,1.5,2349.012,267.148,179.29,0.0,HEALTHY,NONE,0,1,synthetic,semiconductor_synthetic,physics_RD_power_law,0.1
COMP-SYN-042-052,LOT-SYN-042,ISRO_MOCK,CMOS_LOGIC,HEX_INVERTER,CERAMIC_FP,24,125,1.5,2306.18,264.894,189.02,0.1452,HEALTHY,NONE,0,1,synthetic,semiconductor_synthetic,physics_RD_power_law,0.1
COMP-SYN-042-052,LOT-SYN-042,ISRO_MOCK,CMOS_LOGIC,HEX_INVERTER,CERAMIC_FP,96,125,1.5,2363.133,262.451,187.29,0.1916,HEALTHY,NONE,0,1,synthetic,semiconductor_synthetic,physics_RD_power_law,0.1
COMP-SYN-042-052,LOT-SYN-042,ISRO_MOCK,CMOS_LOGIC,HEX_INVERTER,CERAMIC_FP,168,125,1.5,2372.479,264.228,193.21,0.2143,HEALTHY,NONE,0,1,synthetic,semiconductor_synthetic,physics_RD_power_law,0.1
COMP-SYN-042-053,LOT-SYN-042,ISRO_MOCK,CMOS_LOGIC,HEX_INVERTER,CERAMIC_FP,0,125,1.5,2265.853,274.724,189.05,0.0,LATENT_DEFECT,GATE_OXIDE_SHORT,1,1,synthetic,semiconductor_synthetic,physics_RD_power_law,0.1
COMP-SYN-042-053,LOT-SYN-042,ISRO_MOCK,CMOS_LOGIC,HEX_INVERTER,CERAMIC_FP,24,125,1.5,2211.793,269.911,213.69,0.581,LATENT_DEFECT,GATE_OXIDE_SHORT,1,1,synthetic,semiconductor_synthetic,physics_RD_power_law,0.1
COMP-SYN-042-053,LOT-SYN-042,ISRO_MOCK,CMOS_LOGIC,HEX_INVERTER,CERAMIC_FP,96,125,1.5,2222.855,276.136,227.2,0.7666,LATENT_DEFECT,GATE_OXIDE_SHORT,1,1,synthetic,semiconductor_synthetic,physics_RD_power_law,0.1
COMP-SYN-042-053,LOT-SYN-042,ISRO_MOCK,CMOS_LOGIC,HEX_INVERTER,CERAMIC_FP,168,125,1.5,2177.41,285.723,232.86,0.8574,LATENT_DEFECT,GATE_OXIDE_SHORT,1,1,synthetic,semiconductor_synthetic,physics_RD_power_law,0.1
COMP-SYN-042-054,LOT-SYN-042,ISRO_MOCK,CMOS_LOGIC,HEX_INVERTER,CERAMIC_FP,0,125,1.5,2209.458,272.969,184.12,0.0,HEALTHY,NONE,0,1,synthetic,semiconductor_synthetic,physics_RD_power_law,0.1
COMP-SYN-042-054,LOT-SYN-042,ISRO_MOCK,CMOS_LOGIC,HEX_INVERTER,CERAMIC_FP,24,125,1.5,2154.913,271.876,193.44,0.1452,HEALTHY,NONE,0,1,synthetic,semiconductor_synthetic,physics_RD_power_law,0.1
COMP-SYN-042-054,LOT-SYN-042,ISRO_MOCK,CMOS_LOGIC,HEX_INVERTER,CERAMIC_FP,96,125,1.5,2140.096,268.543,196.0,0.1916,HEALTHY,NONE,0,1,synthetic,semiconductor_synthetic,physics_RD_power_law,0.1
COMP-SYN-042-054,LOT-SYN-042,ISRO_MOCK,CMOS_LOGIC,HEX_INVERTER,CERAMIC_FP,168,125,1.5,2178.072,266.56,197.77,0.2143,HEALTHY,NONE,0,1,synthetic,semiconductor_synthetic,physics_RD_power_law,0.1
COMP-SYN-042-055,LOT-SYN-042,ISRO_MOCK,CMOS_LOGIC,HEX_INVERTER,CERAMIC_FP,0,125,1.5,2201.227,300.647,176.73,0.0,HEALTHY,NONE,0,1,synthetic,semiconductor_synthetic,physics_RD_power_law,0.1
COMP-SYN-042-055,LOT-SYN-042,ISRO_MOCK,CMOS_LOGIC,HEX_INVERTER,CERAMIC_FP,24,125,1.5,2117.179,297.724,186.61,0.1452,HEALTHY,NONE,0,1,synthetic,semiconductor_synthetic,physics_RD_power_law,0.1
COMP-SYN-042-055,LOT-SYN-042,ISRO_MOCK,CMOS_LOGIC,HEX_INVERTER,CERAMIC_FP,96,125,1.5,2161.942,293.742,184.92,0.1916,HEALTHY,NONE,0,1,synthetic,semiconductor_synthetic,physics_RD_power_law,0.1
COMP-SYN-042-055,LOT-SYN-042,ISRO_MOCK,CMOS_LOGIC,HEX_INVERTER,CERAMIC_FP,168,125,1.5,2159.248,297.089,185.9,0.2143,HEALTHY,NONE,0,1,synthetic,semiconductor_synthetic,physics_RD_power_law,0.1
COMP-SYN-042-056,LOT-SYN-042,ISRO_MOCK,CMOS_LOGIC,HEX_INVERTER,CERAMIC_FP,0,125,1.5,2178.744,280.426,196.26,0.0,HEALTHY,NONE,0,1,synthetic,semiconductor_synthetic,physics_RD_power_law,0.1
COMP-SYN-042-056,LOT-SYN-042,ISRO_MOCK,CMOS_LOGIC,HEX_INVERTER,CERAMIC_FP,24,125,1.5,2136.684,272.169,198.33,0.1452,HEALTHY,NONE,0,1,synthetic,semiconductor_synthetic,physics_RD_power_law,0.1
COMP-SYN-042-056,LOT-SYN-042,ISRO_MOCK,CMOS_LOGIC,HEX_INVERTER,CERAMIC_FP,96,125,1.5,2112.528,277.791,198.18,0.1916,HEALTHY,NONE,0,1,synthetic,semiconductor_synthetic,physics_RD_power_law,0.1
COMP-SYN-042-056,LOT-SYN-042,ISRO_MOCK,CMOS_LOGIC,HEX_INVERTER,CERAMIC_FP,168,125,1.5,2119.768,275.127,198.33,0.2143,HEALTHY,NONE,0,1,synthetic,semiconductor_synthetic,physics_RD_power_law,0.1
COMP-SYN-042-057,LOT-SYN-042,ISRO_MOCK,CMOS_LOGIC,HEX_INVERTER,CERAMIC_FP,0,125,1.5,2432.855,268.834,185.48,0.0,HEALTHY,NONE,0,1,synthetic,semiconductor_synthetic,physics_RD_power_law,0.1
COMP-SYN-042-057,LOT-SYN-042,ISRO_MOCK,CMOS_LOGIC,HEX_INVERTER,CERAMIC_FP,24,125,1.5,2461.381,274.024,194.64,0.1452,HEALTHY,NONE,0,1,synthetic,semiconductor_synthetic,physics_RD_power_law,0.1
COMP-SYN-042-057,LOT-SYN-042,ISRO_MOCK,CMOS_LOGIC,HEX_INVERTER,CERAMIC_FP,96,125,1.5,2409.029,268.144,196.05,0.1916,HEALTHY,NONE,0,1,synthetic,semiconductor_synthetic,physics_RD_power_law,0.1
COMP-SYN-042-057,LOT-SYN-042,ISRO_MOCK,CMOS_LOGIC,HEX_INVERTER,CERAMIC_FP,168,125,1.5,2397.443,271.265,201.64,0.2143,HEALTHY,NONE,0,1,synthetic,semiconductor_synthetic,physics_RD_power_law,0.1
COMP-SYN-042-058,LOT-SYN-042,ISRO_MOCK,CMOS_LOGIC,HEX_INVERTER,CERAMIC_FP,0,125,1.5,2132.172,287.174,183.12,0.0,HEALTHY,NONE,0,1,synthetic,semiconductor_synthetic,physics_RD_power_law,0.1
COMP-SYN-042-058,LOT-SYN-042,ISRO_MOCK,CMOS_LOGIC,HEX_INVERTER,CERAMIC_FP,24,125,1.5,2102.521,285.352,187.66,0.1452,HEALTHY,NONE,0,1,synthetic,semiconductor_synthetic,physics_RD_power_law,0.1
COMP-SYN-042-058,LOT-SYN-042,ISRO_MOCK,CMOS_LOGIC,HEX_INVERTER,CERAMIC_FP,96,125,1.5,2102.209,287.939,187.84,0.1916,HEALTHY,NONE,0,1,synthetic,semiconductor_synthetic,physics_RD_power_law,0.1
COMP-SYN-042-058,LOT-SYN-042,ISRO_MOCK,CMOS_LOGIC,HEX_INVERTER,CERAMIC_FP,168,125,1.5,2112.449,293.93,191.78,0.2143,HEALTHY,NONE,0,1,synthetic,semiconductor_synthetic,physics_RD_power_law,0.1
COMP-SYN-042-059,LOT-SYN-042,ISRO_MOCK,CMOS_LOGIC,HEX_INVERTER,CERAMIC_FP,0,125,1.5,2152.93,281.369,183.52,0.0,HEALTHY,NONE,0,1,synthetic,semiconductor_synthetic,physics_RD_power_law,0.1
COMP-SYN-042-059,LOT-SYN-042,ISRO_MOCK,CMOS_LOGIC,HEX_INVERTER,CERAMIC_FP,24,125,1.5,2172.868,280.984,192.5,0.1452,HEALTHY,NONE,0,1,synthetic,semiconductor_synthetic,physics_RD_power_law,0.1
COMP-SYN-042-059,LOT-SYN-042,ISRO_MOCK,CMOS_LOGIC,HEX_INVERTER,CERAMIC_FP,96,125,1.5,2190.939,282.547,191.74,0.1916,HEALTHY,NONE,0,1,synthetic,semiconductor_synthetic,physics_RD_power_law,0.1
COMP-SYN-042-059,LOT-SYN-042,ISRO_MOCK,CMOS_LOGIC,HEX_INVERTER,CERAMIC_FP,168,125,1.5,2171.484,278.167,191.35,0.2143,HEALTHY,NONE,0,1,synthetic,semiconductor_synthetic,physics_RD_power_law,0.1
COMP-SYN-042-060,LOT-SYN-042,ISRO_MOCK,CMOS_LOGIC,HEX_INVERTER,CERAMIC_FP,0,125,1.5,1979.304,282.303,186.58,0.0,HEALTHY,NONE,0,1,synthetic,semiconductor_synthetic,physics_RD_power_law,0.1
COMP-SYN-042-060,LOT-SYN-042,ISRO_MOCK,CMOS_LOGIC,HEX_INVERTER,CERAMIC_FP,24,125,1.5,1978.268,281.129,196.02,0.1452,HEALTHY,NONE,0,1,synthetic,semiconductor_synthetic,physics_RD_power_law,0.1
COMP-SYN-042-060,LOT-SYN-042,ISRO_MOCK,CMOS_LOGIC,HEX_INVERTER,CERAMIC_FP,96,125,1.5,2050.333,277.569,193.29,0.1916,HEALTHY,NONE,0,1,synthetic,semiconductor_synthetic,physics_RD_power_law,0.1
COMP-SYN-042-060,LOT-SYN-042,ISRO_MOCK,CMOS_LOGIC,HEX_INVERTER,CERAMIC_FP,168,125,1.5,2022.848,280.052,195.94,0.2143,HEALTHY,NONE,0,1,synthetic,semiconductor_synthetic,physics_RD_power_law,0.1
COMP-SYN-042-061,LOT-SYN-042,ISRO_MOCK,CMOS_LOGIC,HEX_INVERTER,CERAMIC_FP,0,125,1.5,2101.463,283.186,181.51,0.0,HEALTHY,NONE,0,1,synthetic,semiconductor_synthetic,physics_RD_power_law,0.1
COMP-SYN-042-061,LOT-SYN-042,ISRO_MOCK,CMOS_LOGIC,HEX_INVERTER,CERAMIC_FP,24,125,1.5,2051.593,281.293,187.83,0.1452,HEALTHY,NONE,0,1,synthetic,semiconductor_synthetic,physics_RD_power_law,0.1
COMP-SYN-042-061,LOT-SYN-042,ISRO_MOCK,CMOS_LOGIC,HEX_INVERTER,CERAMIC_FP,96,125,1.5,2061.008,284.793,190.89,0.1916,HEALTHY,NONE,0,1,synthetic,semiconductor_synthetic,physics_RD_power_law,0.1
COMP-SYN-042-061,LOT-SYN-042,ISRO_MOCK,CMOS_LOGIC,HEX_INVERTER,CERAMIC_FP,168,125,1.5,2067.3,280.488,192.08,0.2143,HEALTHY,NONE,0,1,synthetic,semiconductor_synthetic,physics_RD_power_law,0.1
COMP-SYN-042-062,LOT-SYN-042,ISRO_MOCK,CMOS_LOGIC,HEX_INVERTER,CERAMIC_FP,0,125,1.5,2198.308,298.077,186.82,0.0,HEALTHY,NONE,0,1,synthetic,semiconductor_synthetic,physics_RD_power_law,0.1
COMP-SYN-042-062,LOT-SYN-042,ISRO_MOCK,CMOS_LOGIC,HEX_INVERTER,CERAMIC_FP,24,125,1.5,2228.595,294.89,193.85,0.1452,HEALTHY,NONE,0,1,synthetic,semiconductor_synthetic,physics_RD_power_law,0.1
COMP-SYN-042-062,LOT-SYN-042,ISRO_MOCK,CMOS_LOGIC,HEX_INVERTER,CERAMIC_FP,96,125,1.5,2244.349,290.529,196.47,0.1916,HEALTHY,NONE,0,1,synthetic,semiconductor_synthetic,physics_RD_power_law,0.1
COMP-SYN-042-062,LOT-SYN-042,ISRO_MOCK,CMOS_LOGIC,HEX_INVERTER,CERAMIC_FP,168,125,1.5,2202.783,295.513,195.63,0.2143,HEALTHY,NONE,0,1,synthetic,semiconductor_synthetic,physics_RD_power_law,0.1
COMP-SYN-042-063,LOT-SYN-042,ISRO_MOCK,CMOS_LOGIC,HEX_INVERTER,CERAMIC_FP,0,125,1.5,2140.534,290.945,188.82,0.0,HEALTHY,NONE,0,1,synthetic,semiconductor_synthetic,physics_RD_power_law,0.1
COMP-SYN-042-063,LOT-SYN-042,ISRO_MOCK,CMOS_LOGIC,HEX_INVERTER,CERAMIC_FP,24,125,1.5,2136.686,284.592,193.44,0.1452,HEALTHY,NONE,0,1,synthetic,semiconductor_synthetic,physics_RD_power_law,0.1
COMP-SYN-042-063,LOT-SYN-042,ISRO_MOCK,CMOS_LOGIC,HEX_INVERTER,CERAMIC_FP,96,125,1.5,2152.636,289.63,194.64,0.1916,HEALTHY,NONE,0,1,synthetic,semiconductor_synthetic,physics_RD_power_law,0.1
COMP-SYN-042-063,LOT-SYN-042,ISRO_MOCK,CMOS_LOGIC,HEX_INVERTER,CERAMIC_FP,168,125,1.5,2158.308,285.984,198.48,0.2143,HEALTHY,NONE,0,1,synthetic,semiconductor_synthetic,physics_RD_power_law,0.1
COMP-SYN-042-064,LOT-SYN-042,ISRO_MOCK,CMOS_LOGIC,HEX_INVERTER,CERAMIC_FP,0,125,1.5,2054.845,281.346,186.63,0.0,HEALTHY,NONE,0,1,synthetic,semiconductor_synthetic,physics_RD_power_law,0.1
COMP-SYN-042-064,LOT-SYN-042,ISRO_MOCK,CMOS_LOGIC,HEX_INVERTER,CERAMIC_FP,24,125,1.5,2074.99,280.929,196.28,0.1452,HEALTHY,NONE,0,1,synthetic,semiconductor_synthetic,physics_RD_power_law,0.1
COMP-SYN-042-064,LOT-SYN-042,ISRO_MOCK,CMOS_LOGIC,HEX_INVERTER,CERAMIC_FP,96,125,1.5,2046.986,283.962,195.09,0.1916,HEALTHY,NONE,0,1,synthetic,semiconductor_synthetic,physics_RD_power_law,0.1
COMP-SYN-042-064,LOT-SYN-042,ISRO_MOCK,CMOS_LOGIC,HEX_INVERTER,CERAMIC_FP,168,125,1.5,2036.709,281.979,197.64,0.2143,HEALTHY,NONE,0,1,synthetic,semiconductor_synthetic,physics_RD_power_law,0.1
COMP-SYN-042-065,LOT-SYN-042,ISRO_MOCK,CMOS_LOGIC,HEX_INVERTER,CERAMIC_FP,0,125,1.5,2317.942,282.177,185.48,0.0,HEALTHY,NONE,0,1,synthetic,semiconductor_synthetic,physics_RD_power_law,0.1
COMP-SYN-042-065,LOT-SYN-042,ISRO_MOCK,CMOS_LOGIC,HEX_INVERTER,CERAMIC_FP,24,125,1.5,2252.245,280.643,195.8,0.1452,HEALTHY,NONE,0,1,synthetic,semiconductor_synthetic,physics_RD_power_law,0.1
COMP-SYN-042-065,LOT-SYN-042,ISRO_MOCK,CMOS_LOGIC,HEX_INVERTER,CERAMIC_FP,96,125,1.5,2254.182,279.009,198.64,0.1916,HEALTHY,NONE,0,1,synthetic,semiconductor_synthetic,physics_RD_power_law,0.1
COMP-SYN-042-065,LOT-SYN-042,ISRO_MOCK,CMOS_LOGIC,HEX_INVERTER,CERAMIC_FP,168,125,1.5,2277.978,278.723,193.61,0.2143,HEALTHY,NONE,0,1,synthetic,semiconductor_synthetic,physics_RD_power_law,0.1
COMP-SYN-042-066,LOT-SYN-042,ISRO_MOCK,CMOS_LOGIC,HEX_INVERTER,CERAMIC_FP,0,125,1.5,2084.02,294.592,187.76,0.0,HEALTHY,NONE,0,1,synthetic,semiconductor_synthetic,physics_RD_power_law,0.1
COMP-SYN-042-066,LOT-SYN-042,ISRO_MOCK,CMOS_LOGIC,HEX_INVERTER,CERAMIC_FP,24,125,1.5,2053.161,288.948,195.86,0.1452,HEALTHY,NONE,0,1,synthetic,semiconductor_synthetic,physics_RD_power_law,0.1
COMP-SYN-042-066,LOT-SYN-042,ISRO_MOCK,CMOS_LOGIC,HEX_INVERTER,CERAMIC_FP,96,125,1.5,2059.485,286.709,196.96,0.1916,HEALTHY,NONE,0,1,synthetic,semiconductor_synthetic,physics_RD_power_law,0.1
COMP-SYN-042-066,LOT-SYN-042,ISRO_MOCK,CMOS_LOGIC,HEX_INVERTER,CERAMIC_FP,168,125,1.5,2050.057,290.976,193.81,0.2143,HEALTHY,NONE,0,1,synthetic,semiconductor_synthetic,physics_RD_power_law,0.1
COMP-SYN-042-067,LOT-SYN-042,ISRO_MOCK,CMOS_LOGIC,HEX_INVERTER,CERAMIC_FP,0,125,1.5,2237.726,285.106,185.5,0.0,HEALTHY,NONE,0,1,synthetic,semiconductor_synthetic,physics_RD_power_law,0.1
COMP-SYN-042-067,LOT-SYN-042,ISRO_MOCK,CMOS_LOGIC,HEX_INVERTER,CERAMIC_FP,24,125,1.5,2201.212,280.984,193.56,0.1452,HEALTHY,NONE,0,1,synthetic,semiconductor_synthetic,physics_RD_power_law,0.1
COMP-SYN-042-067,LOT-SYN-042,ISRO_MOCK,CMOS_LOGIC,HEX_INVERTER,CERAMIC_FP,96,125,1.5,2207.09,282.191,191.47,0.1916,HEALTHY,NONE,0,1,synthetic,semiconductor_synthetic,physics_RD_power_law,0.1
COMP-SYN-042-067,LOT-SYN-042,ISRO_MOCK,CMOS_LOGIC,HEX_INVERTER,CERAMIC_FP,168,125,1.5,2232.435,281.692,193.06,0.2143,HEALTHY,NONE,0,1,synthetic,semiconductor_synthetic,physics_RD_power_law,0.1
COMP-SYN-042-068,LOT-SYN-042,ISRO_MOCK,CMOS_LOGIC,HEX_INVERTER,CERAMIC_FP,0,125,1.5,2242.849,311.149,187.49,0.0,HEALTHY,NONE,0,1,synthetic,semiconductor_synthetic,physics_RD_power_law,0.1
COMP-SYN-042-068,LOT-SYN-042,ISRO_MOCK,CMOS_LOGIC,HEX_INVERTER,CERAMIC_FP,24,125,1.5,2204.119,304.481,192.32,0.1452,HEALTHY,NONE,0,1,synthetic,semiconductor_synthetic,physics_RD_power_law,0.1
COMP-SYN-042-068,LOT-SYN-042,ISRO_MOCK,CMOS_LOGIC,HEX_INVERTER,CERAMIC_FP,96,125,1.5,2213.804,300.112,190.26,0.1916,HEALTHY,NONE,0,1,synthetic,semiconductor_synthetic,physics_RD_power_law,0.1
COMP-SYN-042-068,LOT-SYN-042,ISRO_MOCK,CMOS_LOGIC,HEX_INVERTER,CERAMIC_FP,168,125,1.5,2208.158,301.115,192.85,0.2143,HEALTHY,NONE,0,1,synthetic,semiconductor_synthetic,physics_RD_power_law,0.1
COMP-SYN-042-069,LOT-SYN-042,ISRO_MOCK,CMOS_LOGIC,HEX_INVERTER,CERAMIC_FP,0,125,1.5,2195.423,279.73,183.83,0.0,HEALTHY,NONE,0,1,synthetic,semiconductor_synthetic,physics_RD_power_law,0.1
COMP-SYN-042-069,LOT-SYN-042,ISRO_MOCK,CMOS_LOGIC,HEX_INVERTER,CERAMIC_FP,24,125,1.5,2176.825,279.137,193.77,0.1452,HEALTHY,NONE,0,1,synthetic,semiconductor_synthetic,physics_RD_power_law,0.1
COMP-SYN-042-069,LOT-SYN-042,ISRO_MOCK,CMOS_LOGIC,HEX_INVERTER,CERAMIC_FP,96,125,1.5,2160.384,277.695,195.49,0.1916,HEALTHY,NONE,0,1,synthetic,semiconductor_synthetic,physics_RD_power_law,0.1
COMP-SYN-042-069,LOT-SYN-042,ISRO_MOCK,CMOS_LOGIC,HEX_INVERTER,CERAMIC_FP,168,125,1.5,2188.418,273.351,195.86,0.2143,HEALTHY,NONE,0,1,synthetic,semiconductor_synthetic,physics_RD_power_law,0.1
COMP-SYN-042-070,LOT-SYN-042,ISRO_MOCK,CMOS_LOGIC,HEX_INVERTER,CERAMIC_FP,0,125,1.5,2229.831,288.891,187.93,0.0,HEALTHY,NONE,0,1,synthetic,semiconductor_synthetic,physics_RD_power_law,0.1
COMP-SYN-042-070,LOT-SYN-042,ISRO_MOCK,CMOS_LOGIC,HEX_INVERTER,CERAMIC_FP,24,125,1.5,2217.023,280.776,196.34,0.1452,HEALTHY,NONE,0,1,synthetic,semiconductor_synthetic,physics_RD_power_law,0.1
COMP-SYN-042-070,LOT-SYN-042,ISRO_MOCK,CMOS_LOGIC,HEX_INVERTER,CERAMIC_FP,96,125,1.5,2204.927,278.662,192.9,0.1916,HEALTHY,NONE,0,1,synthetic,semiconductor_synthetic,physics_RD_power_law,0.1
COMP-SYN-042-070,LOT-SYN-042,ISRO_MOCK,CMOS_LOGIC,HEX_INVERTER,CERAMIC_FP,168,125,1.5,2261.001,282.841,196.51,0.2143,HEALTHY,NONE,0,1,synthetic,semiconductor_synthetic,physics_RD_power_law,0.1
COMP-SYN-042-071,LOT-SYN-042,ISRO_MOCK,CMOS_LOGIC,HEX_INVERTER,CERAMIC_FP,0,125,1.5,2108.106,273.186,191.0,0.0,HEALTHY,NONE,0,1,synthetic,semiconductor_synthetic,physics_RD_power_law,0.1
COMP-SYN-042-071,LOT-SYN-042,ISRO_MOCK,CMOS_LOGIC,HEX_INVERTER,CERAMIC_FP,24,125,1.5,2109.835,272.68,193.89,0.1452,HEALTHY,NONE,0,1,synthetic,semiconductor_synthetic,physics_RD_power_law,0.1
COMP-SYN-042-071,LOT-SYN-042,ISRO_MOCK,CMOS_LOGIC,HEX_INVERTER,CERAMIC_FP,96,125,1.5,2107.35,274.357,202.26,0.1916,HEALTHY,NONE,0,1,synthetic,semiconductor_synthetic,physics_RD_power_law,0.1
COMP-SYN-042-071,LOT-SYN-042,ISRO_MOCK,CMOS_LOGIC,HEX_INVERTER,CERAMIC_FP,168,125,1.5,2084.01,269.593,205.17,0.2143,HEALTHY,NONE,0,1,synthetic,semiconductor_synthetic,physics_RD_power_law,0.1
COMP-SYN-042-072,LOT-SYN-042,ISRO_MOCK,CMOS_LOGIC,HEX_INVERTER,CERAMIC_FP,0,125,1.5,2118.129,300.21,185.1,0.0,HEALTHY,NONE,0,1,synthetic,semiconductor_synthetic,physics_RD_power_law,0.1
COMP-SYN-042-072,LOT-SYN-042,ISRO_MOCK,CMOS_LOGIC,HEX_INVERTER,CERAMIC_FP,24,125,1.5,2134.896,298.638,192.89,0.1452,HEALTHY,NONE,0,1,synthetic,semiconductor_synthetic,physics_RD_power_law,0.1
COMP-SYN-042-072,LOT-SYN-042,ISRO_MOCK,CMOS_LOGIC,HEX_INVERTER,CERAMIC_FP,96,125,1.5,2123.7,295.585,186.15,0.1916,HEALTHY,NONE,0,1,synthetic,semiconductor_synthetic,physics_RD_power_law,0.1
COMP-SYN-042-072,LOT-SYN-042,ISRO_MOCK,CMOS_LOGIC,HEX_INVERTER,CERAMIC_FP,168,125,1.5,2129.739,293.249,188.15,0.2143,HEALTHY,NONE,0,1,synthetic,semiconductor_synthetic,physics_RD_power_law,0.1
COMP-SYN-042-073,LOT-SYN-042,ISRO_MOCK,CMOS_LOGIC,HEX_INVERTER,CERAMIC_FP,0,125,1.5,2194.035,288.604,187.74,0.0,HEALTHY,NONE,0,1,synthetic,semiconductor_synthetic,physics_RD_power_law,0.1
COMP-SYN-042-073,LOT-SYN-042,ISRO_MOCK,CMOS_LOGIC,HEX_INVERTER,CERAMIC_FP,24,125,1.5,2153.962,278.265,194.94,0.1452,HEALTHY,NONE,0,1,synthetic,semiconductor_synthetic,physics_RD_power_law,0.1
COMP-SYN-042-073,LOT-SYN-042,ISRO_MOCK,CMOS_LOGIC,HEX_INVERTER,CERAMIC_FP,96,125,1.5,2150.14,281.184,197.18,0.1916,HEALTHY,NONE,0,1,synthetic,semiconductor_synthetic,physics_RD_power_law,0.1
COMP-SYN-042-073,LOT-SYN-042,ISRO_MOCK,CMOS_LOGIC,HEX_INVERTER,CERAMIC_FP,168,125,1.5,2195.77,281.327,200.78,0.2143,HEALTHY,NONE,0,1,synthetic,semiconductor_synthetic,physics_RD_power_law,0.1
COMP-SYN-042-074,LOT-SYN-042,ISRO_MOCK,CMOS_LOGIC,HEX_INVERTER,CERAMIC_FP,0,125,1.5,2195.851,271.466,181.78,0.0,HEALTHY,NONE,0,1,synthetic,semiconductor_synthetic,physics_RD_power_law,0.1
COMP-SYN-042-074,LOT-SYN-042,ISRO_MOCK,CMOS_LOGIC,HEX_INVERTER,CERAMIC_FP,24,125,1.5,2197.85,267.326,188.18,0.1452,HEALTHY,NONE,0,1,synthetic,semiconductor_synthetic,physics_RD_power_law,0.1
COMP-SYN-042-074,LOT-SYN-042,ISRO_MOCK,CMOS_LOGIC,HEX_INVERTER,CERAMIC_FP,96,125,1.5,2177.73,267.246,190.22,0.1916,HEALTHY,NONE,0,1,synthetic,semiconductor_synthetic,physics_RD_power_law,0.1
COMP-SYN-042-074,LOT-SYN-042,ISRO_MOCK,CMOS_LOGIC,HEX_INVERTER,CERAMIC_FP,168,125,1.5,2168.206,269.36,190.89,0.2143,HEALTHY,NONE,0,1,synthetic,semiconductor_synthetic,physics_RD_power_law,0.1
COMP-SYN-042-075,LOT-SYN-042,ISRO_MOCK,CMOS_LOGIC,HEX_INVERTER,CERAMIC_FP,0,125,1.5,2405.531,280.773,181.03,0.0,HEALTHY,NONE,0,1,synthetic,semiconductor_synthetic,physics_RD_power_law,0.1
COMP-SYN-042-075,LOT-SYN-042,ISRO_MOCK,CMOS_LOGIC,HEX_INVERTER,CERAMIC_FP,24,125,1.5,2374.555,274.338,190.74,0.1452,HEALTHY,NONE,0,1,synthetic,semiconductor_synthetic,physics_RD_power_law,0.1
COMP-SYN-042-075,LOT-SYN-042,ISRO_MOCK,CMOS_LOGIC,HEX_INVERTER,CERAMIC_FP,96,125,1.5,2342.043,280.422,188.37,0.1916,HEALTHY,NONE,0,1,synthetic,semiconductor_synthetic,physics_RD_power_law,0.1
COMP-SYN-042-075,LOT-SYN-042,ISRO_MOCK,CMOS_LOGIC,HEX_INVERTER,CERAMIC_FP,168,125,1.5,2332.363,279.443,187.69,0.2143,HEALTHY,NONE,0,1,synthetic,semiconductor_synthetic,physics_RD_power_law,0.1
COMP-SYN-042-076,LOT-SYN-042,ISRO_MOCK,CMOS_LOGIC,HEX_INVERTER,CERAMIC_FP,0,125,1.5,2349.057,283.837,187.75,0.0,HEALTHY,NONE,0,1,synthetic,semiconductor_synthetic,physics_RD_power_law,0.1
COMP-SYN-042-076,LOT-SYN-042,ISRO_MOCK,CMOS_LOGIC,HEX_INVERTER,CERAMIC_FP,24,125,1.5,2304.447,291.191,193.82,0.1452,HEALTHY,NONE,0,1,synthetic,semiconductor_synthetic,physics_RD_power_law,0.1
COMP-SYN-042-076,LOT-SYN-042,ISRO_MOCK,CMOS_LOGIC,HEX_INVERTER,CERAMIC_FP,96,125,1.5,2285.887,285.802,195.27,0.1916,HEALTHY,NONE,0,1,synthetic,semiconductor_synthetic,physics_RD_power_law,0.1
COMP-SYN-042-076,LOT-SYN-042,ISRO_MOCK,CMOS_LOGIC,HEX_INVERTER,CERAMIC_FP,168,125,1.5,2339.231,289.347,198.1,0.2143,HEALTHY,NONE,0,1,synthetic,semiconductor_synthetic,physics_RD_power_law,0.1
COMP-SYN-042-077,LOT-SYN-042,ISRO_MOCK,CMOS_LOGIC,HEX_INVERTER,CERAMIC_FP,0,125,1.5,2126.206,309.476,187.07,0.0,HEALTHY,NONE,0,1,synthetic,semiconductor_synthetic,physics_RD_power_law,0.1
COMP-SYN-042-077,LOT-SYN-042,ISRO_MOCK,CMOS_LOGIC,HEX_INVERTER,CERAMIC_FP,24,125,1.5,2081.384,310.815,195.11,0.1452,HEALTHY,NONE,0,1,synthetic,semiconductor_synthetic,physics_RD_power_law,0.1
COMP-SYN-042-077,LOT-SYN-042,ISRO_MOCK,CMOS_LOGIC,HEX_INVERTER,CERAMIC_FP,96,125,1.5,2061.073,311.855,195.09,0.1916,HEALTHY,NONE,0,1,synthetic,semiconductor_synthetic,physics_RD_power_law,0.1
COMP-SYN-042-077,LOT-SYN-042,ISRO_MOCK,CMOS_LOGIC,HEX_INVERTER,CERAMIC_FP,168,125,1.5,2064.176,309.342,197.85,0.2143,HEALTHY,NONE,0,1,synthetic,semiconductor_synthetic,physics_RD_power_law,0.1
COMP-SYN-042-078,LOT-SYN-042,ISRO_MOCK,CMOS_LOGIC,HEX_INVERTER,CERAMIC_FP,0,125,1.5,2099.054,270.112,189.2,0.0,HEALTHY,NONE,0,1,synthetic,semiconductor_synthetic,physics_RD_power_law,0.1
COMP-SYN-042-078,LOT-SYN-042,ISRO_MOCK,CMOS_LOGIC,HEX_INVERTER,CERAMIC_FP,24,125,1.5,2019.345,264.102,195.78,0.1452,HEALTHY,NONE,0,1,synthetic,semiconductor_synthetic,physics_RD_power_law,0.1
COMP-SYN-042-078,LOT-SYN-042,ISRO_MOCK,CMOS_LOGIC,HEX_INVERTER,CERAMIC_FP,96,125,1.5,2049.405,265.174,196.62,0.1916,HEALTHY,NONE,0,1,synthetic,semiconductor_synthetic,physics_RD_power_law,0.1
COMP-SYN-042-078,LOT-SYN-042,ISRO_MOCK,CMOS_LOGIC,HEX_INVERTER,CERAMIC_FP,168,125,1.5,2078.236,263.455,203.24,0.2143,HEALTHY,NONE,0,1,synthetic,semiconductor_synthetic,physics_RD_power_law,0.1
COMP-SYN-042-079,LOT-SYN-042,ISRO_MOCK,CMOS_LOGIC,HEX_INVERTER,CERAMIC_FP,0,125,1.5,2189.732,273.647,180.75,0.0,HEALTHY,NONE,0,1,synthetic,semiconductor_synthetic,physics_RD_power_law,0.1
COMP-SYN-042-079,LOT-SYN-042,ISRO_MOCK,CMOS_LOGIC,HEX_INVERTER,CERAMIC_FP,24,125,1.5,2174.56,283.225,188.36,0.1452,HEALTHY,NONE,0,1,synthetic,semiconductor_synthetic,physics_RD_power_law,0.1
COMP-SYN-042-079,LOT-SYN-042,ISRO_MOCK,CMOS_LOGIC,HEX_INVERTER,CERAMIC_FP,96,125,1.5,2189.399,276.656,188.93,0.1916,HEALTHY,NONE,0,1,synthetic,semiconductor_synthetic,physics_RD_power_law,0.1
COMP-SYN-042-079,LOT-SYN-042,ISRO_MOCK,CMOS_LOGIC,HEX_INVERTER,CERAMIC_FP,168,125,1.5,2180.759,275.453,190.71,0.2143,HEALTHY,NONE,0,1,synthetic,semiconductor_synthetic,physics_RD_power_law,0.1
COMP-SYN-042-080,LOT-SYN-042,ISRO_MOCK,CMOS_LOGIC,HEX_INVERTER,CERAMIC_FP,0,125,1.5,2383.132,282.329,180.61,0.0,HEALTHY,NONE,0,1,synthetic,semiconductor_synthetic,physics_RD_power_law,0.1
COMP-SYN-042-080,LOT-SYN-042,ISRO_MOCK,CMOS_LOGIC,HEX_INVERTER,CERAMIC_FP,24,125,1.5,2374.626,279.554,191.13,0.1452,HEALTHY,NONE,0,1,synthetic,semiconductor_synthetic,physics_RD_power_law,0.1
COMP-SYN-042-080,LOT-SYN-042,ISRO_MOCK,CMOS_LOGIC,HEX_INVERTER,CERAMIC_FP,96,125,1.5,2257.965,278.816,189.99,0.1916,HEALTHY,NONE,0,1,synthetic,semiconductor_synthetic,physics_RD_power_law,0.1
COMP-SYN-042-080,LOT-SYN-042,ISRO_MOCK,CMOS_LOGIC,HEX_INVERTER,CERAMIC_FP,168,125,1.5,2348.931,278.818,194.96,0.2143,HEALTHY,NONE,0,1,synthetic,semiconductor_synthetic,physics_RD_power_law,0.1
COMP-SYN-042-081,LOT-SYN-042,ISRO_MOCK,CMOS_LOGIC,HEX_INVERTER,CERAMIC_FP,0,125,1.5,2295.285,284.791,181.82,0.0,HEALTHY,NONE,0,1,synthetic,semiconductor_synthetic,physics_RD_power_law,0.1
COMP-SYN-042-081,LOT-SYN-042,ISRO_MOCK,CMOS_LOGIC,HEX_INVERTER,CERAMIC_FP,24,125,1.5,2278.941,282.434,191.0,0.1452,HEALTHY,NONE,0,1,synthetic,semiconductor_synthetic,physics_RD_power_law,0.1
COMP-SYN-042-081,LOT-SYN-042,ISRO_MOCK,CMOS_LOGIC,HEX_INVERTER,CERAMIC_FP,96,125,1.5,2245.042,278.238,192.94,0.1916,HEALTHY,NONE,0,1,synthetic,semiconductor_synthetic,physics_RD_power_law,0.1
COMP-SYN-042-081,LOT-SYN-042,ISRO_MOCK,CMOS_LOGIC,HEX_INVERTER,CERAMIC_FP,168,125,1.5,2265.129,283.185,194.92,0.2143,HEALTHY,NONE,0,1,synthetic,semiconductor_synthetic,physics_RD_power_law,0.1
COMP-SYN-042-082,LOT-SYN-042,ISRO_MOCK,CMOS_LOGIC,HEX_INVERTER,CERAMIC_FP,0,125,1.5,2088.055,282.517,185.89,0.0,HEALTHY,NONE,0,1,synthetic,semiconductor_synthetic,physics_RD_power_law,0.1
COMP-SYN-042-082,LOT-SYN-042,ISRO_MOCK,CMOS_LOGIC,HEX_INVERTER,CERAMIC_FP,24,125,1.5,2063.481,277.646,193.79,0.1452,HEALTHY,NONE,0,1,synthetic,semiconductor_synthetic,physics_RD_power_law,0.1
COMP-SYN-042-082,LOT-SYN-042,ISRO_MOCK,CMOS_LOGIC,HEX_INVERTER,CERAMIC_FP,96,125,1.5,2077.79,277.596,194.95,0.1916,HEALTHY,NONE,0,1,synthetic,semiconductor_synthetic,physics_RD_power_law,0.1
COMP-SYN-042-082,LOT-SYN-042,ISRO_MOCK,CMOS_LOGIC,HEX_INVERTER,CERAMIC_FP,168,125,1.5,2071.191,277.935,195.06,0.2143,HEALTHY,NONE,0,1,synthetic,semiconductor_synthetic,physics_RD_power_law,0.1
COMP-SYN-042-083,LOT-SYN-042,ISRO_MOCK,CMOS_LOGIC,HEX_INVERTER,CERAMIC_FP,0,125,1.5,2176.352,284.72,182.38,0.0,HEALTHY,NONE,0,1,synthetic,semiconductor_synthetic,physics_RD_power_law,0.1
COMP-SYN-042-083,LOT-SYN-042,ISRO_MOCK,CMOS_LOGIC,HEX_INVERTER,CERAMIC_FP,24,125,1.5,2143.59,281.924,190.18,0.1452,HEALTHY,NONE,0,1,synthetic,semiconductor_synthetic,physics_RD_power_law,0.1
COMP-SYN-042-083,LOT-SYN-042,ISRO_MOCK,CMOS_LOGIC,HEX_INVERTER,CERAMIC_FP,96,125,1.5,2161.499,281.9,191.76,0.1916,HEALTHY,NONE,0,1,synthetic,semiconductor_synthetic,physics_RD_power_law,0.1
COMP-SYN-042-083,LOT-SYN-042,ISRO_MOCK,CMOS_LOGIC,HEX_INVERTER,CERAMIC_FP,168,125,1.5,2201.458,285.732,192.49,0.2143,HEALTHY,NONE,0,1,synthetic,semiconductor_synthetic,physics_RD_power_law,0.1
COMP-SYN-042-084,LOT-SYN-042,ISRO_MOCK,CMOS_LOGIC,HEX_INVERTER,CERAMIC_FP,0,125,1.5,2184.113,273.093,182.65,0.0,HEALTHY,NONE,0,1,synthetic,semiconductor_synthetic,physics_RD_power_law,0.1
COMP-SYN-042-084,LOT-SYN-042,ISRO_MOCK,CMOS_LOGIC,HEX_INVERTER,CERAMIC_FP,24,125,1.5,2202.396,270.927,191.72,0.1452,HEALTHY,NONE,0,1,synthetic,semiconductor_synthetic,physics_RD_power_law,0.1
COMP-SYN-042-084,LOT-SYN-042,ISRO_MOCK,CMOS_LOGIC,HEX_INVERTER,CERAMIC_FP,96,125,1.5,2182.576,273.761,194.71,0.1916,HEALTHY,NONE,0,1,synthetic,semiconductor_synthetic,physics_RD_power_law,0.1
COMP-SYN-042-084,LOT-SYN-042,ISRO_MOCK,CMOS_LOGIC,HEX_INVERTER,CERAMIC_FP,168,125,1.5,2185.414,267.836,193.88,0.2143,HEALTHY,NONE,0,1,synthetic,semiconductor_synthetic,physics_RD_power_law,0.1
COMP-SYN-042-085,LOT-SYN-042,ISRO_MOCK,CMOS_LOGIC,HEX_INVERTER,CERAMIC_FP,0,125,1.5,2093.019,293.13,183.29,0.0,HEALTHY,NONE,0,1,synthetic,semiconductor_synthetic,physics_RD_power_law,0.1
COMP-SYN-042-085,LOT-SYN-042,ISRO_MOCK,CMOS_LOGIC,HEX_INVERTER,CERAMIC_FP,24,125,1.5,2100.875,296.312,193.21,0.1452,HEALTHY,NONE,0,1,synthetic,semiconductor_synthetic,physics_RD_power_law,0.1
COMP-SYN-042-085,LOT-SYN-042,ISRO_MOCK,CMOS_LOGIC,HEX_INVERTER,CERAMIC_FP,96,125,1.5,2104.121,293.129,194.43,0.1916,HEALTHY,NONE,0,1,synthetic,semiconductor_synthetic,physics_RD_power_law,0.1
COMP-SYN-042-085,LOT-SYN-042,ISRO_MOCK,CMOS_LOGIC,HEX_INVERTER,CERAMIC_FP,168,125,1.5,2075.332,290.76,192.47,0.2143,HEALTHY,NONE,0,1,synthetic,semiconductor_synthetic,physics_RD_power_law,0.1
COMP-SYN-042-086,LOT-SYN-042,ISRO_MOCK,CMOS_LOGIC,HEX_INVERTER,CERAMIC_FP,0,125,1.5,2204.654,270.578,184.18,0.0,HEALTHY,NONE,0,1,synthetic,semiconductor_synthetic,physics_RD_power_law,0.1
COMP-SYN-042-086,LOT-SYN-042,ISRO_MOCK,CMOS_LOGIC,HEX_INVERTER,CERAMIC_FP,24,125,1.5,2193.146,266.973,189.8,0.1452,HEALTHY,NONE,0,1,synthetic,semiconductor_synthetic,physics_RD_power_law,0.1
COMP-SYN-042-086,LOT-SYN-042,ISRO_MOCK,CMOS_LOGIC,HEX_INVERTER,CERAMIC_FP,96,125,1.5,2170.926,268.974,191.46,0.1916,HEALTHY,NONE,0,1,synthetic,semiconductor_synthetic,physics_RD_power_law,0.1
COMP-SYN-042-086,LOT-SYN-042,ISRO_MOCK,CMOS_LOGIC,HEX_INVERTER,CERAMIC_FP,168,125,1.5,2142.673,266.784,195.48,0.2143,HEALTHY,NONE,0,1,synthetic,semiconductor_synthetic,physics_RD_power_law,0.1
COMP-SYN-042-087,LOT-SYN-042,ISRO_MOCK,CMOS_LOGIC,HEX_INVERTER,CERAMIC_FP,0,125,1.5,2166.801,273.157,191.44,0.0,HEALTHY,NONE,0,1,synthetic,semiconductor_synthetic,physics_RD_power_law,0.1
COMP-SYN-042-087,LOT-SYN-042,ISRO_MOCK,CMOS_LOGIC,HEX_INVERTER,CERAMIC_FP,24,125,1.5,2155.335,271.655,195.48,0.1452,HEALTHY,NONE,0,1,synthetic,semiconductor_synthetic,physics_RD_power_law,0.1
COMP-SYN-042-087,LOT-SYN-042,ISRO_MOCK,CMOS_LOGIC,HEX_INVERTER,CERAMIC_FP,96,125,1.5,2135.436,266.411,198.33,0.1916,HEALTHY,NONE,0,1,synthetic,semiconductor_synthetic,physics_RD_power_law,0.1
COMP-SYN-042-087,LOT-SYN-042,ISRO_MOCK,CMOS_LOGIC,HEX_INVERTER,CERAMIC_FP,168,125,1.5,2119.653,265.015,195.63,0.2143,HEALTHY,NONE,0,1,synthetic,semiconductor_synthetic,physics_RD_power_law,0.1
COMP-SYN-042-088,LOT-SYN-042,ISRO_MOCK,CMOS_LOGIC,HEX_INVERTER,CERAMIC_FP,0,125,1.5,2275.034,277.116,192.3,0.0,HEALTHY,NONE,0,1,synthetic,semiconductor_synthetic,physics_RD_power_law,0.1
COMP-SYN-042-088,LOT-SYN-042,ISRO_MOCK,CMOS_LOGIC,HEX_INVERTER,CERAMIC_FP,24,125,1.5,2290.141,270.663,196.49,0.1452,HEALTHY,NONE,0,1,synthetic,semiconductor_synthetic,physics_RD_power_law,0.1
COMP-SYN-042-088,LOT-SYN-042,ISRO_MOCK,CMOS_LOGIC,HEX_INVERTER,CERAMIC_FP,96,125,1.5,2193.803,275.824,193.96,0.1916,HEALTHY,NONE,0,1,synthetic,semiconductor_synthetic,physics_RD_power_law,0.1
COMP-SYN-042-088,LOT-SYN-042,ISRO_MOCK,CMOS_LOGIC,HEX_INVERTER,CERAMIC_FP,168,125,1.5,2261.675,277.011,202.19,0.2143,HEALTHY,NONE,0,1,synthetic,semiconductor_synthetic,physics_RD_power_law,0.1
COMP-SYN-042-089,LOT-SYN-042,ISRO_MOCK,CMOS_LOGIC,HEX_INVERTER,CERAMIC_FP,0,125,1.5,2227.862,262.188,189.46,0.0,HEALTHY,NONE,0,1,synthetic,semiconductor_synthetic,physics_RD_power_law,0.1
COMP-SYN-042-089,LOT-SYN-042,ISRO_MOCK,CMOS_LOGIC,HEX_INVERTER,CERAMIC_FP,24,125,1.5,2185.843,261.889,194.31,0.1452,HEALTHY,NONE,0,1,synthetic,semiconductor_synthetic,physics_RD_power_law,0.1
COMP-SYN-042-089,LOT-SYN-042,ISRO_MOCK,CMOS_LOGIC,HEX_INVERTER,CERAMIC_FP,96,125,1.5,2251.464,266.236,198.6,0.1916,HEALTHY,NONE,0,1,synthetic,semiconductor_synthetic,physics_RD_power_law,0.1
COMP-SYN-042-089,LOT-SYN-042,ISRO_MOCK,CMOS_LOGIC,HEX_INVERTER,CERAMIC_FP,168,125,1.5,2167.261,259.886,199.88,0.2143,HEALTHY,NONE,0,1,synthetic,semiconductor_synthetic,physics_RD_power_law,0.1
COMP-SYN-042-090,LOT-SYN-042,ISRO_MOCK,CMOS_LOGIC,HEX_INVERTER,CERAMIC_FP,0,125,1.5,2132.556,270.489,194.38,0.0,HEALTHY,NONE,0,1,synthetic,semiconductor_synthetic,physics_RD_power_law,0.1
COMP-SYN-042-090,LOT-SYN-042,ISRO_MOCK,CMOS_LOGIC,HEX_INVERTER,CERAMIC_FP,24,125,1.5,2143.298,263.834,200.28,0.1452,HEALTHY,NONE,0,1,synthetic,semiconductor_synthetic,physics_RD_power_law,0.1
COMP-SYN-042-090,LOT-SYN-042,ISRO_MOCK,CMOS_LOGIC,HEX_INVERTER,CERAMIC_FP,96,125,1.5,2133.293,256.705,197.7,0.1916,HEALTHY,NONE,0,1,synthetic,semiconductor_synthetic,physics_RD_power_law,0.1
COMP-SYN-042-090,LOT-SYN-042,ISRO_MOCK,CMOS_LOGIC,HEX_INVERTER,CERAMIC_FP,168,125,1.5,2149.741,266.542,201.65,0.2143,HEALTHY,NONE,0,1,synthetic,semiconductor_synthetic,physics_RD_power_law,0.1
COMP-SYN-042-091,LOT-SYN-042,ISRO_MOCK,CMOS_LOGIC,HEX_INVERTER,CERAMIC_FP,0,125,1.5,2328.716,288.021,183.83,0.0,HEALTHY,NONE,0,1,synthetic,semiconductor_synthetic,physics_RD_power_law,0.1
COMP-SYN-042-091,LOT-SYN-042,ISRO_MOCK,CMOS_LOGIC,HEX_INVERTER,CERAMIC_FP,24,125,1.5,2298.132,288.54,191.15,0.1452,HEALTHY,NONE,0,1,synthetic,semiconductor_synthetic,physics_RD_power_law,0.1
COMP-SYN-042-091,LOT-SYN-042,ISRO_MOCK,CMOS_LOGIC,HEX_INVERTER,CERAMIC_FP,96,125,1.5,2271.411,290.382,192.13,0.1916,HEALTHY,NONE,0,1,synthetic,semiconductor_synthetic,physics_RD_power_law,0.1
COMP-SYN-042-091,LOT-SYN-042,ISRO_MOCK,CMOS_LOGIC,HEX_INVERTER,CERAMIC_FP,168,125,1.5,2298.587,284.957,191.62,0.2143,HEALTHY,NONE,0,1,synthetic,semiconductor_synthetic,physics_RD_power_law,0.1
COMP-SYN-042-092,LOT-SYN-042,ISRO_MOCK,CMOS_LOGIC,HEX_INVERTER,CERAMIC_FP,0,125,1.5,2261.383,284.268,179.56,0.0,HEALTHY,NONE,0,1,synthetic,semiconductor_synthetic,physics_RD_power_law,0.1
COMP-SYN-042-092,LOT-SYN-042,ISRO_MOCK,CMOS_LOGIC,HEX_INVERTER,CERAMIC_FP,24,125,1.5,2223.965,270.218,190.09,0.1452,HEALTHY,NONE,0,1,synthetic,semiconductor_synthetic,physics_RD_power_law,0.1
COMP-SYN-042-092,LOT-SYN-042,ISRO_MOCK,CMOS_LOGIC,HEX_INVERTER,CERAMIC_FP,96,125,1.5,2215.053,280.963,187.62,0.1916,HEALTHY,NONE,0,1,synthetic,semiconductor_synthetic,physics_RD_power_law,0.1
COMP-SYN-042-092,LOT-SYN-042,ISRO_MOCK,CMOS_LOGIC,HEX_INVERTER,CERAMIC_FP,168,125,1.5,2195.374,278.045,188.36,0.2143,HEALTHY,NONE,0,1,synthetic,semiconductor_synthetic,physics_RD_power_law,0.1
COMP-SYN-042-093,LOT-SYN-042,ISRO_MOCK,CMOS_LOGIC,HEX_INVERTER,CERAMIC_FP,0,125,1.5,2234.209,267.099,184.92,0.0,HEALTHY,NONE,0,1,synthetic,semiconductor_synthetic,physics_RD_power_law,0.1
COMP-SYN-042-093,LOT-SYN-042,ISRO_MOCK,CMOS_LOGIC,HEX_INVERTER,CERAMIC_FP,24,125,1.5,2193.018,268.414,194.43,0.1452,HEALTHY,NONE,0,1,synthetic,semiconductor_synthetic,physics_RD_power_law,0.1
COMP-SYN-042-093,LOT-SYN-042,ISRO_MOCK,CMOS_LOGIC,HEX_INVERTER,CERAMIC_FP,96,125,1.5,2177.519,265.542,194.88,0.1916,HEALTHY,NONE,0,1,synthetic,semiconductor_synthetic,physics_RD_power_law,0.1
COMP-SYN-042-093,LOT-SYN-042,ISRO_MOCK,CMOS_LOGIC,HEX_INVERTER,CERAMIC_FP,168,125,1.5,2174.882,266.904,193.84,0.2143,HEALTHY,NONE,0,1,synthetic,semiconductor_synthetic,physics_RD_power_law,0.1
COMP-SYN-042-094,LOT-SYN-042,ISRO_MOCK,CMOS_LOGIC,HEX_INVERTER,CERAMIC_FP,0,125,1.5,2119.234,293.885,184.59,0.0,HEALTHY,NONE,0,1,synthetic,semiconductor_synthetic,physics_RD_power_law,0.1
COMP-SYN-042-094,LOT-SYN-042,ISRO_MOCK,CMOS_LOGIC,HEX_INVERTER,CERAMIC_FP,24,125,1.5,2098.764,291.644,191.24,0.1452,HEALTHY,NONE,0,1,synthetic,semiconductor_synthetic,physics_RD_power_law,0.1
COMP-SYN-042-094,LOT-SYN-042,ISRO_MOCK,CMOS_LOGIC,HEX_INVERTER,CERAMIC_FP,96,125,1.5,2070.3,295.088,191.08,0.1916,HEALTHY,NONE,0,1,synthetic,semiconductor_synthetic,physics_RD_power_law,0.1
COMP-SYN-042-094,LOT-SYN-042,ISRO_MOCK,CMOS_LOGIC,HEX_INVERTER,CERAMIC_FP,168,125,1.5,2105.684,290.079,194.99,0.2143,HEALTHY,NONE,0,1,synthetic,semiconductor_synthetic,physics_RD_power_law,0.1
COMP-SYN-042-095,LOT-SYN-042,ISRO_MOCK,CMOS_LOGIC,HEX_INVERTER,CERAMIC_FP,0,125,1.5,2144.862,288.725,172.4,0.0,HEALTHY,NONE,0,1,synthetic,semiconductor_synthetic,physics_RD_power_law,0.1
COMP-SYN-042-095,LOT-SYN-042,ISRO_MOCK,CMOS_LOGIC,HEX_INVERTER,CERAMIC_FP,24,125,1.5,2189.351,279.534,176.2,0.1452,HEALTHY,NONE,0,1,synthetic,semiconductor_synthetic,physics_RD_power_law,0.1
COMP-SYN-042-095,LOT-SYN-042,ISRO_MOCK,CMOS_LOGIC,HEX_INVERTER,CERAMIC_FP,96,125,1.5,2173.24,284.527,180.25,0.1916,HEALTHY,NONE,0,1,synthetic,semiconductor_synthetic,physics_RD_power_law,0.1
COMP-SYN-042-095,LOT-SYN-042,ISRO_MOCK,CMOS_LOGIC,HEX_INVERTER,CERAMIC_FP,168,125,1.5,2181.481,283.376,180.95,0.2143,HEALTHY,NONE,0,1,synthetic,semiconductor_synthetic,physics_RD_power_law,0.1
COMP-SYN-042-096,LOT-SYN-042,ISRO_MOCK,CMOS_LOGIC,HEX_INVERTER,CERAMIC_FP,0,125,1.5,2210.273,295.086,185.71,0.0,HEALTHY,NONE,0,1,synthetic,semiconductor_synthetic,physics_RD_power_law,0.1
COMP-SYN-042-096,LOT-SYN-042,ISRO_MOCK,CMOS_LOGIC,HEX_INVERTER,CERAMIC_FP,24,125,1.5,2228.805,299.154,195.6,0.1452,HEALTHY,NONE,0,1,synthetic,semiconductor_synthetic,physics_RD_power_law,0.1
COMP-SYN-042-096,LOT-SYN-042,ISRO_MOCK,CMOS_LOGIC,HEX_INVERTER,CERAMIC_FP,96,125,1.5,2188.255,300.037,200.77,0.1916,HEALTHY,NONE,0,1,synthetic,semiconductor_synthetic,physics_RD_power_law,0.1
COMP-SYN-042-096,LOT-SYN-042,ISRO_MOCK,CMOS_LOGIC,HEX_INVERTER,CERAMIC_FP,168,125,1.5,2180.422,296.829,197.0,0.2143,HEALTHY,NONE,0,1,synthetic,semiconductor_synthetic,physics_RD_power_law,0.1
COMP-SYN-042-097,LOT-SYN-042,ISRO_MOCK,CMOS_LOGIC,HEX_INVERTER,CERAMIC_FP,0,125,1.5,2074.405,274.52,192.51,0.0,HEALTHY,NONE,0,1,synthetic,semiconductor_synthetic,physics_RD_power_law,0.1
COMP-SYN-042-097,LOT-SYN-042,ISRO_MOCK,CMOS_LOGIC,HEX_INVERTER,CERAMIC_FP,24,125,1.5,2106.997,267.306,197.07,0.1452,HEALTHY,NONE,0,1,synthetic,semiconductor_synthetic,physics_RD_power_law,0.1
COMP-SYN-042-097,LOT-SYN-042,ISRO_MOCK,CMOS_LOGIC,HEX_INVERTER,CERAMIC_FP,96,125,1.5,2053.868,268.599,201.46,0.1916,HEALTHY,NONE,0,1,synthetic,semiconductor_synthetic,physics_RD_power_law,0.1
COMP-SYN-042-097,LOT-SYN-042,ISRO_MOCK,CMOS_LOGIC,HEX_INVERTER,CERAMIC_FP,168,125,1.5,2051.994,268.642,201.7,0.2143,HEALTHY,NONE,0,1,synthetic,semiconductor_synthetic,physics_RD_power_law,0.1
COMP-SYN-042-098,LOT-SYN-042,ISRO_MOCK,CMOS_LOGIC,HEX_INVERTER,CERAMIC_FP,0,125,1.5,2273.943,263.087,180.04,0.0,HEALTHY,NONE,0,1,synthetic,semiconductor_synthetic,physics_RD_power_law,0.1
COMP-SYN-042-098,LOT-SYN-042,ISRO_MOCK,CMOS_LOGIC,HEX_INVERTER,CERAMIC_FP,24,125,1.5,2213.649,266.436,184.66,0.1452,HEALTHY,NONE,0,1,synthetic,semiconductor_synthetic,physics_RD_power_law,0.1
COMP-SYN-042-098,LOT-SYN-042,ISRO_MOCK,CMOS_LOGIC,HEX_INVERTER,CERAMIC_FP,96,125,1.5,2276.166,263.259,185.94,0.1916,HEALTHY,NONE,0,1,synthetic,semiconductor_synthetic,physics_RD_power_law,0.1
COMP-SYN-042-098,LOT-SYN-042,ISRO_MOCK,CMOS_LOGIC,HEX_INVERTER,CERAMIC_FP,168,125,1.5,2252.174,265.369,186.48,0.2143,HEALTHY,NONE,0,1,synthetic,semiconductor_synthetic,physics_RD_power_law,0.1
COMP-SYN-042-099,LOT-SYN-042,ISRO_MOCK,CMOS_LOGIC,HEX_INVERTER,CERAMIC_FP,0,125,1.5,2194.618,288.5,191.81,0.0,HEALTHY,NONE,0,1,synthetic,semiconductor_synthetic,physics_RD_power_law,0.1
COMP-SYN-042-099,LOT-SYN-042,ISRO_MOCK,CMOS_LOGIC,HEX_INVERTER,CERAMIC_FP,24,125,1.5,2216.118,290.813,198.07,0.1452,HEALTHY,NONE,0,1,synthetic,semiconductor_synthetic,physics_RD_power_law,0.1
COMP-SYN-042-099,LOT-SYN-042,ISRO_MOCK,CMOS_LOGIC,HEX_INVERTER,CERAMIC_FP,96,125,1.5,2251.057,287.823,199.76,0.1916,HEALTHY,NONE,0,1,synthetic,semiconductor_synthetic,physics_RD_power_law,0.1
COMP-SYN-042-099,LOT-SYN-042,ISRO_MOCK,CMOS_LOGIC,HEX_INVERTER,CERAMIC_FP,168,125,1.5,2177.841,283.487,198.76,0.2143,HEALTHY,NONE,0,1,synthetic,semiconductor_synthetic,physics_RD_power_law,0.1
COMP-SYN-042-100,LOT-SYN-042,ISRO_MOCK,CMOS_LOGIC,HEX_INVERTER,CERAMIC_FP,0,125,1.5,3189.712,387.149,260.54,0.0,BORDERLINE,NONE,0,1,synthetic,semiconductor_synthetic,physics_RD_power_law,0.1
COMP-SYN-042-100,LOT-SYN-042,ISRO_MOCK,CMOS_LOGIC,HEX_INVERTER,CERAMIC_FP,24,125,1.5,3100.395,384.246,266.11,0.1452,BORDERLINE,NONE,0,1,synthetic,semiconductor_synthetic,physics_RD_power_law,0.1
COMP-SYN-042-100,LOT-SYN-042,ISRO_MOCK,CMOS_LOGIC,HEX_INVERTER,CERAMIC_FP,96,125,1.5,3144.063,379.18,271.99,0.1916,BORDERLINE,NONE,0,1,synthetic,semiconductor_synthetic,physics_RD_power_law,0.1
COMP-SYN-042-100,LOT-SYN-042,ISRO_MOCK,CMOS_LOGIC,HEX_INVERTER,CERAMIC_FP,168,125,1.5,3125.514,390.244,268.57,0.2143,BORDERLINE,NONE,0,1,synthetic,semiconductor_synthetic,physics_RD_power_law,0.1
